Workbook

Sheet Tracker
A1: MPE PACOM TO 32 Bridge – Deliverable Tracker
A2: PWS: Mission Partner Environment (MPE) Engineering Services for USPACOM | Contract 47QTCK-18-D-0017 | SOS International LLC | Follow-on to HC1047-18-D-0002 / HC1047-23-F0032
A3: Government POCs | C3: COR / Alternate COR / Property Administrator: see DITCO Additional Text G1 (not in this file). Acceptors below are carried over from the Thunderdome tracker – edit the lists on the Tracker tab.
A5: At a glance | C5: Overdue | D5: Due within 7 days | E5: Awaiting COR / J698 | F5: Fully accepted | G5: Returned: resubmit | H5: PWS paragraphs with no deliverable
C6: =COUNTIF('Daily Agenda'!$M$5:$M$231,"OVERDUE") -> 0 | D6: =COUNTIF('Daily Agenda'!$M$5:$M$231,"Due within 7 days") -> 0 | E6: =COUNTIF('Daily Agenda'!$M$5:$M$231,"Awaiting*") -> 0 | F6: =COUNTIF('Daily Agenda'!$M$5:$M$231,"Done") -> 0 | G6: =COUNTIF('Daily Agenda'!$M$5:$M$231,"Returned: resubmit") -> 0 | H6: =COUNTIF($I$9:$M$48,"None named*") -> 2
AB7: Lists (dropdown sources). Names you type into an Accepted By cell do not have to be on a list.
A8: Month | B8: Sub Task Number | C8: Paragraph / Section | D8: Frequency | E8: Category | F8: Primary POC | G8: Secondary POC | H8: Format of Deliverable | I8: Deliverable 1 | J8: Deliverable 2 | K8: Deliverable 3 | L8: Deliverable 4 | M8: Deliverable 5 | N8: Status Flow 1 | O8: Status Flow 2 | P8: Status Flow 3 | Q8: COR Accepted By | R8: COR Date Accepted | S8: J698 Accepted By | T8: J698 Date Accepted | AB8: Category | AC8: Status Flow 1 | AD8: Status Flow 2 | AE8: Status Flow 3 | AF8: Frequency | AG8: Month | AH8: COR Acceptors | AI8: J698 Acceptors
A9: Nov | B9: 6.1.1 | C9: Monthly Progress Report | D9: Monthly | E9: Program Mgmt | F9: Christine Y. Shigeta | G9: Brian Abrigo | H9: Mixed (see deliverables) | I9: B01 Monthly Progress Report (MPR) | J9: B02 90-Day Action Plan | K9: B03 Contractor Performance Report (CPR) | N9: Not Received | O9: Not Reviewed | AB9: Engineering | AC9: Received | AD9: Reviewed | AE9: Accepted | AF9: Weekly | AG9: Jan | AH9: Christine Y. Shigeta | AI9: J698
H10: Due / Frequency (per document) | I10: Due: 10th day of each month; if the 10th day falls on a weekend or holiday, submit on the first business day following Freq: Monthly, on 10th workday | J10: Due: 3 business days prior to the CPR meeting Freq: Final – 60 business days after award, and monthly updates thereafter Final plan: 60 business days after award (see Daily Agenda) Flag: CPR meeting date is not fixed in the PWS; 15th of the month assumed (settings). | K10: Due: Within 5 business days of a CPR meeting Freq: Monthly, within 5 business days after CPR Flag: Assumes CPR meeting on the day set in settings. | AB10: Operations | AC10: Not Received | AD10: Not Reviewed | AE10: Returned | AF10: Monthly | AG10: Feb | AH10: Brian Abrigo
A11: Nov | B11: 6.1.2 | C11: Weekly Activity Report | D11: Weekly | E11: Program Mgmt | F11: Christine Y. Shigeta | G11: Brian Abrigo | H11: MS Word | I11: B04 Weekly Activity Report (WAR) | N11: Not Received | O11: Not Reviewed | AB11: Program Mgmt | AD11: Demonstrated | AE11: Returned, but Fixed | AF11: Quarterly | AG11: Mar | AH11: Primary COR (DITCO G1)
H12: Due / Frequency (per document) | I12: Due: COB every Friday Freq: Friday Recurring weekly | AD12: Not Demonstrated | AF12: Annual | AG12: Apr | AH12: Alternate COR (DITCO G1)
A13: Nov | B13: 6.1.3 | C13: Transition-out Plan and Task Order Close Out | D13: One-Time | E13: Program Mgmt | F13: Christine Y. Shigeta | G13: Brian Abrigo | H13: MS Office Suite of Products | I13: B05 Transition- out Plan | N13: Not Received | O13: Not Reviewed | AF13: Daily (standing) | AG13: May
H14: Due / Frequency (per document) | I14: Due: 120 calendar days prior to the end of this task order Freq: 120 calendar days prior to the end of a Task Order Dates: see Daily Agenda (120 days before end) | AF14: One-Time | AG14: Jun
A15: Nov | B15: 6.2.1 | C15: System Engineering and Development Support | D15: As Needed | E15: Engineering | F15: Christine Y. Shigeta | G15: Brian Abrigo | H15: Mixed (see deliverables) | I15: B06 Technical Reports | J15: B07 Technical Presentations | K15: B08 Design Documentation | L15: B09 Software Documentation | M15: B10 Engineering Notes | N15: Not Received | O15: Not Reviewed | AF15: One-Time + Updates | AG15: Jul
H16: Due / Frequency (per document) | I16: Due: As specified in 90-day Action Plan Freq: As required by the COR and Government Project Lead | J16: Due: Drafts within three (3) business days of government requirement; Finals within three (3) business days of receipt of approved draft, with any markups, from Government Freq: Drafts within three (3) business days of Government requirement; Finals within three (3) business days of receipt of approved draft, with any markups, from Government | K16: Due: As specified in 90-day Action Plan Freq: As required by the COR and Government Project Lead | L16: Due: As specified in 90-day Action Plan Freq: As required by the COR and Government Project Lead | M16: Due: As specified in 90-day Action Plan Freq: As required by the COR and Government Project Lead | AF16: As Needed | AG16: Aug
A17: Nov | B17: 6.2.2 | C17: Installation and Operations Testing | D17: As Needed | E17: Operations | F17: Christine Y. Shigeta | G17: Brian Abrigo | H17: MS Office Suite of Products | I17: B11 Test Script | J17: B12 Test Report | K17: B13 COTS and GOTS Cost/Benefit Analysis | N17: Not Received | O17: Not Reviewed | AF17: Mixed (see due row) | AG17: Sep
H18: Due / Frequency (per document) | I18: Due: 30 business days before testing Freq: As required by the COR and Government Project Lead | J18: Due: 20 business days after testing is completed Freq: As required by the COR and Government Project Lead | K18: Due: As specified in 90 business days Action Plan Freq: As required by the COR and Government Project Lead | AF18: None named | AG18: Oct
A19: Nov | B19: 6.2.3 | C19: New System Capabilities Implementation and Support | D19: As Needed | E19: Engineering | F19: Christine Y. Shigeta | G19: Brian Abrigo | H19: MS Office Suite of Products | I19: B14 New Capabilities Demonstration Technical Report | N19: Not Received | O19: Not Reviewed | AG19: Nov
H20: Due / Frequency (per document) | I20: Due: 20 business days after demonstration is completed Freq: As required by the COR and Government Project Lead | AG20: Dec
A21: Nov | B21: 6.2.4 | C21: Technical System Software and Training Support | D21: As Needed | E21: Operations | F21: Christine Y. Shigeta | G21: Brian Abrigo | H21: MS Office Suite of Products | I21: B15 Training Materials | N21: Not Received | O21: Not Reviewed
H22: Due / Frequency (per document) | I22: Due: 30 business days before training delivery Freq: 30 days prior to any on- site, schoolhouse, or CBT
A23: Nov | B23: 6.2.5 | C23: Technical Documentation and Meeting Support | D23: Mixed (see due row) | E23: Engineering | F23: Christine Y. Shigeta | G23: Brian Abrigo | H23: MS Office Suite of Products | I23: B16 Technical Library Documentation Report | J23: B17 Technical Briefing/ Presentation | N23: Not Received | O23: Not Reviewed
H24: Due / Frequency (per document) | I24: Due: 10th day of each month; if the 10th day falls on a weekend or holiday, submit on the first business day following Freq: 10th day of each month | J24: Due: Drafts within three (3) business days of government requirement; Finals within three (3) business days of receipt of approved draft, with any markups, from Government Freq: Drafts within three (3) business days of Government requirement; Finals within three (3) business days of receipt of approved draft, with any markups, from Government
A25: Nov | B25: 6.2.6 | C25: Test and Evaluation / Verify and Validate | D25: As Needed | E25: Program Mgmt | F25: Christine Y. Shigeta | G25: Brian Abrigo | H25: Mixed (see deliverables) | I25: B18 Test and Evaluation V&V Report | J25: B19 Technical Procedures Documentation | K25: B20 Engineering Change Proposals (ECP) | L25: B21 Test Scenarios | M25: B22 Test Results | N25: Not Received | O25: Not Reviewed
H26: Due / Frequency (per document) | I26: Due: As specified in 90-day Action Plan Freq: As required by the COR and Government Project Lead | J26: Due: As specified in 90-day Action Plan Freq: As required by the COR and Government Project Lead | K26: Due: Within ten (10) business days of identified need as a result of testing or operational shortfalls Freq: Within ten (10) business days of identified need as a result of testing or operational shortfalls | L26: Due: 30 business days prior to a test event Freq: 30 business days prior to a test event | M26: Due: Within five (5) business days after a test event Freq: Within five (5) business days after a test event
A27: Nov | B27: 6.2.7 | C27: System and Software / Hardware Interface Req | D27: As Needed | E27: Engineering | F27: Christine Y. Shigeta | G27: Brian Abrigo | H27: Government format | I27: B23 Interface Control Document (ICD) | N27: Not Received | O27: Not Reviewed
H28: Due / Frequency (per document) | I28: Due: As specified in 90-day Action Plan Freq: As required by the COR and Government Project Lead
A29: Nov | B29: 6.2.8 | C29: Network Management | D29: As Needed | E29: Operations | F29: Christine Y. Shigeta | G29: Brian Abrigo | H29: Vendor format | I29: B24 Network Management. Technical Report | N29: Not Received | O29: Not Reviewed
H30: Due / Frequency (per document) | I30: Due: As specified in 90-day Action Plan Freq: As required by the COR and Government Project Lead
A31: Nov | B31: 6.2.9 | C31: Knowledge Management | D31: As Needed | E31: Program Mgmt | F31: Christine Y. Shigeta | G31: Brian Abrigo | H31: Vendor format | I31: B25 Knowledge Management Artifacts | N31: Not Received | O31: Not Reviewed
H32: Due / Frequency (per document) | I32: Due: Within five (5) business days of event Freq: Within five (5) business days of event
A33: Nov | B33: 6.2.10 | C33: Remote Field Services | D33: None named | E33: Program Mgmt | F33: Christine Y. Shigeta | G33: Brian Abrigo | H33: n/a | I33: None named in PWS
H34: Due / Frequency (per document) | I34: PWS requires Field Service Engineer management, operations and maintenance at theater bases (Hawaii, Japan, Guam, Korea, Alaska, Australia, CONUS). No deliverable in Section 11.
A35: Nov | B35: 6.3.1 | C35: Network Security Management | D35: Mixed (see due row) | E35: Engineering | F35: Christine Y. Shigeta | G35: Brian Abrigo | H35: Government format | I35: B26 Authorization and Accreditation (A&A) Packages | J35: B27 Network Security Test Procedures | K35: B28 Information Assurance Compliance Report | N35: Not Received | O35: Not Reviewed
H36: Due / Frequency (per document) | I36: Due: As required by the COR Freq: Monthly, if required by the COR and Government Project Lead Flag: Monthly only if the COR requires it. Mark N/A in months it is not required. | J36: Due: As specified in 90-day Action Plan Freq: As required by the COR and Government Project Lead | K36: Due: As specified in 90-day Action Plan Freq: As required by the COR and Government Project Lead
A37: Nov | B37: 6.3.2 | C37: Connections to Network | D37: Monthly | E37: Operations | F37: Christine Y. Shigeta | G37: Brian Abrigo | H37: MS Office Suite of Products | I37: B29 Network Installation / De-installation Report | N37: Not Received | O37: Not Reviewed
H38: Due / Frequency (per document) | I38: Due: As required by the COR Freq: Monthly, if required by the COR and Government Project Lead Flag: Monthly only if the COR requires it. Mark N/A in months it is not required.
A39: Nov | B39: 6.3.3 | C39: Touch Labor Services | D39: Monthly | E39: Operations | F39: Christine Y. Shigeta | G39: Brian Abrigo | H39: MS Office Suite of Products | I39: B30 IAVA Compliance Report | J39: B31 COMSEC Management Procedures Report | N39: Not Received | O39: Not Reviewed
H40: Due / Frequency (per document) | I40: Due: As part of the MPR Freq: Monthly | J40: Due: As required by the COR Freq: Monthly, if required by the COR Flag: Monthly only if the COR requires it. Mark N/A in months it is not required.
A41: Nov | B41: 6.3.4 | C41: Handling of Non-Public Information | D41: None named | E41: Operations | F41: Christine Y. Shigeta | G41: Brian Abrigo | H41: n/a | I41: None named in PWS
H42: Due / Frequency (per document) | I42: PWS requires protection of non-public DoD information (DoDI 8582.01). Duty only; no deliverable in Section 11.
A43: Nov | B43: 6.4.1 | C43: Operations (MPE Enterprise Mgmt) | D43: Mixed (see due row) | E43: Operations | F43: Christine Y. Shigeta | G43: Brian Abrigo | H43: MS Office Suite of Products | I43: B32 Technical Documentation & Report(s) | J43: B33 Trip Report | N43: Not Received | O43: Not Reviewed
H44: Due / Frequency (per document) | I44: Due: As required by the COR Freq: Monthly, if required by the COR Flag: Monthly only if the COR requires it. Mark N/A in months it is not required. | J44: Due: Within five (5) business days of event Freq: Within five (5) business days of event
A45: Nov | B45: 6.5.1 | C45: Customer Specific Requirements – Direct Support | D45: Weekly | E45: Operations | F45: Christine Y. Shigeta | G45: Brian Abrigo | H45: MS Word | I45: B34 Weekly Activity Report (WAR) | N45: Not Received | O45: Not Reviewed
H46: Due / Frequency (per document) | I46: Due: COB every Friday Freq: Friday Recurring weekly Flag: WAR is listed twice in Section 11 (6.1.2 and 6.5.1); both are tracked.
A47: Nov | B47: 16.c | C47: Non-Disclosure Agreement Report | D47: Monthly | E47: Program Mgmt | F47: Christine Y. Shigeta | G47: Brian Abrigo | H47: MS Office Suite of Products | I47: B35 Non-Disclosure Agreement Report | N47: Not Received | O47: Not Reviewed
H48: Due / Frequency (per document) | I48: Due: In accordance with the MPR schedule Freq: As part of the MPR
A50: Task rows record the two Government acceptances once per row. Recurring deliverables record them per period on the Weekly and Monthly tabs. Fully accepted = both dates filled in.

Sheet Weekly
A1: Weekly Deliverables – due every Friday (COB)
A2: PWS: Mission Partner Environment (MPE) Engineering Services for USPACOM | Contract 47QTCK-18-D-0017 | SOS International LLC | Follow-on to HC1047-18-D-0002 / HC1047-23-F0032
A4: ID | B4: Deliverable | C4: PWS ¶ | D4: Primary POC | E4: Secondary POC | F4: Record | G4: Fully accepted | H4: Overdue | I4: Wk 1 | J4: Wk 2 | K4: Wk 3 | L4: Wk 4 | M4: Wk 5 | N4: Wk 6 | O4: Wk 7 | P4: Wk 8 | Q4: Wk 9 | R4: Wk 10 | S4: Wk 11 | T4: Wk 12 | U4: Wk 13 | V4: Wk 14 | W4: Wk 15 | X4: Wk 16 | Y4: Wk 17 | Z4: Wk 18 | AA4: Wk 19 | AB4: Wk 20 | AC4: Wk 21 | AD4: Wk 22 | AE4: Wk 23 | AF4: Wk 24 | AG4: Wk 25 | AH4: Wk 26 | AI4: Wk 27 | AJ4: Wk 28 | AK4: Wk 29 | AL4: Wk 30 | AM4: Wk 31 | AN4: Wk 32 | AO4: Wk 33 | AP4: Wk 34 | AQ4: Wk 35 | AR4: Wk 36 | AS4: Wk 37 | AT4: Wk 38 | AU4: Wk 39 | AV4: Wk 40 | AW4: Wk 41 | AX4: Wk 42 | AY4: Wk 43 | AZ4: Wk 44 | BA4: Wk 45 | BB4: Wk 46 | BC4: Wk 47 | BD4: Wk 48 | BE4: Wk 49 | BF4: Wk 50 | BG4: Wk 51 | BH4: Wk 52
A5: B04 | B5: Weekly Activity Report (WAR) | C5: 6.1.2 | D5: Christine Y. Shigeta | E5: Brian Abrigo | F5: Due date | G5: =SUMPRODUCT((I8:BH8<>"")*(I10:BH10<>"")) -> 0 | H5: =SUMPRODUCT((I5:BH5<TODAY())*(((I6:BH6="")+(I6:BH6="In Progress"))>0)*(((I8:BH8="")+(I10:BH10=""))>0)) -> 0 | I5: =ClockStart+MOD(6-WEEKDAY(ClockStart),7)+0 -> 46332 | J5: =ClockStart+MOD(6-WEEKDAY(ClockStart),7)+7 -> 46339 | K5: =ClockStart+MOD(6-WEEKDAY(ClockStart),7)+14 -> 46346 | L5: =ClockStart+MOD(6-WEEKDAY(ClockStart),7)+21 -> 46353 | M5: =ClockStart+MOD(6-WEEKDAY(ClockStart),7)+28 -> 46360 | N5: =ClockStart+MOD(6-WEEKDAY(ClockStart),7)+35 -> 46367 | O5: =ClockStart+MOD(6-WEEKDAY(ClockStart),7)+42 -> 46374 | P5: =ClockStart+MOD(6-WEEKDAY(ClockStart),7)+49 -> 46381 | Q5: =ClockStart+MOD(6-WEEKDAY(ClockStart),7)+56 -> 46388 | R5: =ClockStart+MOD(6-WEEKDAY(ClockStart),7)+63 -> 46395 | S5: =ClockStart+MOD(6-WEEKDAY(ClockStart),7)+70 -> 46402 | T5: =ClockStart+MOD(6-WEEKDAY(ClockStart),7)+77 -> 46409 | U5: =ClockStart+MOD(6-WEEKDAY(ClockStart),7)+84 -> 46416 | V5: =ClockStart+MOD(6-WEEKDAY(ClockStart),7)+91 -> 46423 | W5: =ClockStart+MOD(6-WEEKDAY(ClockStart),7)+98 -> 46430 | X5: =ClockStart+MOD(6-WEEKDAY(ClockStart),7)+105 -> 46437 | Y5: =ClockStart+MOD(6-WEEKDAY(ClockStart),7)+112 -> 46444 | Z5: =ClockStart+MOD(6-WEEKDAY(ClockStart),7)+119 -> 46451 | AA5: =ClockStart+MOD(6-WEEKDAY(ClockStart),7)+126 -> 46458 | AB5: =ClockStart+MOD(6-WEEKDAY(ClockStart),7)+133 -> 46465 | AC5: =ClockStart+MOD(6-WEEKDAY(ClockStart),7)+140 -> 46472 | AD5: =ClockStart+MOD(6-WEEKDAY(ClockStart),7)+147 -> 46479 | AE5: =ClockStart+MOD(6-WEEKDAY(ClockStart),7)+154 -> 46486 | AF5: =ClockStart+MOD(6-WEEKDAY(ClockStart),7)+161 -> 46493 | AG5: =ClockStart+MOD(6-WEEKDAY(ClockStart),7)+168 -> 46500 | AH5: =ClockStart+MOD(6-WEEKDAY(ClockStart),7)+175 -> 46507 | AI5: =ClockStart+MOD(6-WEEKDAY(ClockStart),7)+182 -> 46514 | AJ5: =ClockStart+MOD(6-WEEKDAY(ClockStart),7)+189 -> 46521 | AK5: =ClockStart+MOD(6-WEEKDAY(ClockStart),7)+196 -> 46528 | AL5: =ClockStart+MOD(6-WEEKDAY(ClockStart),7)+203 -> 46535 | AM5: =ClockStart+MOD(6-WEEKDAY(ClockStart),7)+210 -> 46542 | AN5: =ClockStart+MOD(6-WEEKDAY(ClockStart),7)+217 -> 46549 | AO5: =ClockStart+MOD(6-WEEKDAY(ClockStart),7)+224 -> 46556 | AP5: =ClockStart+MOD(6-WEEKDAY(ClockStart),7)+231 -> 46563 | AQ5: =ClockStart+MOD(6-WEEKDAY(ClockStart),7)+238 -> 46570 | AR5: =ClockStart+MOD(6-WEEKDAY(ClockStart),7)+245 -> 46577 | AS5: =ClockStart+MOD(6-WEEKDAY(ClockStart),7)+252 -> 46584 | AT5: =ClockStart+MOD(6-WEEKDAY(ClockStart),7)+259 -> 46591 | AU5: =ClockStart+MOD(6-WEEKDAY(ClockStart),7)+266 -> 46598 | AV5: =ClockStart+MOD(6-WEEKDAY(ClockStart),7)+273 -> 46605 | AW5: =ClockStart+MOD(6-WEEKDAY(ClockStart),7)+280 -> 46612 | AX5: =ClockStart+MOD(6-WEEKDAY(ClockStart),7)+287 -> 46619 | AY5: =ClockStart+MOD(6-WEEKDAY(ClockStart),7)+294 -> 46626 | AZ5: =ClockStart+MOD(6-WEEKDAY(ClockStart),7)+301 -> 46633 | BA5: =ClockStart+MOD(6-WEEKDAY(ClockStart),7)+308 -> 46640 | BB5: =ClockStart+MOD(6-WEEKDAY(ClockStart),7)+315 -> 46647 | BC5: =ClockStart+MOD(6-WEEKDAY(ClockStart),7)+322 -> 46654 | BD5: =ClockStart+MOD(6-WEEKDAY(ClockStart),7)+329 -> 46661 | BE5: =ClockStart+MOD(6-WEEKDAY(ClockStart),7)+336 -> 46668 | BF5: =ClockStart+MOD(6-WEEKDAY(ClockStart),7)+343 -> 46675 | BG5: =ClockStart+MOD(6-WEEKDAY(ClockStart),7)+350 -> 46682 | BH5: =ClockStart+MOD(6-WEEKDAY(ClockStart),7)+357 -> 46689
F6: Status
F7: COR accepted by
F8: COR date accepted
F9: J698 accepted by
F10: J698 date accepted
F11: Result | I11: =IF(AND(I8<>"",I10<>""),"Fully accepted",IF(I8<>"","COR only",IF(I10<>"","J698 only",""))) | J11: =IF(AND(J8<>"",J10<>""),"Fully accepted",IF(J8<>"","COR only",IF(J10<>"","J698 only",""))) | K11: =IF(AND(K8<>"",K10<>""),"Fully accepted",IF(K8<>"","COR only",IF(K10<>"","J698 only",""))) | L11: =IF(AND(L8<>"",L10<>""),"Fully accepted",IF(L8<>"","COR only",IF(L10<>"","J698 only",""))) | M11: =IF(AND(M8<>"",M10<>""),"Fully accepted",IF(M8<>"","COR only",IF(M10<>"","J698 only",""))) | N11: =IF(AND(N8<>"",N10<>""),"Fully accepted",IF(N8<>"","COR only",IF(N10<>"","J698 only",""))) | O11: =IF(AND(O8<>"",O10<>""),"Fully accepted",IF(O8<>"","COR only",IF(O10<>"","J698 only",""))) | P11: =IF(AND(P8<>"",P10<>""),"Fully accepted",IF(P8<>"","COR only",IF(P10<>"","J698 only",""))) | ... BH11: =IF(AND(BH8<>"",BH10<>""),"Fully accepted",IF(BH8<>"","COR only",IF(BH10<>"","J698 only","")))
A12: B34 | B12: Weekly Activity Report (WAR) | C12: 6.5.1 | D12: Christine Y. Shigeta | E12: Brian Abrigo | F12: Due date | G12: =SUMPRODUCT((I15:BH15<>"")*(I17:BH17<>"")) -> 0 | H12: =SUMPRODUCT((I12:BH12<TODAY())*(((I13:BH13="")+(I13:BH13="In Progress"))>0)*(((I15:BH15="")+(I17:BH17=""))>0)) -> 0 | I12: =ClockStart+MOD(6-WEEKDAY(ClockStart),7)+0 -> 46332 | J12: =ClockStart+MOD(6-WEEKDAY(ClockStart),7)+7 -> 46339 | K12: =ClockStart+MOD(6-WEEKDAY(ClockStart),7)+14 -> 46346 | L12: =ClockStart+MOD(6-WEEKDAY(ClockStart),7)+21 -> 46353 | M12: =ClockStart+MOD(6-WEEKDAY(ClockStart),7)+28 -> 46360 | N12: =ClockStart+MOD(6-WEEKDAY(ClockStart),7)+35 -> 46367 | O12: =ClockStart+MOD(6-WEEKDAY(ClockStart),7)+42 -> 46374 | P12: =ClockStart+MOD(6-WEEKDAY(ClockStart),7)+49 -> 46381 | Q12: =ClockStart+MOD(6-WEEKDAY(ClockStart),7)+56 -> 46388 | R12: =ClockStart+MOD(6-WEEKDAY(ClockStart),7)+63 -> 46395 | S12: =ClockStart+MOD(6-WEEKDAY(ClockStart),7)+70 -> 46402 | T12: =ClockStart+MOD(6-WEEKDAY(ClockStart),7)+77 -> 46409 | U12: =ClockStart+MOD(6-WEEKDAY(ClockStart),7)+84 -> 46416 | V12: =ClockStart+MOD(6-WEEKDAY(ClockStart),7)+91 -> 46423 | W12: =ClockStart+MOD(6-WEEKDAY(ClockStart),7)+98 -> 46430 | X12: =ClockStart+MOD(6-WEEKDAY(ClockStart),7)+105 -> 46437 | Y12: =ClockStart+MOD(6-WEEKDAY(ClockStart),7)+112 -> 46444 | Z12: =ClockStart+MOD(6-WEEKDAY(ClockStart),7)+119 -> 46451 | AA12: =ClockStart+MOD(6-WEEKDAY(ClockStart),7)+126 -> 46458 | AB12: =ClockStart+MOD(6-WEEKDAY(ClockStart),7)+133 -> 46465 | AC12: =ClockStart+MOD(6-WEEKDAY(ClockStart),7)+140 -> 46472 | AD12: =ClockStart+MOD(6-WEEKDAY(ClockStart),7)+147 -> 46479 | AE12: =ClockStart+MOD(6-WEEKDAY(ClockStart),7)+154 -> 46486 | AF12: =ClockStart+MOD(6-WEEKDAY(ClockStart),7)+161 -> 46493 | AG12: =ClockStart+MOD(6-WEEKDAY(ClockStart),7)+168 -> 46500 | AH12: =ClockStart+MOD(6-WEEKDAY(ClockStart),7)+175 -> 46507 | AI12: =ClockStart+MOD(6-WEEKDAY(ClockStart),7)+182 -> 46514 | AJ12: =ClockStart+MOD(6-WEEKDAY(ClockStart),7)+189 -> 46521 | AK12: =ClockStart+MOD(6-WEEKDAY(ClockStart),7)+196 -> 46528 | AL12: =ClockStart+MOD(6-WEEKDAY(ClockStart),7)+203 -> 46535 | AM12: =ClockStart+MOD(6-WEEKDAY(ClockStart),7)+210 -> 46542 | AN12: =ClockStart+MOD(6-WEEKDAY(ClockStart),7)+217 -> 46549 | AO12: =ClockStart+MOD(6-WEEKDAY(ClockStart),7)+224 -> 46556 | AP12: =ClockStart+MOD(6-WEEKDAY(ClockStart),7)+231 -> 46563 | AQ12: =ClockStart+MOD(6-WEEKDAY(ClockStart),7)+238 -> 46570 | AR12: =ClockStart+MOD(6-WEEKDAY(ClockStart),7)+245 -> 46577 | AS12: =ClockStart+MOD(6-WEEKDAY(ClockStart),7)+252 -> 46584 | AT12: =ClockStart+MOD(6-WEEKDAY(ClockStart),7)+259 -> 46591 | AU12: =ClockStart+MOD(6-WEEKDAY(ClockStart),7)+266 -> 46598 | AV12: =ClockStart+MOD(6-WEEKDAY(ClockStart),7)+273 -> 46605 | AW12: =ClockStart+MOD(6-WEEKDAY(ClockStart),7)+280 -> 46612 | AX12: =ClockStart+MOD(6-WEEKDAY(ClockStart),7)+287 -> 46619 | AY12: =ClockStart+MOD(6-WEEKDAY(ClockStart),7)+294 -> 46626 | AZ12: =ClockStart+MOD(6-WEEKDAY(ClockStart),7)+301 -> 46633 | BA12: =ClockStart+MOD(6-WEEKDAY(ClockStart),7)+308 -> 46640 | BB12: =ClockStart+MOD(6-WEEKDAY(ClockStart),7)+315 -> 46647 | BC12: =ClockStart+MOD(6-WEEKDAY(ClockStart),7)+322 -> 46654 | BD12: =ClockStart+MOD(6-WEEKDAY(ClockStart),7)+329 -> 46661 | BE12: =ClockStart+MOD(6-WEEKDAY(ClockStart),7)+336 -> 46668 | BF12: =ClockStart+MOD(6-WEEKDAY(ClockStart),7)+343 -> 46675 | BG12: =ClockStart+MOD(6-WEEKDAY(ClockStart),7)+350 -> 46682 | BH12: =ClockStart+MOD(6-WEEKDAY(ClockStart),7)+357 -> 46689
F13: Status
F14: COR accepted by
F15: COR date accepted
F16: J698 accepted by
F17: J698 date accepted
F18: Result | I18: =IF(AND(I15<>"",I17<>""),"Fully accepted",IF(I15<>"","COR only",IF(I17<>"","J698 only",""))) | J18: =IF(AND(J15<>"",J17<>""),"Fully accepted",IF(J15<>"","COR only",IF(J17<>"","J698 only",""))) | K18: =IF(AND(K15<>"",K17<>""),"Fully accepted",IF(K15<>"","COR only",IF(K17<>"","J698 only",""))) | L18: =IF(AND(L15<>"",L17<>""),"Fully accepted",IF(L15<>"","COR only",IF(L17<>"","J698 only",""))) | M18: =IF(AND(M15<>"",M17<>""),"Fully accepted",IF(M15<>"","COR only",IF(M17<>"","J698 only",""))) | N18: =IF(AND(N15<>"",N17<>""),"Fully accepted",IF(N15<>"","COR only",IF(N17<>"","J698 only",""))) | O18: =IF(AND(O15<>"",O17<>""),"Fully accepted",IF(O15<>"","COR only",IF(O17<>"","J698 only",""))) | P18: =IF(AND(P15<>"",P17<>""),"Fully accepted",IF(P15<>"","COR only",IF(P17<>"","J698 only",""))) | ... BH18: =IF(AND(BH15<>"",BH17<>""),"Fully accepted",IF(BH15<>"","COR only",IF(BH17<>"","J698 only","")))
B20: Set Status, then record who accepted it and when. Friday COB is explicit in the PWS (Section 11).

Sheet Monthly
A1: Monthly Deliverables – MPR and companion items
A2: PWS: Mission Partner Environment (MPE) Engineering Services for USPACOM | Contract 47QTCK-18-D-0017 | SOS International LLC | Follow-on to HC1047-18-D-0002 / HC1047-23-F0032
A4: ID | B4: Deliverable | C4: PWS ¶ | D4: Primary POC | E4: Secondary POC | F4: Record | G4: Fully accepted | H4: Overdue | I4: =EDATE(DATE(YEAR(ClockStart),MONTH(ClockStart),1),0) -> 46327 | J4: =EDATE(DATE(YEAR(ClockStart),MONTH(ClockStart),1),1) -> 46357 | K4: =EDATE(DATE(YEAR(ClockStart),MONTH(ClockStart),1),2) -> 46388 | L4: =EDATE(DATE(YEAR(ClockStart),MONTH(ClockStart),1),3) -> 46419 | M4: =EDATE(DATE(YEAR(ClockStart),MONTH(ClockStart),1),4) -> 46447 | N4: =EDATE(DATE(YEAR(ClockStart),MONTH(ClockStart),1),5) -> 46478 | O4: =EDATE(DATE(YEAR(ClockStart),MONTH(ClockStart),1),6) -> 46508 | P4: =EDATE(DATE(YEAR(ClockStart),MONTH(ClockStart),1),7) -> 46539 | Q4: =EDATE(DATE(YEAR(ClockStart),MONTH(ClockStart),1),8) -> 46569 | R4: =EDATE(DATE(YEAR(ClockStart),MONTH(ClockStart),1),9) -> 46600 | S4: =EDATE(DATE(YEAR(ClockStart),MONTH(ClockStart),1),10) -> 46631 | T4: =EDATE(DATE(YEAR(ClockStart),MONTH(ClockStart),1),11) -> 46661
A5: B01 | B5: Monthly Progress Report (MPR) | C5: 6.1.1 | D5: Christine Y. Shigeta | E5: Brian Abrigo | F5: Due date | G5: =SUMPRODUCT((I8:T8<>"")*(I10:T10<>"")) -> 0 | H5: =SUMPRODUCT((I5:T5<TODAY())*(((I6:T6="")+(I6:T6="In Progress"))>0)*(((I8:T8="")+(I10:T10=""))>0)) -> 0 | I5: =WORKDAY(DATE(YEAR(I$4),MONTH(I$4)+1,10)-1,1) -> 46366 | J5: =WORKDAY(DATE(YEAR(J$4),MONTH(J$4)+1,10)-1,1) -> 46398 | K5: =WORKDAY(DATE(YEAR(K$4),MONTH(K$4)+1,10)-1,1) -> 46428 | L5: =WORKDAY(DATE(YEAR(L$4),MONTH(L$4)+1,10)-1,1) -> 46456 | M5: =WORKDAY(DATE(YEAR(M$4),MONTH(M$4)+1,10)-1,1) -> 46489 | N5: =WORKDAY(DATE(YEAR(N$4),MONTH(N$4)+1,10)-1,1) -> 46517 | O5: =WORKDAY(DATE(YEAR(O$4),MONTH(O$4)+1,10)-1,1) -> 46548 | P5: =WORKDAY(DATE(YEAR(P$4),MONTH(P$4)+1,10)-1,1) -> 46580 | ... T5: =WORKDAY(DATE(YEAR(T$4),MONTH(T$4)+1,10)-1,1) -> 46701
F6: Status
F7: COR accepted by
F8: COR date accepted
F9: J698 accepted by
F10: J698 date accepted
F11: Result | I11: =IF(AND(I8<>"",I10<>""),"Fully accepted",IF(I8<>"","COR only",IF(I10<>"","J698 only",""))) | J11: =IF(AND(J8<>"",J10<>""),"Fully accepted",IF(J8<>"","COR only",IF(J10<>"","J698 only",""))) | K11: =IF(AND(K8<>"",K10<>""),"Fully accepted",IF(K8<>"","COR only",IF(K10<>"","J698 only",""))) | L11: =IF(AND(L8<>"",L10<>""),"Fully accepted",IF(L8<>"","COR only",IF(L10<>"","J698 only",""))) | M11: =IF(AND(M8<>"",M10<>""),"Fully accepted",IF(M8<>"","COR only",IF(M10<>"","J698 only",""))) | N11: =IF(AND(N8<>"",N10<>""),"Fully accepted",IF(N8<>"","COR only",IF(N10<>"","J698 only",""))) | O11: =IF(AND(O8<>"",O10<>""),"Fully accepted",IF(O8<>"","COR only",IF(O10<>"","J698 only",""))) | P11: =IF(AND(P8<>"",P10<>""),"Fully accepted",IF(P8<>"","COR only",IF(P10<>"","J698 only",""))) | ... T11: =IF(AND(T8<>"",T10<>""),"Fully accepted",IF(T8<>"","COR only",IF(T10<>"","J698 only","")))
A12: B02 | B12: 90-Day Action Plan | C12: 6.1.1 | D12: Christine Y. Shigeta | E12: Brian Abrigo | F12: Due date | G12: =SUMPRODUCT((I15:T15<>"")*(I17:T17<>"")) -> 0 | H12: =SUMPRODUCT((I12:T12<TODAY())*(((I13:T13="")+(I13:T13="In Progress"))>0)*(((I15:T15="")+(I17:T17=""))>0)) -> 0 | I12: =WORKDAY(DATE(YEAR(I$4),MONTH(I$4)+1,CPRDay),-3) -> 46366 | J12: =WORKDAY(DATE(YEAR(J$4),MONTH(J$4)+1,CPRDay),-3) -> 46399 | K12: =WORKDAY(DATE(YEAR(K$4),MONTH(K$4)+1,CPRDay),-3) -> 46428 | L12: =WORKDAY(DATE(YEAR(L$4),MONTH(L$4)+1,CPRDay),-3) -> 46456 | M12: =WORKDAY(DATE(YEAR(M$4),MONTH(M$4)+1,CPRDay),-3) -> 46489 | N12: =WORKDAY(DATE(YEAR(N$4),MONTH(N$4)+1,CPRDay),-3) -> 46519 | O12: =WORKDAY(DATE(YEAR(O$4),MONTH(O$4)+1,CPRDay),-3) -> 46548 | P12: =WORKDAY(DATE(YEAR(P$4),MONTH(P$4)+1,CPRDay),-3) -> 46580 | ... T12: =WORKDAY(DATE(YEAR(T$4),MONTH(T$4)+1,CPRDay),-3) -> 46701
F13: Status
F14: COR accepted by
F15: COR date accepted
F16: J698 accepted by
F17: J698 date accepted
F18: Result | I18: =IF(AND(I15<>"",I17<>""),"Fully accepted",IF(I15<>"","COR only",IF(I17<>"","J698 only",""))) | J18: =IF(AND(J15<>"",J17<>""),"Fully accepted",IF(J15<>"","COR only",IF(J17<>"","J698 only",""))) | K18: =IF(AND(K15<>"",K17<>""),"Fully accepted",IF(K15<>"","COR only",IF(K17<>"","J698 only",""))) | L18: =IF(AND(L15<>"",L17<>""),"Fully accepted",IF(L15<>"","COR only",IF(L17<>"","J698 only",""))) | M18: =IF(AND(M15<>"",M17<>""),"Fully accepted",IF(M15<>"","COR only",IF(M17<>"","J698 only",""))) | N18: =IF(AND(N15<>"",N17<>""),"Fully accepted",IF(N15<>"","COR only",IF(N17<>"","J698 only",""))) | O18: =IF(AND(O15<>"",O17<>""),"Fully accepted",IF(O15<>"","COR only",IF(O17<>"","J698 only",""))) | P18: =IF(AND(P15<>"",P17<>""),"Fully accepted",IF(P15<>"","COR only",IF(P17<>"","J698 only",""))) | ... T18: =IF(AND(T15<>"",T17<>""),"Fully accepted",IF(T15<>"","COR only",IF(T17<>"","J698 only","")))
A19: B03 | B19: Contractor Performance Report (CPR) | C19: 6.1.1 | D19: Christine Y. Shigeta | E19: Brian Abrigo | F19: Due date | G19: =SUMPRODUCT((I22:T22<>"")*(I24:T24<>"")) -> 0 | H19: =SUMPRODUCT((I19:T19<TODAY())*(((I20:T20="")+(I20:T20="In Progress"))>0)*(((I22:T22="")+(I24:T24=""))>0)) -> 0 | I19: =WORKDAY(DATE(YEAR(I$4),MONTH(I$4)+1,CPRDay),5) -> 46378 | J19: =WORKDAY(DATE(YEAR(J$4),MONTH(J$4)+1,CPRDay),5) -> 46409 | K19: =WORKDAY(DATE(YEAR(K$4),MONTH(K$4)+1,CPRDay),5) -> 46440 | L19: =WORKDAY(DATE(YEAR(L$4),MONTH(L$4)+1,CPRDay),5) -> 46468 | M19: =WORKDAY(DATE(YEAR(M$4),MONTH(M$4)+1,CPRDay),5) -> 46499 | N19: =WORKDAY(DATE(YEAR(N$4),MONTH(N$4)+1,CPRDay),5) -> 46528 | O19: =WORKDAY(DATE(YEAR(O$4),MONTH(O$4)+1,CPRDay),5) -> 46560 | P19: =WORKDAY(DATE(YEAR(P$4),MONTH(P$4)+1,CPRDay),5) -> 46590 | ... T19: =WORKDAY(DATE(YEAR(T$4),MONTH(T$4)+1,CPRDay),5) -> 46713
F20: Status
F21: COR accepted by
F22: COR date accepted
F23: J698 accepted by
F24: J698 date accepted
F25: Result | I25: =IF(AND(I22<>"",I24<>""),"Fully accepted",IF(I22<>"","COR only",IF(I24<>"","J698 only",""))) | J25: =IF(AND(J22<>"",J24<>""),"Fully accepted",IF(J22<>"","COR only",IF(J24<>"","J698 only",""))) | K25: =IF(AND(K22<>"",K24<>""),"Fully accepted",IF(K22<>"","COR only",IF(K24<>"","J698 only",""))) | L25: =IF(AND(L22<>"",L24<>""),"Fully accepted",IF(L22<>"","COR only",IF(L24<>"","J698 only",""))) | M25: =IF(AND(M22<>"",M24<>""),"Fully accepted",IF(M22<>"","COR only",IF(M24<>"","J698 only",""))) | N25: =IF(AND(N22<>"",N24<>""),"Fully accepted",IF(N22<>"","COR only",IF(N24<>"","J698 only",""))) | O25: =IF(AND(O22<>"",O24<>""),"Fully accepted",IF(O22<>"","COR only",IF(O24<>"","J698 only",""))) | P25: =IF(AND(P22<>"",P24<>""),"Fully accepted",IF(P22<>"","COR only",IF(P24<>"","J698 only",""))) | ... T25: =IF(AND(T22<>"",T24<>""),"Fully accepted",IF(T22<>"","COR only",IF(T24<>"","J698 only","")))
A26: B16 | B26: Technical Library Documentation Report | C26: 6.2.5 | D26: Christine Y. Shigeta | E26: Brian Abrigo | F26: Due date | G26: =SUMPRODUCT((I29:T29<>"")*(I31:T31<>"")) -> 0 | H26: =SUMPRODUCT((I26:T26<TODAY())*(((I27:T27="")+(I27:T27="In Progress"))>0)*(((I29:T29="")+(I31:T31=""))>0)) -> 0 | I26: =WORKDAY(DATE(YEAR(I$4),MONTH(I$4)+1,10)-1,1) -> 46366 | J26: =WORKDAY(DATE(YEAR(J$4),MONTH(J$4)+1,10)-1,1) -> 46398 | K26: =WORKDAY(DATE(YEAR(K$4),MONTH(K$4)+1,10)-1,1) -> 46428 | L26: =WORKDAY(DATE(YEAR(L$4),MONTH(L$4)+1,10)-1,1) -> 46456 | M26: =WORKDAY(DATE(YEAR(M$4),MONTH(M$4)+1,10)-1,1) -> 46489 | N26: =WORKDAY(DATE(YEAR(N$4),MONTH(N$4)+1,10)-1,1) -> 46517 | O26: =WORKDAY(DATE(YEAR(O$4),MONTH(O$4)+1,10)-1,1) -> 46548 | P26: =WORKDAY(DATE(YEAR(P$4),MONTH(P$4)+1,10)-1,1) -> 46580 | ... T26: =WORKDAY(DATE(YEAR(T$4),MONTH(T$4)+1,10)-1,1) -> 46701
F27: Status
F28: COR accepted by
F29: COR date accepted
F30: J698 accepted by
F31: J698 date accepted
F32: Result | I32: =IF(AND(I29<>"",I31<>""),"Fully accepted",IF(I29<>"","COR only",IF(I31<>"","J698 only",""))) | J32: =IF(AND(J29<>"",J31<>""),"Fully accepted",IF(J29<>"","COR only",IF(J31<>"","J698 only",""))) | K32: =IF(AND(K29<>"",K31<>""),"Fully accepted",IF(K29<>"","COR only",IF(K31<>"","J698 only",""))) | L32: =IF(AND(L29<>"",L31<>""),"Fully accepted",IF(L29<>"","COR only",IF(L31<>"","J698 only",""))) | M32: =IF(AND(M29<>"",M31<>""),"Fully accepted",IF(M29<>"","COR only",IF(M31<>"","J698 only",""))) | N32: =IF(AND(N29<>"",N31<>""),"Fully accepted",IF(N29<>"","COR only",IF(N31<>"","J698 only",""))) | O32: =IF(AND(O29<>"",O31<>""),"Fully accepted",IF(O29<>"","COR only",IF(O31<>"","J698 only",""))) | P32: =IF(AND(P29<>"",P31<>""),"Fully accepted",IF(P29<>"","COR only",IF(P31<>"","J698 only",""))) | ... T32: =IF(AND(T29<>"",T31<>""),"Fully accepted",IF(T29<>"","COR only",IF(T31<>"","J698 only","")))
A33: B26 | B33: Authorization and Accreditation (A&A) Packages | C33: 6.3.1 | D33: Christine Y. Shigeta | E33: Brian Abrigo | F33: Due date | G33: =SUMPRODUCT((I36:T36<>"")*(I38:T38<>"")) -> 0 | H33: =SUMPRODUCT((I33:T33<TODAY())*(((I34:T34="")+(I34:T34="In Progress"))>0)*(((I36:T36="")+(I38:T38=""))>0)) -> 0 | I33: =WORKDAY(DATE(YEAR(I$4),MONTH(I$4)+1,10)-1,1) -> 46366 | J33: =WORKDAY(DATE(YEAR(J$4),MONTH(J$4)+1,10)-1,1) -> 46398 | K33: =WORKDAY(DATE(YEAR(K$4),MONTH(K$4)+1,10)-1,1) -> 46428 | L33: =WORKDAY(DATE(YEAR(L$4),MONTH(L$4)+1,10)-1,1) -> 46456 | M33: =WORKDAY(DATE(YEAR(M$4),MONTH(M$4)+1,10)-1,1) -> 46489 | N33: =WORKDAY(DATE(YEAR(N$4),MONTH(N$4)+1,10)-1,1) -> 46517 | O33: =WORKDAY(DATE(YEAR(O$4),MONTH(O$4)+1,10)-1,1) -> 46548 | P33: =WORKDAY(DATE(YEAR(P$4),MONTH(P$4)+1,10)-1,1) -> 46580 | ... T33: =WORKDAY(DATE(YEAR(T$4),MONTH(T$4)+1,10)-1,1) -> 46701
F34: Status
F35: COR accepted by
F36: COR date accepted
F37: J698 accepted by
F38: J698 date accepted
F39: Result | I39: =IF(AND(I36<>"",I38<>""),"Fully accepted",IF(I36<>"","COR only",IF(I38<>"","J698 only",""))) | J39: =IF(AND(J36<>"",J38<>""),"Fully accepted",IF(J36<>"","COR only",IF(J38<>"","J698 only",""))) | K39: =IF(AND(K36<>"",K38<>""),"Fully accepted",IF(K36<>"","COR only",IF(K38<>"","J698 only",""))) | L39: =IF(AND(L36<>"",L38<>""),"Fully accepted",IF(L36<>"","COR only",IF(L38<>"","J698 only",""))) | M39: =IF(AND(M36<>"",M38<>""),"Fully accepted",IF(M36<>"","COR only",IF(M38<>"","J698 only",""))) | N39: =IF(AND(N36<>"",N38<>""),"Fully accepted",IF(N36<>"","COR only",IF(N38<>"","J698 only",""))) | O39: =IF(AND(O36<>"",O38<>""),"Fully accepted",IF(O36<>"","COR only",IF(O38<>"","J698 only",""))) | P39: =IF(AND(P36<>"",P38<>""),"Fully accepted",IF(P36<>"","COR only",IF(P38<>"","J698 only",""))) | ... T39: =IF(AND(T36<>"",T38<>""),"Fully accepted",IF(T36<>"","COR only",IF(T38<>"","J698 only","")))
A40: B29 | B40: Network Installation / De-installation Report | C40: 6.3.2 | D40: Christine Y. Shigeta | E40: Brian Abrigo | F40: Due date | G40: =SUMPRODUCT((I43:T43<>"")*(I45:T45<>"")) -> 0 | H40: =SUMPRODUCT((I40:T40<TODAY())*(((I41:T41="")+(I41:T41="In Progress"))>0)*(((I43:T43="")+(I45:T45=""))>0)) -> 0 | I40: =WORKDAY(DATE(YEAR(I$4),MONTH(I$4)+1,10)-1,1) -> 46366 | J40: =WORKDAY(DATE(YEAR(J$4),MONTH(J$4)+1,10)-1,1) -> 46398 | K40: =WORKDAY(DATE(YEAR(K$4),MONTH(K$4)+1,10)-1,1) -> 46428 | L40: =WORKDAY(DATE(YEAR(L$4),MONTH(L$4)+1,10)-1,1) -> 46456 | M40: =WORKDAY(DATE(YEAR(M$4),MONTH(M$4)+1,10)-1,1) -> 46489 | N40: =WORKDAY(DATE(YEAR(N$4),MONTH(N$4)+1,10)-1,1) -> 46517 | O40: =WORKDAY(DATE(YEAR(O$4),MONTH(O$4)+1,10)-1,1) -> 46548 | P40: =WORKDAY(DATE(YEAR(P$4),MONTH(P$4)+1,10)-1,1) -> 46580 | ... T40: =WORKDAY(DATE(YEAR(T$4),MONTH(T$4)+1,10)-1,1) -> 46701
F41: Status
F42: COR accepted by
F43: COR date accepted
F44: J698 accepted by
F45: J698 date accepted
F46: Result | I46: =IF(AND(I43<>"",I45<>""),"Fully accepted",IF(I43<>"","COR only",IF(I45<>"","J698 only",""))) | J46: =IF(AND(J43<>"",J45<>""),"Fully accepted",IF(J43<>"","COR only",IF(J45<>"","J698 only",""))) | K46: =IF(AND(K43<>"",K45<>""),"Fully accepted",IF(K43<>"","COR only",IF(K45<>"","J698 only",""))) | L46: =IF(AND(L43<>"",L45<>""),"Fully accepted",IF(L43<>"","COR only",IF(L45<>"","J698 only",""))) | M46: =IF(AND(M43<>"",M45<>""),"Fully accepted",IF(M43<>"","COR only",IF(M45<>"","J698 only",""))) | N46: =IF(AND(N43<>"",N45<>""),"Fully accepted",IF(N43<>"","COR only",IF(N45<>"","J698 only",""))) | O46: =IF(AND(O43<>"",O45<>""),"Fully accepted",IF(O43<>"","COR only",IF(O45<>"","J698 only",""))) | P46: =IF(AND(P43<>"",P45<>""),"Fully accepted",IF(P43<>"","COR only",IF(P45<>"","J698 only",""))) | ... T46: =IF(AND(T43<>"",T45<>""),"Fully accepted",IF(T43<>"","COR only",IF(T45<>"","J698 only","")))
A47: B30 | B47: IAVA Compliance Report | C47: 6.3.3 | D47: Christine Y. Shigeta | E47: Brian Abrigo | F47: Due date | G47: =SUMPRODUCT((I50:T50<>"")*(I52:T52<>"")) -> 0 | H47: =SUMPRODUCT((I47:T47<TODAY())*(((I48:T48="")+(I48:T48="In Progress"))>0)*(((I50:T50="")+(I52:T52=""))>0)) -> 0 | I47: =WORKDAY(DATE(YEAR(I$4),MONTH(I$4)+1,10)-1,1) -> 46366 | J47: =WORKDAY(DATE(YEAR(J$4),MONTH(J$4)+1,10)-1,1) -> 46398 | K47: =WORKDAY(DATE(YEAR(K$4),MONTH(K$4)+1,10)-1,1) -> 46428 | L47: =WORKDAY(DATE(YEAR(L$4),MONTH(L$4)+1,10)-1,1) -> 46456 | M47: =WORKDAY(DATE(YEAR(M$4),MONTH(M$4)+1,10)-1,1) -> 46489 | N47: =WORKDAY(DATE(YEAR(N$4),MONTH(N$4)+1,10)-1,1) -> 46517 | O47: =WORKDAY(DATE(YEAR(O$4),MONTH(O$4)+1,10)-1,1) -> 46548 | P47: =WORKDAY(DATE(YEAR(P$4),MONTH(P$4)+1,10)-1,1) -> 46580 | ... T47: =WORKDAY(DATE(YEAR(T$4),MONTH(T$4)+1,10)-1,1) -> 46701
F48: Status
F49: COR accepted by
F50: COR date accepted
F51: J698 accepted by
F52: J698 date accepted
F53: Result | I53: =IF(AND(I50<>"",I52<>""),"Fully accepted",IF(I50<>"","COR only",IF(I52<>"","J698 only",""))) | J53: =IF(AND(J50<>"",J52<>""),"Fully accepted",IF(J50<>"","COR only",IF(J52<>"","J698 only",""))) | K53: =IF(AND(K50<>"",K52<>""),"Fully accepted",IF(K50<>"","COR only",IF(K52<>"","J698 only",""))) | L53: =IF(AND(L50<>"",L52<>""),"Fully accepted",IF(L50<>"","COR only",IF(L52<>"","J698 only",""))) | M53: =IF(AND(M50<>"",M52<>""),"Fully accepted",IF(M50<>"","COR only",IF(M52<>"","J698 only",""))) | N53: =IF(AND(N50<>"",N52<>""),"Fully accepted",IF(N50<>"","COR only",IF(N52<>"","J698 only",""))) | O53: =IF(AND(O50<>"",O52<>""),"Fully accepted",IF(O50<>"","COR only",IF(O52<>"","J698 only",""))) | P53: =IF(AND(P50<>"",P52<>""),"Fully accepted",IF(P50<>"","COR only",IF(P52<>"","J698 only",""))) | ... T53: =IF(AND(T50<>"",T52<>""),"Fully accepted",IF(T50<>"","COR only",IF(T52<>"","J698 only","")))
A54: B31 | B54: COMSEC Management Procedures Report | C54: 6.3.3 | D54: Christine Y. Shigeta | E54: Brian Abrigo | F54: Due date | G54: =SUMPRODUCT((I57:T57<>"")*(I59:T59<>"")) -> 0 | H54: =SUMPRODUCT((I54:T54<TODAY())*(((I55:T55="")+(I55:T55="In Progress"))>0)*(((I57:T57="")+(I59:T59=""))>0)) -> 0 | I54: =WORKDAY(DATE(YEAR(I$4),MONTH(I$4)+1,10)-1,1) -> 46366 | J54: =WORKDAY(DATE(YEAR(J$4),MONTH(J$4)+1,10)-1,1) -> 46398 | K54: =WORKDAY(DATE(YEAR(K$4),MONTH(K$4)+1,10)-1,1) -> 46428 | L54: =WORKDAY(DATE(YEAR(L$4),MONTH(L$4)+1,10)-1,1) -> 46456 | M54: =WORKDAY(DATE(YEAR(M$4),MONTH(M$4)+1,10)-1,1) -> 46489 | N54: =WORKDAY(DATE(YEAR(N$4),MONTH(N$4)+1,10)-1,1) -> 46517 | O54: =WORKDAY(DATE(YEAR(O$4),MONTH(O$4)+1,10)-1,1) -> 46548 | P54: =WORKDAY(DATE(YEAR(P$4),MONTH(P$4)+1,10)-1,1) -> 46580 | ... T54: =WORKDAY(DATE(YEAR(T$4),MONTH(T$4)+1,10)-1,1) -> 46701
F55: Status
F56: COR accepted by
F57: COR date accepted
F58: J698 accepted by
F59: J698 date accepted
F60: Result | I60: =IF(AND(I57<>"",I59<>""),"Fully accepted",IF(I57<>"","COR only",IF(I59<>"","J698 only",""))) | J60: =IF(AND(J57<>"",J59<>""),"Fully accepted",IF(J57<>"","COR only",IF(J59<>"","J698 only",""))) | K60: =IF(AND(K57<>"",K59<>""),"Fully accepted",IF(K57<>"","COR only",IF(K59<>"","J698 only",""))) | L60: =IF(AND(L57<>"",L59<>""),"Fully accepted",IF(L57<>"","COR only",IF(L59<>"","J698 only",""))) | M60: =IF(AND(M57<>"",M59<>""),"Fully accepted",IF(M57<>"","COR only",IF(M59<>"","J698 only",""))) | N60: =IF(AND(N57<>"",N59<>""),"Fully accepted",IF(N57<>"","COR only",IF(N59<>"","J698 only",""))) | O60: =IF(AND(O57<>"",O59<>""),"Fully accepted",IF(O57<>"","COR only",IF(O59<>"","J698 only",""))) | P60: =IF(AND(P57<>"",P59<>""),"Fully accepted",IF(P57<>"","COR only",IF(P59<>"","J698 only",""))) | ... T60: =IF(AND(T57<>"",T59<>""),"Fully accepted",IF(T57<>"","COR only",IF(T59<>"","J698 only","")))
A61: B32 | B61: Technical Documentation & Report(s) | C61: 6.4.1 | D61: Christine Y. Shigeta | E61: Brian Abrigo | F61: Due date | G61: =SUMPRODUCT((I64:T64<>"")*(I66:T66<>"")) -> 0 | H61: =SUMPRODUCT((I61:T61<TODAY())*(((I62:T62="")+(I62:T62="In Progress"))>0)*(((I64:T64="")+(I66:T66=""))>0)) -> 0 | I61: =WORKDAY(DATE(YEAR(I$4),MONTH(I$4)+1,10)-1,1) -> 46366 | J61: =WORKDAY(DATE(YEAR(J$4),MONTH(J$4)+1,10)-1,1) -> 46398 | K61: =WORKDAY(DATE(YEAR(K$4),MONTH(K$4)+1,10)-1,1) -> 46428 | L61: =WORKDAY(DATE(YEAR(L$4),MONTH(L$4)+1,10)-1,1) -> 46456 | M61: =WORKDAY(DATE(YEAR(M$4),MONTH(M$4)+1,10)-1,1) -> 46489 | N61: =WORKDAY(DATE(YEAR(N$4),MONTH(N$4)+1,10)-1,1) -> 46517 | O61: =WORKDAY(DATE(YEAR(O$4),MONTH(O$4)+1,10)-1,1) -> 46548 | P61: =WORKDAY(DATE(YEAR(P$4),MONTH(P$4)+1,10)-1,1) -> 46580 | ... T61: =WORKDAY(DATE(YEAR(T$4),MONTH(T$4)+1,10)-1,1) -> 46701
F62: Status
F63: COR accepted by
F64: COR date accepted
F65: J698 accepted by
F66: J698 date accepted
F67: Result | I67: =IF(AND(I64<>"",I66<>""),"Fully accepted",IF(I64<>"","COR only",IF(I66<>"","J698 only",""))) | J67: =IF(AND(J64<>"",J66<>""),"Fully accepted",IF(J64<>"","COR only",IF(J66<>"","J698 only",""))) | K67: =IF(AND(K64<>"",K66<>""),"Fully accepted",IF(K64<>"","COR only",IF(K66<>"","J698 only",""))) | L67: =IF(AND(L64<>"",L66<>""),"Fully accepted",IF(L64<>"","COR only",IF(L66<>"","J698 only",""))) | M67: =IF(AND(M64<>"",M66<>""),"Fully accepted",IF(M64<>"","COR only",IF(M66<>"","J698 only",""))) | N67: =IF(AND(N64<>"",N66<>""),"Fully accepted",IF(N64<>"","COR only",IF(N66<>"","J698 only",""))) | O67: =IF(AND(O64<>"",O66<>""),"Fully accepted",IF(O64<>"","COR only",IF(O66<>"","J698 only",""))) | P67: =IF(AND(P64<>"",P66<>""),"Fully accepted",IF(P64<>"","COR only",IF(P66<>"","J698 only",""))) | ... T67: =IF(AND(T64<>"",T66<>""),"Fully accepted",IF(T64<>"","COR only",IF(T66<>"","J698 only","")))
A68: B35 | B68: Non-Disclosure Agreement Report | C68: 16.c | D68: Christine Y. Shigeta | E68: Brian Abrigo | F68: Due date | G68: =SUMPRODUCT((I71:T71<>"")*(I73:T73<>"")) -> 0 | H68: =SUMPRODUCT((I68:T68<TODAY())*(((I69:T69="")+(I69:T69="In Progress"))>0)*(((I71:T71="")+(I73:T73=""))>0)) -> 0 | I68: =WORKDAY(DATE(YEAR(I$4),MONTH(I$4)+1,10)-1,1) -> 46366 | J68: =WORKDAY(DATE(YEAR(J$4),MONTH(J$4)+1,10)-1,1) -> 46398 | K68: =WORKDAY(DATE(YEAR(K$4),MONTH(K$4)+1,10)-1,1) -> 46428 | L68: =WORKDAY(DATE(YEAR(L$4),MONTH(L$4)+1,10)-1,1) -> 46456 | M68: =WORKDAY(DATE(YEAR(M$4),MONTH(M$4)+1,10)-1,1) -> 46489 | N68: =WORKDAY(DATE(YEAR(N$4),MONTH(N$4)+1,10)-1,1) -> 46517 | O68: =WORKDAY(DATE(YEAR(O$4),MONTH(O$4)+1,10)-1,1) -> 46548 | P68: =WORKDAY(DATE(YEAR(P$4),MONTH(P$4)+1,10)-1,1) -> 46580 | ... T68: =WORKDAY(DATE(YEAR(T$4),MONTH(T$4)+1,10)-1,1) -> 46701
F69: Status
F70: COR accepted by
F71: COR date accepted
F72: J698 accepted by
F73: J698 date accepted
F74: Result | I74: =IF(AND(I71<>"",I73<>""),"Fully accepted",IF(I71<>"","COR only",IF(I73<>"","J698 only",""))) | J74: =IF(AND(J71<>"",J73<>""),"Fully accepted",IF(J71<>"","COR only",IF(J73<>"","J698 only",""))) | K74: =IF(AND(K71<>"",K73<>""),"Fully accepted",IF(K71<>"","COR only",IF(K73<>"","J698 only",""))) | L74: =IF(AND(L71<>"",L73<>""),"Fully accepted",IF(L71<>"","COR only",IF(L73<>"","J698 only",""))) | M74: =IF(AND(M71<>"",M73<>""),"Fully accepted",IF(M71<>"","COR only",IF(M73<>"","J698 only",""))) | N74: =IF(AND(N71<>"",N73<>""),"Fully accepted",IF(N71<>"","COR only",IF(N73<>"","J698 only",""))) | O74: =IF(AND(O71<>"",O73<>""),"Fully accepted",IF(O71<>"","COR only",IF(O73<>"","J698 only",""))) | P74: =IF(AND(P71<>"",P73<>""),"Fully accepted",IF(P71<>"","COR only",IF(P73<>"","J698 only",""))) | ... T74: =IF(AND(T71<>"",T73<>""),"Fully accepted",IF(T71<>"","COR only",IF(T73<>"","J698 only","")))
B76: Set Status, then record who accepted it and when. MPR, Technical Library Report, IAVA and NDA reports are due the 10th (next business day if a weekend or holiday). The 90-Day Action Plan and CPR dates depend on the CPR meeting day in settings (assumed).

Sheet Daily Agenda
A1: Daily Agenda – what is due, in date order
A2: PWS: Mission Partner Environment (MPE) Engineering Services for USPACOM | Contract 47QTCK-18-D-0017 | SOS International LLC | Follow-on to HC1047-18-D-0002 / HC1047-23-F0032
P3: Settings (edit the yellow cells)
A4: Due Date | B4: Day | C4: ID | D4: Deliverable | E4: Source | F4: Status | G4: COR Accepted By | H4: COR Date Accepted | I4: J698 Accepted By | J4: J698 Date Accepted | K4: Result | L4: Days Until Due | M4: Flag | N4: Notes | P4: Clock start (PLACEHOLDER – PoP not stated in this file) | Q4: 46327
A5: =Weekly!I5 -> 46332 | B5: =TEXT(A5,"ddd") -> Fri | C5: B04 | D5: Weekly Activity Report (WAR) – Wk 1 | E5: Weekly | F5: =IF(Weekly!I6="","",Weekly!I6) | G5: =IF(Weekly!I7="","",Weekly!I7) | H5: =IF(Weekly!I8="","",Weekly!I8) | I5: =IF(Weekly!I9="","",Weekly!I9) | J5: =IF(Weekly!I10="","",Weekly!I10) | K5: =IF(AND(H5<>"",J5<>""),"Fully accepted",IF(H5<>"","COR only",IF(J5<>"","J698 only",""))) | L5: =A5-TodayD -> 24 | M5: =IF(K5="Fully accepted","Done",IF(F5="N/A","N/A",IF(F5="Returned","Returned: resubmit",IF(K5="J698 only","Awaiting J698",IF(K5="COR only","Awaiting COR",IF(F5="Submitted","Awaiting COR + J698",IF(A5<TodayD,"OVERDUE",IF(A5-TodayD<=7,"Due within 7 days","")))))))) | P5: End of 12-month base period | Q5: =EDATE(ClockStart,12)-1 -> 46691
A6: =Weekly!I12 -> 46332 | B6: =TEXT(A6,"ddd") -> Fri | C6: B34 | D6: Weekly Activity Report (WAR) – Wk 1 | E6: Weekly | F6: =IF(Weekly!I13="","",Weekly!I13) | G6: =IF(Weekly!I14="","",Weekly!I14) | H6: =IF(Weekly!I15="","",Weekly!I15) | I6: =IF(Weekly!I16="","",Weekly!I16) | J6: =IF(Weekly!I17="","",Weekly!I17) | K6: =IF(AND(H6<>"",J6<>""),"Fully accepted",IF(H6<>"","COR only",IF(J6<>"","J698 only",""))) | L6: =A6-TodayD -> 24 | M6: =IF(K6="Fully accepted","Done",IF(F6="N/A","N/A",IF(F6="Returned","Returned: resubmit",IF(K6="J698 only","Awaiting J698",IF(K6="COR only","Awaiting COR",IF(F6="Submitted","Awaiting COR + J698",IF(A6<TodayD,"OVERDUE",IF(A6-TodayD<=7,"Due within 7 days","")))))))) | P6: End with 6-month extension (FAR 52.217-8) | Q6: =EDATE(ClockStart,18)-1 -> 46873
A7: =Weekly!J5 -> 46339 | B7: =TEXT(A7,"ddd") -> Fri | C7: B04 | D7: Weekly Activity Report (WAR) – Wk 2 | E7: Weekly | F7: =IF(Weekly!J6="","",Weekly!J6) | G7: =IF(Weekly!J7="","",Weekly!J7) | H7: =IF(Weekly!J8="","",Weekly!J8) | I7: =IF(Weekly!J9="","",Weekly!J9) | J7: =IF(Weekly!J10="","",Weekly!J10) | K7: =IF(AND(H7<>"",J7<>""),"Fully accepted",IF(H7<>"","COR only",IF(J7<>"","J698 only",""))) | L7: =A7-TodayD -> 31 | M7: =IF(K7="Fully accepted","Done",IF(F7="N/A","N/A",IF(F7="Returned","Returned: resubmit",IF(K7="J698 only","Awaiting J698",IF(K7="COR only","Awaiting COR",IF(F7="Submitted","Awaiting COR + J698",IF(A7<TodayD,"OVERDUE",IF(A7-TodayD<=7,"Due within 7 days","")))))))) | P7: CPR meeting day of month (ASSUMED) | Q7: 15
A8: =Weekly!J12 -> 46339 | B8: =TEXT(A8,"ddd") -> Fri | C8: B34 | D8: Weekly Activity Report (WAR) – Wk 2 | E8: Weekly | F8: =IF(Weekly!J13="","",Weekly!J13) | G8: =IF(Weekly!J14="","",Weekly!J14) | H8: =IF(Weekly!J15="","",Weekly!J15) | I8: =IF(Weekly!J16="","",Weekly!J16) | J8: =IF(Weekly!J17="","",Weekly!J17) | K8: =IF(AND(H8<>"",J8<>""),"Fully accepted",IF(H8<>"","COR only",IF(J8<>"","J698 only",""))) | L8: =A8-TodayD -> 31 | M8: =IF(K8="Fully accepted","Done",IF(F8="N/A","N/A",IF(F8="Returned","Returned: resubmit",IF(K8="J698 only","Awaiting J698",IF(K8="COR only","Awaiting COR",IF(F8="Submitted","Awaiting COR + J698",IF(A8<TodayD,"OVERDUE",IF(A8-TodayD<=7,"Due within 7 days","")))))))) | P8: Gov inspection window (business days) | Q8: 5
A9: =Weekly!K5 -> 46346 | B9: =TEXT(A9,"ddd") -> Fri | C9: B04 | D9: Weekly Activity Report (WAR) – Wk 3 | E9: Weekly | F9: =IF(Weekly!K6="","",Weekly!K6) | G9: =IF(Weekly!K7="","",Weekly!K7) | H9: =IF(Weekly!K8="","",Weekly!K8) | I9: =IF(Weekly!K9="","",Weekly!K9) | J9: =IF(Weekly!K10="","",Weekly!K10) | K9: =IF(AND(H9<>"",J9<>""),"Fully accepted",IF(H9<>"","COR only",IF(J9<>"","J698 only",""))) | L9: =A9-TodayD -> 38 | M9: =IF(K9="Fully accepted","Done",IF(F9="N/A","N/A",IF(F9="Returned","Returned: resubmit",IF(K9="J698 only","Awaiting J698",IF(K9="COR only","Awaiting COR",IF(F9="Submitted","Awaiting COR + J698",IF(A9<TodayD,"OVERDUE",IF(A9-TodayD<=7,"Due within 7 days","")))))))) | P9: Resubmission window (business days) | Q9: 10
A10: =Weekly!K12 -> 46346 | B10: =TEXT(A10,"ddd") -> Fri | C10: B34 | D10: Weekly Activity Report (WAR) – Wk 3 | E10: Weekly | F10: =IF(Weekly!K13="","",Weekly!K13) | G10: =IF(Weekly!K14="","",Weekly!K14) | H10: =IF(Weekly!K15="","",Weekly!K15) | I10: =IF(Weekly!K16="","",Weekly!K16) | J10: =IF(Weekly!K17="","",Weekly!K17) | K10: =IF(AND(H10<>"",J10<>""),"Fully accepted",IF(H10<>"","COR only",IF(J10<>"","J698 only",""))) | L10: =A10-TodayD -> 38 | M10: =IF(K10="Fully accepted","Done",IF(F10="N/A","N/A",IF(F10="Returned","Returned: resubmit",IF(K10="J698 only","Awaiting J698",IF(K10="COR only","Awaiting COR",IF(F10="Submitted","Awaiting COR + J698",IF(A10<TodayD,"OVERDUE",IF(A10-TodayD<=7,"Due within 7 days","")))))))) | P10: Today | Q10: =TODAY() -> 46308
A11: =Weekly!L5 -> 46353 | B11: =TEXT(A11,"ddd") -> Fri | C11: B04 | D11: Weekly Activity Report (WAR) – Wk 4 | E11: Weekly | F11: =IF(Weekly!L6="","",Weekly!L6) | G11: =IF(Weekly!L7="","",Weekly!L7) | H11: =IF(Weekly!L8="","",Weekly!L8) | I11: =IF(Weekly!L9="","",Weekly!L9) | J11: =IF(Weekly!L10="","",Weekly!L10) | K11: =IF(AND(H11<>"",J11<>""),"Fully accepted",IF(H11<>"","COR only",IF(J11<>"","J698 only",""))) | L11: =A11-TodayD -> 45 | M11: =IF(K11="Fully accepted","Done",IF(F11="N/A","N/A",IF(F11="Returned","Returned: resubmit",IF(K11="J698 only","Awaiting J698",IF(K11="COR only","Awaiting COR",IF(F11="Submitted","Awaiting COR + J698",IF(A11<TodayD,"OVERDUE",IF(A11-TodayD<=7,"Due within 7 days",""))))))))
A12: =Weekly!L12 -> 46353 | B12: =TEXT(A12,"ddd") -> Fri | C12: B34 | D12: Weekly Activity Report (WAR) – Wk 4 | E12: Weekly | F12: =IF(Weekly!L13="","",Weekly!L13) | G12: =IF(Weekly!L14="","",Weekly!L14) | H12: =IF(Weekly!L15="","",Weekly!L15) | I12: =IF(Weekly!L16="","",Weekly!L16) | J12: =IF(Weekly!L17="","",Weekly!L17) | K12: =IF(AND(H12<>"",J12<>""),"Fully accepted",IF(H12<>"","COR only",IF(J12<>"","J698 only",""))) | L12: =A12-TodayD -> 45 | M12: =IF(K12="Fully accepted","Done",IF(F12="N/A","N/A",IF(F12="Returned","Returned: resubmit",IF(K12="J698 only","Awaiting J698",IF(K12="COR only","Awaiting COR",IF(F12="Submitted","Awaiting COR + J698",IF(A12<TodayD,"OVERDUE",IF(A12-TodayD<=7,"Due within 7 days","")))))))) | P12: PoP is "completed at TO award" in this PWS: set the real start in cell Q4.
A13: =Weekly!M5 -> 46360 | B13: =TEXT(A13,"ddd") -> Fri | C13: B04 | D13: Weekly Activity Report (WAR) – Wk 5 | E13: Weekly | F13: =IF(Weekly!M6="","",Weekly!M6) | G13: =IF(Weekly!M7="","",Weekly!M7) | H13: =IF(Weekly!M8="","",Weekly!M8) | I13: =IF(Weekly!M9="","",Weekly!M9) | J13: =IF(Weekly!M10="","",Weekly!M10) | K13: =IF(AND(H13<>"",J13<>""),"Fully accepted",IF(H13<>"","COR only",IF(J13<>"","J698 only",""))) | L13: =A13-TodayD -> 52 | M13: =IF(K13="Fully accepted","Done",IF(F13="N/A","N/A",IF(F13="Returned","Returned: resubmit",IF(K13="J698 only","Awaiting J698",IF(K13="COR only","Awaiting COR",IF(F13="Submitted","Awaiting COR + J698",IF(A13<TodayD,"OVERDUE",IF(A13-TodayD<=7,"Due within 7 days","")))))))) | P13: Inspection and resubmission windows are not stated in this PWS; 5 and 10 business days are placeholders.
A14: =Weekly!M12 -> 46360 | B14: =TEXT(A14,"ddd") -> Fri | C14: B34 | D14: Weekly Activity Report (WAR) – Wk 5 | E14: Weekly | F14: =IF(Weekly!M13="","",Weekly!M13) | G14: =IF(Weekly!M14="","",Weekly!M14) | H14: =IF(Weekly!M15="","",Weekly!M15) | I14: =IF(Weekly!M16="","",Weekly!M16) | J14: =IF(Weekly!M17="","",Weekly!M17) | K14: =IF(AND(H14<>"",J14<>""),"Fully accepted",IF(H14<>"","COR only",IF(J14<>"","J698 only",""))) | L14: =A14-TodayD -> 52 | M14: =IF(K14="Fully accepted","Done",IF(F14="N/A","N/A",IF(F14="Returned","Returned: resubmit",IF(K14="J698 only","Awaiting J698",IF(K14="COR only","Awaiting COR",IF(F14="Submitted","Awaiting COR + J698",IF(A14<TodayD,"OVERDUE",IF(A14-TodayD<=7,"Due within 7 days","")))))))) | P14: Holidays are not excluded from business-day math.
A15: =Monthly!I5 -> 46366 | B15: =TEXT(A15,"ddd") -> Thu | C15: B01 | D15: Monthly Progress Report (MPR) – Nov 2026 | E15: Monthly | F15: =IF(Monthly!I6="","",Monthly!I6) | G15: =IF(Monthly!I7="","",Monthly!I7) | H15: =IF(Monthly!I8="","",Monthly!I8) | I15: =IF(Monthly!I9="","",Monthly!I9) | J15: =IF(Monthly!I10="","",Monthly!I10) | K15: =IF(AND(H15<>"",J15<>""),"Fully accepted",IF(H15<>"","COR only",IF(J15<>"","J698 only",""))) | L15: =A15-TodayD -> 58 | M15: =IF(K15="Fully accepted","Done",IF(F15="N/A","N/A",IF(F15="Returned","Returned: resubmit",IF(K15="J698 only","Awaiting J698",IF(K15="COR only","Awaiting COR",IF(F15="Submitted","Awaiting COR + J698",IF(A15<TodayD,"OVERDUE",IF(A15-TodayD<=7,"Due within 7 days",""))))))))
A16: =Monthly!I12 -> 46366 | B16: =TEXT(A16,"ddd") -> Thu | C16: B02 | D16: 90-Day Action Plan – Nov 2026 | E16: Monthly | F16: =IF(Monthly!I13="","",Monthly!I13) | G16: =IF(Monthly!I14="","",Monthly!I14) | H16: =IF(Monthly!I15="","",Monthly!I15) | I16: =IF(Monthly!I16="","",Monthly!I16) | J16: =IF(Monthly!I17="","",Monthly!I17) | K16: =IF(AND(H16<>"",J16<>""),"Fully accepted",IF(H16<>"","COR only",IF(J16<>"","J698 only",""))) | L16: =A16-TodayD -> 58 | M16: =IF(K16="Fully accepted","Done",IF(F16="N/A","N/A",IF(F16="Returned","Returned: resubmit",IF(K16="J698 only","Awaiting J698",IF(K16="COR only","Awaiting COR",IF(F16="Submitted","Awaiting COR + J698",IF(A16<TodayD,"OVERDUE",IF(A16-TodayD<=7,"Due within 7 days",""))))))))
A17: =Monthly!I26 -> 46366 | B17: =TEXT(A17,"ddd") -> Thu | C17: B16 | D17: Technical Library Documentation Report – Nov 2026 | E17: Monthly | F17: =IF(Monthly!I27="","",Monthly!I27) | G17: =IF(Monthly!I28="","",Monthly!I28) | H17: =IF(Monthly!I29="","",Monthly!I29) | I17: =IF(Monthly!I30="","",Monthly!I30) | J17: =IF(Monthly!I31="","",Monthly!I31) | K17: =IF(AND(H17<>"",J17<>""),"Fully accepted",IF(H17<>"","COR only",IF(J17<>"","J698 only",""))) | L17: =A17-TodayD -> 58 | M17: =IF(K17="Fully accepted","Done",IF(F17="N/A","N/A",IF(F17="Returned","Returned: resubmit",IF(K17="J698 only","Awaiting J698",IF(K17="COR only","Awaiting COR",IF(F17="Submitted","Awaiting COR + J698",IF(A17<TodayD,"OVERDUE",IF(A17-TodayD<=7,"Due within 7 days",""))))))))
A18: =Monthly!I33 -> 46366 | B18: =TEXT(A18,"ddd") -> Thu | C18: B26 | D18: Authorization and Accreditation (A&A) Packages – Nov 2026 | E18: Monthly | F18: =IF(Monthly!I34="","",Monthly!I34) | G18: =IF(Monthly!I35="","",Monthly!I35) | H18: =IF(Monthly!I36="","",Monthly!I36) | I18: =IF(Monthly!I37="","",Monthly!I37) | J18: =IF(Monthly!I38="","",Monthly!I38) | K18: =IF(AND(H18<>"",J18<>""),"Fully accepted",IF(H18<>"","COR only",IF(J18<>"","J698 only",""))) | L18: =A18-TodayD -> 58 | M18: =IF(K18="Fully accepted","Done",IF(F18="N/A","N/A",IF(F18="Returned","Returned: resubmit",IF(K18="J698 only","Awaiting J698",IF(K18="COR only","Awaiting COR",IF(F18="Submitted","Awaiting COR + J698",IF(A18<TodayD,"OVERDUE",IF(A18-TodayD<=7,"Due within 7 days",""))))))))
A19: =Monthly!I40 -> 46366 | B19: =TEXT(A19,"ddd") -> Thu | C19: B29 | D19: Network Installation / De-installation Report – Nov 2026 | E19: Monthly | F19: =IF(Monthly!I41="","",Monthly!I41) | G19: =IF(Monthly!I42="","",Monthly!I42) | H19: =IF(Monthly!I43="","",Monthly!I43) | I19: =IF(Monthly!I44="","",Monthly!I44) | J19: =IF(Monthly!I45="","",Monthly!I45) | K19: =IF(AND(H19<>"",J19<>""),"Fully accepted",IF(H19<>"","COR only",IF(J19<>"","J698 only",""))) | L19: =A19-TodayD -> 58 | M19: =IF(K19="Fully accepted","Done",IF(F19="N/A","N/A",IF(F19="Returned","Returned: resubmit",IF(K19="J698 only","Awaiting J698",IF(K19="COR only","Awaiting COR",IF(F19="Submitted","Awaiting COR + J698",IF(A19<TodayD,"OVERDUE",IF(A19-TodayD<=7,"Due within 7 days",""))))))))
A20: =Monthly!I47 -> 46366 | B20: =TEXT(A20,"ddd") -> Thu | C20: B30 | D20: IAVA Compliance Report – Nov 2026 | E20: Monthly | F20: =IF(Monthly!I48="","",Monthly!I48) | G20: =IF(Monthly!I49="","",Monthly!I49) | H20: =IF(Monthly!I50="","",Monthly!I50) | I20: =IF(Monthly!I51="","",Monthly!I51) | J20: =IF(Monthly!I52="","",Monthly!I52) | K20: =IF(AND(H20<>"",J20<>""),"Fully accepted",IF(H20<>"","COR only",IF(J20<>"","J698 only",""))) | L20: =A20-TodayD -> 58 | M20: =IF(K20="Fully accepted","Done",IF(F20="N/A","N/A",IF(F20="Returned","Returned: resubmit",IF(K20="J698 only","Awaiting J698",IF(K20="COR only","Awaiting COR",IF(F20="Submitted","Awaiting COR + J698",IF(A20<TodayD,"OVERDUE",IF(A20-TodayD<=7,"Due within 7 days",""))))))))
A21: =Monthly!I54 -> 46366 | B21: =TEXT(A21,"ddd") -> Thu | C21: B31 | D21: COMSEC Management Procedures Report – Nov 2026 | E21: Monthly | F21: =IF(Monthly!I55="","",Monthly!I55) | G21: =IF(Monthly!I56="","",Monthly!I56) | H21: =IF(Monthly!I57="","",Monthly!I57) | I21: =IF(Monthly!I58="","",Monthly!I58) | J21: =IF(Monthly!I59="","",Monthly!I59) | K21: =IF(AND(H21<>"",J21<>""),"Fully accepted",IF(H21<>"","COR only",IF(J21<>"","J698 only",""))) | L21: =A21-TodayD -> 58 | M21: =IF(K21="Fully accepted","Done",IF(F21="N/A","N/A",IF(F21="Returned","Returned: resubmit",IF(K21="J698 only","Awaiting J698",IF(K21="COR only","Awaiting COR",IF(F21="Submitted","Awaiting COR + J698",IF(A21<TodayD,"OVERDUE",IF(A21-TodayD<=7,"Due within 7 days",""))))))))
A22: =Monthly!I61 -> 46366 | B22: =TEXT(A22,"ddd") -> Thu | C22: B32 | D22: Technical Documentation & Report(s) – Nov 2026 | E22: Monthly | F22: =IF(Monthly!I62="","",Monthly!I62) | G22: =IF(Monthly!I63="","",Monthly!I63) | H22: =IF(Monthly!I64="","",Monthly!I64) | I22: =IF(Monthly!I65="","",Monthly!I65) | J22: =IF(Monthly!I66="","",Monthly!I66) | K22: =IF(AND(H22<>"",J22<>""),"Fully accepted",IF(H22<>"","COR only",IF(J22<>"","J698 only",""))) | L22: =A22-TodayD -> 58 | M22: =IF(K22="Fully accepted","Done",IF(F22="N/A","N/A",IF(F22="Returned","Returned: resubmit",IF(K22="J698 only","Awaiting J698",IF(K22="COR only","Awaiting COR",IF(F22="Submitted","Awaiting COR + J698",IF(A22<TodayD,"OVERDUE",IF(A22-TodayD<=7,"Due within 7 days",""))))))))
A23: =Monthly!I68 -> 46366 | B23: =TEXT(A23,"ddd") -> Thu | C23: B35 | D23: Non-Disclosure Agreement Report – Nov 2026 | E23: Monthly | F23: =IF(Monthly!I69="","",Monthly!I69) | G23: =IF(Monthly!I70="","",Monthly!I70) | H23: =IF(Monthly!I71="","",Monthly!I71) | I23: =IF(Monthly!I72="","",Monthly!I72) | J23: =IF(Monthly!I73="","",Monthly!I73) | K23: =IF(AND(H23<>"",J23<>""),"Fully accepted",IF(H23<>"","COR only",IF(J23<>"","J698 only",""))) | L23: =A23-TodayD -> 58 | M23: =IF(K23="Fully accepted","Done",IF(F23="N/A","N/A",IF(F23="Returned","Returned: resubmit",IF(K23="J698 only","Awaiting J698",IF(K23="COR only","Awaiting COR",IF(F23="Submitted","Awaiting COR + J698",IF(A23<TodayD,"OVERDUE",IF(A23-TodayD<=7,"Due within 7 days",""))))))))
A24: =Weekly!N5 -> 46367 | B24: =TEXT(A24,"ddd") -> Fri | C24: B04 | D24: Weekly Activity Report (WAR) – Wk 6 | E24: Weekly | F24: =IF(Weekly!N6="","",Weekly!N6) | G24: =IF(Weekly!N7="","",Weekly!N7) | H24: =IF(Weekly!N8="","",Weekly!N8) | I24: =IF(Weekly!N9="","",Weekly!N9) | J24: =IF(Weekly!N10="","",Weekly!N10) | K24: =IF(AND(H24<>"",J24<>""),"Fully accepted",IF(H24<>"","COR only",IF(J24<>"","J698 only",""))) | L24: =A24-TodayD -> 59 | M24: =IF(K24="Fully accepted","Done",IF(F24="N/A","N/A",IF(F24="Returned","Returned: resubmit",IF(K24="J698 only","Awaiting J698",IF(K24="COR only","Awaiting COR",IF(F24="Submitted","Awaiting COR + J698",IF(A24<TodayD,"OVERDUE",IF(A24-TodayD<=7,"Due within 7 days",""))))))))
A25: =Weekly!N12 -> 46367 | B25: =TEXT(A25,"ddd") -> Fri | C25: B34 | D25: Weekly Activity Report (WAR) – Wk 6 | E25: Weekly | F25: =IF(Weekly!N13="","",Weekly!N13) | G25: =IF(Weekly!N14="","",Weekly!N14) | H25: =IF(Weekly!N15="","",Weekly!N15) | I25: =IF(Weekly!N16="","",Weekly!N16) | J25: =IF(Weekly!N17="","",Weekly!N17) | K25: =IF(AND(H25<>"",J25<>""),"Fully accepted",IF(H25<>"","COR only",IF(J25<>"","J698 only",""))) | L25: =A25-TodayD -> 59 | M25: =IF(K25="Fully accepted","Done",IF(F25="N/A","N/A",IF(F25="Returned","Returned: resubmit",IF(K25="J698 only","Awaiting J698",IF(K25="COR only","Awaiting COR",IF(F25="Submitted","Awaiting COR + J698",IF(A25<TodayD,"OVERDUE",IF(A25-TodayD<=7,"Due within 7 days",""))))))))
A26: =Weekly!O5 -> 46374 | B26: =TEXT(A26,"ddd") -> Fri | C26: B04 | D26: Weekly Activity Report (WAR) – Wk 7 | E26: Weekly | F26: =IF(Weekly!O6="","",Weekly!O6) | G26: =IF(Weekly!O7="","",Weekly!O7) | H26: =IF(Weekly!O8="","",Weekly!O8) | I26: =IF(Weekly!O9="","",Weekly!O9) | J26: =IF(Weekly!O10="","",Weekly!O10) | K26: =IF(AND(H26<>"",J26<>""),"Fully accepted",IF(H26<>"","COR only",IF(J26<>"","J698 only",""))) | L26: =A26-TodayD -> 66 | M26: =IF(K26="Fully accepted","Done",IF(F26="N/A","N/A",IF(F26="Returned","Returned: resubmit",IF(K26="J698 only","Awaiting J698",IF(K26="COR only","Awaiting COR",IF(F26="Submitted","Awaiting COR + J698",IF(A26<TodayD,"OVERDUE",IF(A26-TodayD<=7,"Due within 7 days",""))))))))
A27: =Weekly!O12 -> 46374 | B27: =TEXT(A27,"ddd") -> Fri | C27: B34 | D27: Weekly Activity Report (WAR) – Wk 7 | E27: Weekly | F27: =IF(Weekly!O13="","",Weekly!O13) | G27: =IF(Weekly!O14="","",Weekly!O14) | H27: =IF(Weekly!O15="","",Weekly!O15) | I27: =IF(Weekly!O16="","",Weekly!O16) | J27: =IF(Weekly!O17="","",Weekly!O17) | K27: =IF(AND(H27<>"",J27<>""),"Fully accepted",IF(H27<>"","COR only",IF(J27<>"","J698 only",""))) | L27: =A27-TodayD -> 66 | M27: =IF(K27="Fully accepted","Done",IF(F27="N/A","N/A",IF(F27="Returned","Returned: resubmit",IF(K27="J698 only","Awaiting J698",IF(K27="COR only","Awaiting COR",IF(F27="Submitted","Awaiting COR + J698",IF(A27<TodayD,"OVERDUE",IF(A27-TodayD<=7,"Due within 7 days",""))))))))
A28: =Monthly!I19 -> 46378 | B28: =TEXT(A28,"ddd") -> Tue | C28: B03 | D28: Contractor Performance Report (CPR) – Nov 2026 | E28: Monthly | F28: =IF(Monthly!I20="","",Monthly!I20) | G28: =IF(Monthly!I21="","",Monthly!I21) | H28: =IF(Monthly!I22="","",Monthly!I22) | I28: =IF(Monthly!I23="","",Monthly!I23) | J28: =IF(Monthly!I24="","",Monthly!I24) | K28: =IF(AND(H28<>"",J28<>""),"Fully accepted",IF(H28<>"","COR only",IF(J28<>"","J698 only",""))) | L28: =A28-TodayD -> 70 | M28: =IF(K28="Fully accepted","Done",IF(F28="N/A","N/A",IF(F28="Returned","Returned: resubmit",IF(K28="J698 only","Awaiting J698",IF(K28="COR only","Awaiting COR",IF(F28="Submitted","Awaiting COR + J698",IF(A28<TodayD,"OVERDUE",IF(A28-TodayD<=7,"Due within 7 days",""))))))))
A29: =Weekly!P5 -> 46381 | B29: =TEXT(A29,"ddd") -> Fri | C29: B04 | D29: Weekly Activity Report (WAR) – Wk 8 | E29: Weekly | F29: =IF(Weekly!P6="","",Weekly!P6) | G29: =IF(Weekly!P7="","",Weekly!P7) | H29: =IF(Weekly!P8="","",Weekly!P8) | I29: =IF(Weekly!P9="","",Weekly!P9) | J29: =IF(Weekly!P10="","",Weekly!P10) | K29: =IF(AND(H29<>"",J29<>""),"Fully accepted",IF(H29<>"","COR only",IF(J29<>"","J698 only",""))) | L29: =A29-TodayD -> 73 | M29: =IF(K29="Fully accepted","Done",IF(F29="N/A","N/A",IF(F29="Returned","Returned: resubmit",IF(K29="J698 only","Awaiting J698",IF(K29="COR only","Awaiting COR",IF(F29="Submitted","Awaiting COR + J698",IF(A29<TodayD,"OVERDUE",IF(A29-TodayD<=7,"Due within 7 days",""))))))))
A30: =Weekly!P12 -> 46381 | B30: =TEXT(A30,"ddd") -> Fri | C30: B34 | D30: Weekly Activity Report (WAR) – Wk 8 | E30: Weekly | F30: =IF(Weekly!P13="","",Weekly!P13) | G30: =IF(Weekly!P14="","",Weekly!P14) | H30: =IF(Weekly!P15="","",Weekly!P15) | I30: =IF(Weekly!P16="","",Weekly!P16) | J30: =IF(Weekly!P17="","",Weekly!P17) | K30: =IF(AND(H30<>"",J30<>""),"Fully accepted",IF(H30<>"","COR only",IF(J30<>"","J698 only",""))) | L30: =A30-TodayD -> 73 | M30: =IF(K30="Fully accepted","Done",IF(F30="N/A","N/A",IF(F30="Returned","Returned: resubmit",IF(K30="J698 only","Awaiting J698",IF(K30="COR only","Awaiting COR",IF(F30="Submitted","Awaiting COR + J698",IF(A30<TodayD,"OVERDUE",IF(A30-TodayD<=7,"Due within 7 days",""))))))))
A31: =Weekly!Q5 -> 46388 | B31: =TEXT(A31,"ddd") -> Fri | C31: B04 | D31: Weekly Activity Report (WAR) – Wk 9 | E31: Weekly | F31: =IF(Weekly!Q6="","",Weekly!Q6) | G31: =IF(Weekly!Q7="","",Weekly!Q7) | H31: =IF(Weekly!Q8="","",Weekly!Q8) | I31: =IF(Weekly!Q9="","",Weekly!Q9) | J31: =IF(Weekly!Q10="","",Weekly!Q10) | K31: =IF(AND(H31<>"",J31<>""),"Fully accepted",IF(H31<>"","COR only",IF(J31<>"","J698 only",""))) | L31: =A31-TodayD -> 80 | M31: =IF(K31="Fully accepted","Done",IF(F31="N/A","N/A",IF(F31="Returned","Returned: resubmit",IF(K31="J698 only","Awaiting J698",IF(K31="COR only","Awaiting COR",IF(F31="Submitted","Awaiting COR + J698",IF(A31<TodayD,"OVERDUE",IF(A31-TodayD<=7,"Due within 7 days",""))))))))
A32: =Weekly!Q12 -> 46388 | B32: =TEXT(A32,"ddd") -> Fri | C32: B34 | D32: Weekly Activity Report (WAR) – Wk 9 | E32: Weekly | F32: =IF(Weekly!Q13="","",Weekly!Q13) | G32: =IF(Weekly!Q14="","",Weekly!Q14) | H32: =IF(Weekly!Q15="","",Weekly!Q15) | I32: =IF(Weekly!Q16="","",Weekly!Q16) | J32: =IF(Weekly!Q17="","",Weekly!Q17) | K32: =IF(AND(H32<>"",J32<>""),"Fully accepted",IF(H32<>"","COR only",IF(J32<>"","J698 only",""))) | L32: =A32-TodayD -> 80 | M32: =IF(K32="Fully accepted","Done",IF(F32="N/A","N/A",IF(F32="Returned","Returned: resubmit",IF(K32="J698 only","Awaiting J698",IF(K32="COR only","Awaiting COR",IF(F32="Submitted","Awaiting COR + J698",IF(A32<TodayD,"OVERDUE",IF(A32-TodayD<=7,"Due within 7 days",""))))))))
A33: =Weekly!R5 -> 46395 | B33: =TEXT(A33,"ddd") -> Fri | C33: B04 | D33: Weekly Activity Report (WAR) – Wk 10 | E33: Weekly | F33: =IF(Weekly!R6="","",Weekly!R6) | G33: =IF(Weekly!R7="","",Weekly!R7) | H33: =IF(Weekly!R8="","",Weekly!R8) | I33: =IF(Weekly!R9="","",Weekly!R9) | J33: =IF(Weekly!R10="","",Weekly!R10) | K33: =IF(AND(H33<>"",J33<>""),"Fully accepted",IF(H33<>"","COR only",IF(J33<>"","J698 only",""))) | L33: =A33-TodayD -> 87 | M33: =IF(K33="Fully accepted","Done",IF(F33="N/A","N/A",IF(F33="Returned","Returned: resubmit",IF(K33="J698 only","Awaiting J698",IF(K33="COR only","Awaiting COR",IF(F33="Submitted","Awaiting COR + J698",IF(A33<TodayD,"OVERDUE",IF(A33-TodayD<=7,"Due within 7 days",""))))))))
A34: =Weekly!R12 -> 46395 | B34: =TEXT(A34,"ddd") -> Fri | C34: B34 | D34: Weekly Activity Report (WAR) – Wk 10 | E34: Weekly | F34: =IF(Weekly!R13="","",Weekly!R13) | G34: =IF(Weekly!R14="","",Weekly!R14) | H34: =IF(Weekly!R15="","",Weekly!R15) | I34: =IF(Weekly!R16="","",Weekly!R16) | J34: =IF(Weekly!R17="","",Weekly!R17) | K34: =IF(AND(H34<>"",J34<>""),"Fully accepted",IF(H34<>"","COR only",IF(J34<>"","J698 only",""))) | L34: =A34-TodayD -> 87 | M34: =IF(K34="Fully accepted","Done",IF(F34="N/A","N/A",IF(F34="Returned","Returned: resubmit",IF(K34="J698 only","Awaiting J698",IF(K34="COR only","Awaiting COR",IF(F34="Submitted","Awaiting COR + J698",IF(A34<TodayD,"OVERDUE",IF(A34-TodayD<=7,"Due within 7 days",""))))))))
A35: =Monthly!J5 -> 46398 | B35: =TEXT(A35,"ddd") -> Mon | C35: B01 | D35: Monthly Progress Report (MPR) – Dec 2026 | E35: Monthly | F35: =IF(Monthly!J6="","",Monthly!J6) | G35: =IF(Monthly!J7="","",Monthly!J7) | H35: =IF(Monthly!J8="","",Monthly!J8) | I35: =IF(Monthly!J9="","",Monthly!J9) | J35: =IF(Monthly!J10="","",Monthly!J10) | K35: =IF(AND(H35<>"",J35<>""),"Fully accepted",IF(H35<>"","COR only",IF(J35<>"","J698 only",""))) | L35: =A35-TodayD -> 90 | M35: =IF(K35="Fully accepted","Done",IF(F35="N/A","N/A",IF(F35="Returned","Returned: resubmit",IF(K35="J698 only","Awaiting J698",IF(K35="COR only","Awaiting COR",IF(F35="Submitted","Awaiting COR + J698",IF(A35<TodayD,"OVERDUE",IF(A35-TodayD<=7,"Due within 7 days",""))))))))
A36: =Monthly!J26 -> 46398 | B36: =TEXT(A36,"ddd") -> Mon | C36: B16 | D36: Technical Library Documentation Report – Dec 2026 | E36: Monthly | F36: =IF(Monthly!J27="","",Monthly!J27) | G36: =IF(Monthly!J28="","",Monthly!J28) | H36: =IF(Monthly!J29="","",Monthly!J29) | I36: =IF(Monthly!J30="","",Monthly!J30) | J36: =IF(Monthly!J31="","",Monthly!J31) | K36: =IF(AND(H36<>"",J36<>""),"Fully accepted",IF(H36<>"","COR only",IF(J36<>"","J698 only",""))) | L36: =A36-TodayD -> 90 | M36: =IF(K36="Fully accepted","Done",IF(F36="N/A","N/A",IF(F36="Returned","Returned: resubmit",IF(K36="J698 only","Awaiting J698",IF(K36="COR only","Awaiting COR",IF(F36="Submitted","Awaiting COR + J698",IF(A36<TodayD,"OVERDUE",IF(A36-TodayD<=7,"Due within 7 days",""))))))))
A37: =Monthly!J33 -> 46398 | B37: =TEXT(A37,"ddd") -> Mon | C37: B26 | D37: Authorization and Accreditation (A&A) Packages – Dec 2026 | E37: Monthly | F37: =IF(Monthly!J34="","",Monthly!J34) | G37: =IF(Monthly!J35="","",Monthly!J35) | H37: =IF(Monthly!J36="","",Monthly!J36) | I37: =IF(Monthly!J37="","",Monthly!J37) | J37: =IF(Monthly!J38="","",Monthly!J38) | K37: =IF(AND(H37<>"",J37<>""),"Fully accepted",IF(H37<>"","COR only",IF(J37<>"","J698 only",""))) | L37: =A37-TodayD -> 90 | M37: =IF(K37="Fully accepted","Done",IF(F37="N/A","N/A",IF(F37="Returned","Returned: resubmit",IF(K37="J698 only","Awaiting J698",IF(K37="COR only","Awaiting COR",IF(F37="Submitted","Awaiting COR + J698",IF(A37<TodayD,"OVERDUE",IF(A37-TodayD<=7,"Due within 7 days",""))))))))
A38: =Monthly!J40 -> 46398 | B38: =TEXT(A38,"ddd") -> Mon | C38: B29 | D38: Network Installation / De-installation Report – Dec 2026 | E38: Monthly | F38: =IF(Monthly!J41="","",Monthly!J41) | G38: =IF(Monthly!J42="","",Monthly!J42) | H38: =IF(Monthly!J43="","",Monthly!J43) | I38: =IF(Monthly!J44="","",Monthly!J44) | J38: =IF(Monthly!J45="","",Monthly!J45) | K38: =IF(AND(H38<>"",J38<>""),"Fully accepted",IF(H38<>"","COR only",IF(J38<>"","J698 only",""))) | L38: =A38-TodayD -> 90 | M38: =IF(K38="Fully accepted","Done",IF(F38="N/A","N/A",IF(F38="Returned","Returned: resubmit",IF(K38="J698 only","Awaiting J698",IF(K38="COR only","Awaiting COR",IF(F38="Submitted","Awaiting COR + J698",IF(A38<TodayD,"OVERDUE",IF(A38-TodayD<=7,"Due within 7 days",""))))))))
A39: =Monthly!J47 -> 46398 | B39: =TEXT(A39,"ddd") -> Mon | C39: B30 | D39: IAVA Compliance Report – Dec 2026 | E39: Monthly | F39: =IF(Monthly!J48="","",Monthly!J48) | G39: =IF(Monthly!J49="","",Monthly!J49) | H39: =IF(Monthly!J50="","",Monthly!J50) | I39: =IF(Monthly!J51="","",Monthly!J51) | J39: =IF(Monthly!J52="","",Monthly!J52) | K39: =IF(AND(H39<>"",J39<>""),"Fully accepted",IF(H39<>"","COR only",IF(J39<>"","J698 only",""))) | L39: =A39-TodayD -> 90 | M39: =IF(K39="Fully accepted","Done",IF(F39="N/A","N/A",IF(F39="Returned","Returned: resubmit",IF(K39="J698 only","Awaiting J698",IF(K39="COR only","Awaiting COR",IF(F39="Submitted","Awaiting COR + J698",IF(A39<TodayD,"OVERDUE",IF(A39-TodayD<=7,"Due within 7 days",""))))))))
A40: =Monthly!J54 -> 46398 | B40: =TEXT(A40,"ddd") -> Mon | C40: B31 | D40: COMSEC Management Procedures Report – Dec 2026 | E40: Monthly | F40: =IF(Monthly!J55="","",Monthly!J55) | G40: =IF(Monthly!J56="","",Monthly!J56) | H40: =IF(Monthly!J57="","",Monthly!J57) | I40: =IF(Monthly!J58="","",Monthly!J58) | J40: =IF(Monthly!J59="","",Monthly!J59) | K40: =IF(AND(H40<>"",J40<>""),"Fully accepted",IF(H40<>"","COR only",IF(J40<>"","J698 only",""))) | L40: =A40-TodayD -> 90 | M40: =IF(K40="Fully accepted","Done",IF(F40="N/A","N/A",IF(F40="Returned","Returned: resubmit",IF(K40="J698 only","Awaiting J698",IF(K40="COR only","Awaiting COR",IF(F40="Submitted","Awaiting COR + J698",IF(A40<TodayD,"OVERDUE",IF(A40-TodayD<=7,"Due within 7 days",""))))))))
A41: =Monthly!J61 -> 46398 | B41: =TEXT(A41,"ddd") -> Mon | C41: B32 | D41: Technical Documentation & Report(s) – Dec 2026 | E41: Monthly | F41: =IF(Monthly!J62="","",Monthly!J62) | G41: =IF(Monthly!J63="","",Monthly!J63) | H41: =IF(Monthly!J64="","",Monthly!J64) | I41: =IF(Monthly!J65="","",Monthly!J65) | J41: =IF(Monthly!J66="","",Monthly!J66) | K41: =IF(AND(H41<>"",J41<>""),"Fully accepted",IF(H41<>"","COR only",IF(J41<>"","J698 only",""))) | L41: =A41-TodayD -> 90 | M41: =IF(K41="Fully accepted","Done",IF(F41="N/A","N/A",IF(F41="Returned","Returned: resubmit",IF(K41="J698 only","Awaiting J698",IF(K41="COR only","Awaiting COR",IF(F41="Submitted","Awaiting COR + J698",IF(A41<TodayD,"OVERDUE",IF(A41-TodayD<=7,"Due within 7 days",""))))))))
A42: =Monthly!J68 -> 46398 | B42: =TEXT(A42,"ddd") -> Mon | C42: B35 | D42: Non-Disclosure Agreement Report – Dec 2026 | E42: Monthly | F42: =IF(Monthly!J69="","",Monthly!J69) | G42: =IF(Monthly!J70="","",Monthly!J70) | H42: =IF(Monthly!J71="","",Monthly!J71) | I42: =IF(Monthly!J72="","",Monthly!J72) | J42: =IF(Monthly!J73="","",Monthly!J73) | K42: =IF(AND(H42<>"",J42<>""),"Fully accepted",IF(H42<>"","COR only",IF(J42<>"","J698 only",""))) | L42: =A42-TodayD -> 90 | M42: =IF(K42="Fully accepted","Done",IF(F42="N/A","N/A",IF(F42="Returned","Returned: resubmit",IF(K42="J698 only","Awaiting J698",IF(K42="COR only","Awaiting COR",IF(F42="Submitted","Awaiting COR + J698",IF(A42<TodayD,"OVERDUE",IF(A42-TodayD<=7,"Due within 7 days",""))))))))
A43: =Monthly!J12 -> 46399 | B43: =TEXT(A43,"ddd") -> Tue | C43: B02 | D43: 90-Day Action Plan – Dec 2026 | E43: Monthly | F43: =IF(Monthly!J13="","",Monthly!J13) | G43: =IF(Monthly!J14="","",Monthly!J14) | H43: =IF(Monthly!J15="","",Monthly!J15) | I43: =IF(Monthly!J16="","",Monthly!J16) | J43: =IF(Monthly!J17="","",Monthly!J17) | K43: =IF(AND(H43<>"",J43<>""),"Fully accepted",IF(H43<>"","COR only",IF(J43<>"","J698 only",""))) | L43: =A43-TodayD -> 91 | M43: =IF(K43="Fully accepted","Done",IF(F43="N/A","N/A",IF(F43="Returned","Returned: resubmit",IF(K43="J698 only","Awaiting J698",IF(K43="COR only","Awaiting COR",IF(F43="Submitted","Awaiting COR + J698",IF(A43<TodayD,"OVERDUE",IF(A43-TodayD<=7,"Due within 7 days",""))))))))
A44: =Weekly!S5 -> 46402 | B44: =TEXT(A44,"ddd") -> Fri | C44: B04 | D44: Weekly Activity Report (WAR) – Wk 11 | E44: Weekly | F44: =IF(Weekly!S6="","",Weekly!S6) | G44: =IF(Weekly!S7="","",Weekly!S7) | H44: =IF(Weekly!S8="","",Weekly!S8) | I44: =IF(Weekly!S9="","",Weekly!S9) | J44: =IF(Weekly!S10="","",Weekly!S10) | K44: =IF(AND(H44<>"",J44<>""),"Fully accepted",IF(H44<>"","COR only",IF(J44<>"","J698 only",""))) | L44: =A44-TodayD -> 94 | M44: =IF(K44="Fully accepted","Done",IF(F44="N/A","N/A",IF(F44="Returned","Returned: resubmit",IF(K44="J698 only","Awaiting J698",IF(K44="COR only","Awaiting COR",IF(F44="Submitted","Awaiting COR + J698",IF(A44<TodayD,"OVERDUE",IF(A44-TodayD<=7,"Due within 7 days",""))))))))
A45: =Weekly!S12 -> 46402 | B45: =TEXT(A45,"ddd") -> Fri | C45: B34 | D45: Weekly Activity Report (WAR) – Wk 11 | E45: Weekly | F45: =IF(Weekly!S13="","",Weekly!S13) | G45: =IF(Weekly!S14="","",Weekly!S14) | H45: =IF(Weekly!S15="","",Weekly!S15) | I45: =IF(Weekly!S16="","",Weekly!S16) | J45: =IF(Weekly!S17="","",Weekly!S17) | K45: =IF(AND(H45<>"",J45<>""),"Fully accepted",IF(H45<>"","COR only",IF(J45<>"","J698 only",""))) | L45: =A45-TodayD -> 94 | M45: =IF(K45="Fully accepted","Done",IF(F45="N/A","N/A",IF(F45="Returned","Returned: resubmit",IF(K45="J698 only","Awaiting J698",IF(K45="COR only","Awaiting COR",IF(F45="Submitted","Awaiting COR + J698",IF(A45<TodayD,"OVERDUE",IF(A45-TodayD<=7,"Due within 7 days",""))))))))
A46: =WORKDAY(ClockStart,60) -> 46409 | B46: =TEXT(A46,"ddd") -> Fri | C46: B02 | D46: B02 – Final 90-Day Action Plan | E46: One-time | K46: =IF(AND(H46<>"",J46<>""),"Fully accepted",IF(H46<>"","COR only",IF(J46<>"","J698 only",""))) | L46: =A46-TodayD -> 101 | M46: =IF(K46="Fully accepted","Done",IF(F46="N/A","N/A",IF(F46="Returned","Returned: resubmit",IF(K46="J698 only","Awaiting J698",IF(K46="COR only","Awaiting COR",IF(F46="Submitted","Awaiting COR + J698",IF(A46<TodayD,"OVERDUE",IF(A46-TodayD<=7,"Due within 7 days","")))))))) | N46: Final 90-Day Action Plan: 60 business days after award.
A47: =Monthly!J19 -> 46409 | B47: =TEXT(A47,"ddd") -> Fri | C47: B03 | D47: Contractor Performance Report (CPR) – Dec 2026 | E47: Monthly | F47: =IF(Monthly!J20="","",Monthly!J20) | G47: =IF(Monthly!J21="","",Monthly!J21) | H47: =IF(Monthly!J22="","",Monthly!J22) | I47: =IF(Monthly!J23="","",Monthly!J23) | J47: =IF(Monthly!J24="","",Monthly!J24) | K47: =IF(AND(H47<>"",J47<>""),"Fully accepted",IF(H47<>"","COR only",IF(J47<>"","J698 only",""))) | L47: =A47-TodayD -> 101 | M47: =IF(K47="Fully accepted","Done",IF(F47="N/A","N/A",IF(F47="Returned","Returned: resubmit",IF(K47="J698 only","Awaiting J698",IF(K47="COR only","Awaiting COR",IF(F47="Submitted","Awaiting COR + J698",IF(A47<TodayD,"OVERDUE",IF(A47-TodayD<=7,"Due within 7 days",""))))))))
A48: =Weekly!T5 -> 46409 | B48: =TEXT(A48,"ddd") -> Fri | C48: B04 | D48: Weekly Activity Report (WAR) – Wk 12 | E48: Weekly | F48: =IF(Weekly!T6="","",Weekly!T6) | G48: =IF(Weekly!T7="","",Weekly!T7) | H48: =IF(Weekly!T8="","",Weekly!T8) | I48: =IF(Weekly!T9="","",Weekly!T9) | J48: =IF(Weekly!T10="","",Weekly!T10) | K48: =IF(AND(H48<>"",J48<>""),"Fully accepted",IF(H48<>"","COR only",IF(J48<>"","J698 only",""))) | L48: =A48-TodayD -> 101 | M48: =IF(K48="Fully accepted","Done",IF(F48="N/A","N/A",IF(F48="Returned","Returned: resubmit",IF(K48="J698 only","Awaiting J698",IF(K48="COR only","Awaiting COR",IF(F48="Submitted","Awaiting COR + J698",IF(A48<TodayD,"OVERDUE",IF(A48-TodayD<=7,"Due within 7 days",""))))))))
A49: =Weekly!T12 -> 46409 | B49: =TEXT(A49,"ddd") -> Fri | C49: B34 | D49: Weekly Activity Report (WAR) – Wk 12 | E49: Weekly | F49: =IF(Weekly!T13="","",Weekly!T13) | G49: =IF(Weekly!T14="","",Weekly!T14) | H49: =IF(Weekly!T15="","",Weekly!T15) | I49: =IF(Weekly!T16="","",Weekly!T16) | J49: =IF(Weekly!T17="","",Weekly!T17) | K49: =IF(AND(H49<>"",J49<>""),"Fully accepted",IF(H49<>"","COR only",IF(J49<>"","J698 only",""))) | L49: =A49-TodayD -> 101 | M49: =IF(K49="Fully accepted","Done",IF(F49="N/A","N/A",IF(F49="Returned","Returned: resubmit",IF(K49="J698 only","Awaiting J698",IF(K49="COR only","Awaiting COR",IF(F49="Submitted","Awaiting COR + J698",IF(A49<TodayD,"OVERDUE",IF(A49-TodayD<=7,"Due within 7 days",""))))))))
A50: =Weekly!U5 -> 46416 | B50: =TEXT(A50,"ddd") -> Fri | C50: B04 | D50: Weekly Activity Report (WAR) – Wk 13 | E50: Weekly | F50: =IF(Weekly!U6="","",Weekly!U6) | G50: =IF(Weekly!U7="","",Weekly!U7) | H50: =IF(Weekly!U8="","",Weekly!U8) | I50: =IF(Weekly!U9="","",Weekly!U9) | J50: =IF(Weekly!U10="","",Weekly!U10) | K50: =IF(AND(H50<>"",J50<>""),"Fully accepted",IF(H50<>"","COR only",IF(J50<>"","J698 only",""))) | L50: =A50-TodayD -> 108 | M50: =IF(K50="Fully accepted","Done",IF(F50="N/A","N/A",IF(F50="Returned","Returned: resubmit",IF(K50="J698 only","Awaiting J698",IF(K50="COR only","Awaiting COR",IF(F50="Submitted","Awaiting COR + J698",IF(A50<TodayD,"OVERDUE",IF(A50-TodayD<=7,"Due within 7 days",""))))))))
A51: =Weekly!U12 -> 46416 | B51: =TEXT(A51,"ddd") -> Fri | C51: B34 | D51: Weekly Activity Report (WAR) – Wk 13 | E51: Weekly | F51: =IF(Weekly!U13="","",Weekly!U13) | G51: =IF(Weekly!U14="","",Weekly!U14) | H51: =IF(Weekly!U15="","",Weekly!U15) | I51: =IF(Weekly!U16="","",Weekly!U16) | J51: =IF(Weekly!U17="","",Weekly!U17) | K51: =IF(AND(H51<>"",J51<>""),"Fully accepted",IF(H51<>"","COR only",IF(J51<>"","J698 only",""))) | L51: =A51-TodayD -> 108 | M51: =IF(K51="Fully accepted","Done",IF(F51="N/A","N/A",IF(F51="Returned","Returned: resubmit",IF(K51="J698 only","Awaiting J698",IF(K51="COR only","Awaiting COR",IF(F51="Submitted","Awaiting COR + J698",IF(A51<TodayD,"OVERDUE",IF(A51-TodayD<=7,"Due within 7 days",""))))))))
A52: =Weekly!V5 -> 46423 | B52: =TEXT(A52,"ddd") -> Fri | C52: B04 | D52: Weekly Activity Report (WAR) – Wk 14 | E52: Weekly | F52: =IF(Weekly!V6="","",Weekly!V6) | G52: =IF(Weekly!V7="","",Weekly!V7) | H52: =IF(Weekly!V8="","",Weekly!V8) | I52: =IF(Weekly!V9="","",Weekly!V9) | J52: =IF(Weekly!V10="","",Weekly!V10) | K52: =IF(AND(H52<>"",J52<>""),"Fully accepted",IF(H52<>"","COR only",IF(J52<>"","J698 only",""))) | L52: =A52-TodayD -> 115 | M52: =IF(K52="Fully accepted","Done",IF(F52="N/A","N/A",IF(F52="Returned","Returned: resubmit",IF(K52="J698 only","Awaiting J698",IF(K52="COR only","Awaiting COR",IF(F52="Submitted","Awaiting COR + J698",IF(A52<TodayD,"OVERDUE",IF(A52-TodayD<=7,"Due within 7 days",""))))))))
A53: =Weekly!V12 -> 46423 | B53: =TEXT(A53,"ddd") -> Fri | C53: B34 | D53: Weekly Activity Report (WAR) – Wk 14 | E53: Weekly | F53: =IF(Weekly!V13="","",Weekly!V13) | G53: =IF(Weekly!V14="","",Weekly!V14) | H53: =IF(Weekly!V15="","",Weekly!V15) | I53: =IF(Weekly!V16="","",Weekly!V16) | J53: =IF(Weekly!V17="","",Weekly!V17) | K53: =IF(AND(H53<>"",J53<>""),"Fully accepted",IF(H53<>"","COR only",IF(J53<>"","J698 only",""))) | L53: =A53-TodayD -> 115 | M53: =IF(K53="Fully accepted","Done",IF(F53="N/A","N/A",IF(F53="Returned","Returned: resubmit",IF(K53="J698 only","Awaiting J698",IF(K53="COR only","Awaiting COR",IF(F53="Submitted","Awaiting COR + J698",IF(A53<TodayD,"OVERDUE",IF(A53-TodayD<=7,"Due within 7 days",""))))))))
A54: =Monthly!K5 -> 46428 | B54: =TEXT(A54,"ddd") -> Wed | C54: B01 | D54: Monthly Progress Report (MPR) – Jan 2027 | E54: Monthly | F54: =IF(Monthly!K6="","",Monthly!K6) | G54: =IF(Monthly!K7="","",Monthly!K7) | H54: =IF(Monthly!K8="","",Monthly!K8) | I54: =IF(Monthly!K9="","",Monthly!K9) | J54: =IF(Monthly!K10="","",Monthly!K10) | K54: =IF(AND(H54<>"",J54<>""),"Fully accepted",IF(H54<>"","COR only",IF(J54<>"","J698 only",""))) | L54: =A54-TodayD -> 120 | M54: =IF(K54="Fully accepted","Done",IF(F54="N/A","N/A",IF(F54="Returned","Returned: resubmit",IF(K54="J698 only","Awaiting J698",IF(K54="COR only","Awaiting COR",IF(F54="Submitted","Awaiting COR + J698",IF(A54<TodayD,"OVERDUE",IF(A54-TodayD<=7,"Due within 7 days",""))))))))
A55: =Monthly!K12 -> 46428 | B55: =TEXT(A55,"ddd") -> Wed | C55: B02 | D55: 90-Day Action Plan – Jan 2027 | E55: Monthly | F55: =IF(Monthly!K13="","",Monthly!K13) | G55: =IF(Monthly!K14="","",Monthly!K14) | H55: =IF(Monthly!K15="","",Monthly!K15) | I55: =IF(Monthly!K16="","",Monthly!K16) | J55: =IF(Monthly!K17="","",Monthly!K17) | K55: =IF(AND(H55<>"",J55<>""),"Fully accepted",IF(H55<>"","COR only",IF(J55<>"","J698 only",""))) | L55: =A55-TodayD -> 120 | M55: =IF(K55="Fully accepted","Done",IF(F55="N/A","N/A",IF(F55="Returned","Returned: resubmit",IF(K55="J698 only","Awaiting J698",IF(K55="COR only","Awaiting COR",IF(F55="Submitted","Awaiting COR + J698",IF(A55<TodayD,"OVERDUE",IF(A55-TodayD<=7,"Due within 7 days",""))))))))
A56: =Monthly!K26 -> 46428 | B56: =TEXT(A56,"ddd") -> Wed | C56: B16 | D56: Technical Library Documentation Report – Jan 2027 | E56: Monthly | F56: =IF(Monthly!K27="","",Monthly!K27) | G56: =IF(Monthly!K28="","",Monthly!K28) | H56: =IF(Monthly!K29="","",Monthly!K29) | I56: =IF(Monthly!K30="","",Monthly!K30) | J56: =IF(Monthly!K31="","",Monthly!K31) | K56: =IF(AND(H56<>"",J56<>""),"Fully accepted",IF(H56<>"","COR only",IF(J56<>"","J698 only",""))) | L56: =A56-TodayD -> 120 | M56: =IF(K56="Fully accepted","Done",IF(F56="N/A","N/A",IF(F56="Returned","Returned: resubmit",IF(K56="J698 only","Awaiting J698",IF(K56="COR only","Awaiting COR",IF(F56="Submitted","Awaiting COR + J698",IF(A56<TodayD,"OVERDUE",IF(A56-TodayD<=7,"Due within 7 days",""))))))))
A57: =Monthly!K33 -> 46428 | B57: =TEXT(A57,"ddd") -> Wed | C57: B26 | D57: Authorization and Accreditation (A&A) Packages – Jan 2027 | E57: Monthly | F57: =IF(Monthly!K34="","",Monthly!K34) | G57: =IF(Monthly!K35="","",Monthly!K35) | H57: =IF(Monthly!K36="","",Monthly!K36) | I57: =IF(Monthly!K37="","",Monthly!K37) | J57: =IF(Monthly!K38="","",Monthly!K38) | K57: =IF(AND(H57<>"",J57<>""),"Fully accepted",IF(H57<>"","COR only",IF(J57<>"","J698 only",""))) | L57: =A57-TodayD -> 120 | M57: =IF(K57="Fully accepted","Done",IF(F57="N/A","N/A",IF(F57="Returned","Returned: resubmit",IF(K57="J698 only","Awaiting J698",IF(K57="COR only","Awaiting COR",IF(F57="Submitted","Awaiting COR + J698",IF(A57<TodayD,"OVERDUE",IF(A57-TodayD<=7,"Due within 7 days",""))))))))
A58: =Monthly!K40 -> 46428 | B58: =TEXT(A58,"ddd") -> Wed | C58: B29 | D58: Network Installation / De-installation Report – Jan 2027 | E58: Monthly | F58: =IF(Monthly!K41="","",Monthly!K41) | G58: =IF(Monthly!K42="","",Monthly!K42) | H58: =IF(Monthly!K43="","",Monthly!K43) | I58: =IF(Monthly!K44="","",Monthly!K44) | J58: =IF(Monthly!K45="","",Monthly!K45) | K58: =IF(AND(H58<>"",J58<>""),"Fully accepted",IF(H58<>"","COR only",IF(J58<>"","J698 only",""))) | L58: =A58-TodayD -> 120 | M58: =IF(K58="Fully accepted","Done",IF(F58="N/A","N/A",IF(F58="Returned","Returned: resubmit",IF(K58="J698 only","Awaiting J698",IF(K58="COR only","Awaiting COR",IF(F58="Submitted","Awaiting COR + J698",IF(A58<TodayD,"OVERDUE",IF(A58-TodayD<=7,"Due within 7 days",""))))))))
A59: =Monthly!K47 -> 46428 | B59: =TEXT(A59,"ddd") -> Wed | C59: B30 | D59: IAVA Compliance Report – Jan 2027 | E59: Monthly | F59: =IF(Monthly!K48="","",Monthly!K48) | G59: =IF(Monthly!K49="","",Monthly!K49) | H59: =IF(Monthly!K50="","",Monthly!K50) | I59: =IF(Monthly!K51="","",Monthly!K51) | J59: =IF(Monthly!K52="","",Monthly!K52) | K59: =IF(AND(H59<>"",J59<>""),"Fully accepted",IF(H59<>"","COR only",IF(J59<>"","J698 only",""))) | L59: =A59-TodayD -> 120 | M59: =IF(K59="Fully accepted","Done",IF(F59="N/A","N/A",IF(F59="Returned","Returned: resubmit",IF(K59="J698 only","Awaiting J698",IF(K59="COR only","Awaiting COR",IF(F59="Submitted","Awaiting COR + J698",IF(A59<TodayD,"OVERDUE",IF(A59-TodayD<=7,"Due within 7 days",""))))))))
A60: =Monthly!K54 -> 46428 | B60: =TEXT(A60,"ddd") -> Wed | C60: B31 | D60: COMSEC Management Procedures Report – Jan 2027 | E60: Monthly | F60: =IF(Monthly!K55="","",Monthly!K55) | G60: =IF(Monthly!K56="","",Monthly!K56) | H60: =IF(Monthly!K57="","",Monthly!K57) | I60: =IF(Monthly!K58="","",Monthly!K58) | J60: =IF(Monthly!K59="","",Monthly!K59) | K60: =IF(AND(H60<>"",J60<>""),"Fully accepted",IF(H60<>"","COR only",IF(J60<>"","J698 only",""))) | L60: =A60-TodayD -> 120 | M60: =IF(K60="Fully accepted","Done",IF(F60="N/A","N/A",IF(F60="Returned","Returned: resubmit",IF(K60="J698 only","Awaiting J698",IF(K60="COR only","Awaiting COR",IF(F60="Submitted","Awaiting COR + J698",IF(A60<TodayD,"OVERDUE",IF(A60-TodayD<=7,"Due within 7 days",""))))))))
A61: =Monthly!K61 -> 46428 | B61: =TEXT(A61,"ddd") -> Wed | C61: B32 | D61: Technical Documentation & Report(s) – Jan 2027 | E61: Monthly | F61: =IF(Monthly!K62="","",Monthly!K62) | G61: =IF(Monthly!K63="","",Monthly!K63) | H61: =IF(Monthly!K64="","",Monthly!K64) | I61: =IF(Monthly!K65="","",Monthly!K65) | J61: =IF(Monthly!K66="","",Monthly!K66) | K61: =IF(AND(H61<>"",J61<>""),"Fully accepted",IF(H61<>"","COR only",IF(J61<>"","J698 only",""))) | L61: =A61-TodayD -> 120 | M61: =IF(K61="Fully accepted","Done",IF(F61="N/A","N/A",IF(F61="Returned","Returned: resubmit",IF(K61="J698 only","Awaiting J698",IF(K61="COR only","Awaiting COR",IF(F61="Submitted","Awaiting COR + J698",IF(A61<TodayD,"OVERDUE",IF(A61-TodayD<=7,"Due within 7 days",""))))))))
A62: =Monthly!K68 -> 46428 | B62: =TEXT(A62,"ddd") -> Wed | C62: B35 | D62: Non-Disclosure Agreement Report – Jan 2027 | E62: Monthly | F62: =IF(Monthly!K69="","",Monthly!K69) | G62: =IF(Monthly!K70="","",Monthly!K70) | H62: =IF(Monthly!K71="","",Monthly!K71) | I62: =IF(Monthly!K72="","",Monthly!K72) | J62: =IF(Monthly!K73="","",Monthly!K73) | K62: =IF(AND(H62<>"",J62<>""),"Fully accepted",IF(H62<>"","COR only",IF(J62<>"","J698 only",""))) | L62: =A62-TodayD -> 120 | M62: =IF(K62="Fully accepted","Done",IF(F62="N/A","N/A",IF(F62="Returned","Returned: resubmit",IF(K62="J698 only","Awaiting J698",IF(K62="COR only","Awaiting COR",IF(F62="Submitted","Awaiting COR + J698",IF(A62<TodayD,"OVERDUE",IF(A62-TodayD<=7,"Due within 7 days",""))))))))
A63: =Weekly!W5 -> 46430 | B63: =TEXT(A63,"ddd") -> Fri | C63: B04 | D63: Weekly Activity Report (WAR) – Wk 15 | E63: Weekly | F63: =IF(Weekly!W6="","",Weekly!W6) | G63: =IF(Weekly!W7="","",Weekly!W7) | H63: =IF(Weekly!W8="","",Weekly!W8) | I63: =IF(Weekly!W9="","",Weekly!W9) | J63: =IF(Weekly!W10="","",Weekly!W10) | K63: =IF(AND(H63<>"",J63<>""),"Fully accepted",IF(H63<>"","COR only",IF(J63<>"","J698 only",""))) | L63: =A63-TodayD -> 122 | M63: =IF(K63="Fully accepted","Done",IF(F63="N/A","N/A",IF(F63="Returned","Returned: resubmit",IF(K63="J698 only","Awaiting J698",IF(K63="COR only","Awaiting COR",IF(F63="Submitted","Awaiting COR + J698",IF(A63<TodayD,"OVERDUE",IF(A63-TodayD<=7,"Due within 7 days",""))))))))
A64: =Weekly!W12 -> 46430 | B64: =TEXT(A64,"ddd") -> Fri | C64: B34 | D64: Weekly Activity Report (WAR) – Wk 15 | E64: Weekly | F64: =IF(Weekly!W13="","",Weekly!W13) | G64: =IF(Weekly!W14="","",Weekly!W14) | H64: =IF(Weekly!W15="","",Weekly!W15) | I64: =IF(Weekly!W16="","",Weekly!W16) | J64: =IF(Weekly!W17="","",Weekly!W17) | K64: =IF(AND(H64<>"",J64<>""),"Fully accepted",IF(H64<>"","COR only",IF(J64<>"","J698 only",""))) | L64: =A64-TodayD -> 122 | M64: =IF(K64="Fully accepted","Done",IF(F64="N/A","N/A",IF(F64="Returned","Returned: resubmit",IF(K64="J698 only","Awaiting J698",IF(K64="COR only","Awaiting COR",IF(F64="Submitted","Awaiting COR + J698",IF(A64<TodayD,"OVERDUE",IF(A64-TodayD<=7,"Due within 7 days",""))))))))
A65: =Weekly!X5 -> 46437 | B65: =TEXT(A65,"ddd") -> Fri | C65: B04 | D65: Weekly Activity Report (WAR) – Wk 16 | E65: Weekly | F65: =IF(Weekly!X6="","",Weekly!X6) | G65: =IF(Weekly!X7="","",Weekly!X7) | H65: =IF(Weekly!X8="","",Weekly!X8) | I65: =IF(Weekly!X9="","",Weekly!X9) | J65: =IF(Weekly!X10="","",Weekly!X10) | K65: =IF(AND(H65<>"",J65<>""),"Fully accepted",IF(H65<>"","COR only",IF(J65<>"","J698 only",""))) | L65: =A65-TodayD -> 129 | M65: =IF(K65="Fully accepted","Done",IF(F65="N/A","N/A",IF(F65="Returned","Returned: resubmit",IF(K65="J698 only","Awaiting J698",IF(K65="COR only","Awaiting COR",IF(F65="Submitted","Awaiting COR + J698",IF(A65<TodayD,"OVERDUE",IF(A65-TodayD<=7,"Due within 7 days",""))))))))
A66: =Weekly!X12 -> 46437 | B66: =TEXT(A66,"ddd") -> Fri | C66: B34 | D66: Weekly Activity Report (WAR) – Wk 16 | E66: Weekly | F66: =IF(Weekly!X13="","",Weekly!X13) | G66: =IF(Weekly!X14="","",Weekly!X14) | H66: =IF(Weekly!X15="","",Weekly!X15) | I66: =IF(Weekly!X16="","",Weekly!X16) | J66: =IF(Weekly!X17="","",Weekly!X17) | K66: =IF(AND(H66<>"",J66<>""),"Fully accepted",IF(H66<>"","COR only",IF(J66<>"","J698 only",""))) | L66: =A66-TodayD -> 129 | M66: =IF(K66="Fully accepted","Done",IF(F66="N/A","N/A",IF(F66="Returned","Returned: resubmit",IF(K66="J698 only","Awaiting J698",IF(K66="COR only","Awaiting COR",IF(F66="Submitted","Awaiting COR + J698",IF(A66<TodayD,"OVERDUE",IF(A66-TodayD<=7,"Due within 7 days",""))))))))
A67: =Monthly!K19 -> 46440 | B67: =TEXT(A67,"ddd") -> Mon | C67: B03 | D67: Contractor Performance Report (CPR) – Jan 2027 | E67: Monthly | F67: =IF(Monthly!K20="","",Monthly!K20) | G67: =IF(Monthly!K21="","",Monthly!K21) | H67: =IF(Monthly!K22="","",Monthly!K22) | I67: =IF(Monthly!K23="","",Monthly!K23) | J67: =IF(Monthly!K24="","",Monthly!K24) | K67: =IF(AND(H67<>"",J67<>""),"Fully accepted",IF(H67<>"","COR only",IF(J67<>"","J698 only",""))) | L67: =A67-TodayD -> 132 | M67: =IF(K67="Fully accepted","Done",IF(F67="N/A","N/A",IF(F67="Returned","Returned: resubmit",IF(K67="J698 only","Awaiting J698",IF(K67="COR only","Awaiting COR",IF(F67="Submitted","Awaiting COR + J698",IF(A67<TodayD,"OVERDUE",IF(A67-TodayD<=7,"Due within 7 days",""))))))))
A68: =Weekly!Y5 -> 46444 | B68: =TEXT(A68,"ddd") -> Fri | C68: B04 | D68: Weekly Activity Report (WAR) – Wk 17 | E68: Weekly | F68: =IF(Weekly!Y6="","",Weekly!Y6) | G68: =IF(Weekly!Y7="","",Weekly!Y7) | H68: =IF(Weekly!Y8="","",Weekly!Y8) | I68: =IF(Weekly!Y9="","",Weekly!Y9) | J68: =IF(Weekly!Y10="","",Weekly!Y10) | K68: =IF(AND(H68<>"",J68<>""),"Fully accepted",IF(H68<>"","COR only",IF(J68<>"","J698 only",""))) | L68: =A68-TodayD -> 136 | M68: =IF(K68="Fully accepted","Done",IF(F68="N/A","N/A",IF(F68="Returned","Returned: resubmit",IF(K68="J698 only","Awaiting J698",IF(K68="COR only","Awaiting COR",IF(F68="Submitted","Awaiting COR + J698",IF(A68<TodayD,"OVERDUE",IF(A68-TodayD<=7,"Due within 7 days",""))))))))
A69: =Weekly!Y12 -> 46444 | B69: =TEXT(A69,"ddd") -> Fri | C69: B34 | D69: Weekly Activity Report (WAR) – Wk 17 | E69: Weekly | F69: =IF(Weekly!Y13="","",Weekly!Y13) | G69: =IF(Weekly!Y14="","",Weekly!Y14) | H69: =IF(Weekly!Y15="","",Weekly!Y15) | I69: =IF(Weekly!Y16="","",Weekly!Y16) | J69: =IF(Weekly!Y17="","",Weekly!Y17) | K69: =IF(AND(H69<>"",J69<>""),"Fully accepted",IF(H69<>"","COR only",IF(J69<>"","J698 only",""))) | L69: =A69-TodayD -> 136 | M69: =IF(K69="Fully accepted","Done",IF(F69="N/A","N/A",IF(F69="Returned","Returned: resubmit",IF(K69="J698 only","Awaiting J698",IF(K69="COR only","Awaiting COR",IF(F69="Submitted","Awaiting COR + J698",IF(A69<TodayD,"OVERDUE",IF(A69-TodayD<=7,"Due within 7 days",""))))))))
A70: =Weekly!Z5 -> 46451 | B70: =TEXT(A70,"ddd") -> Fri | C70: B04 | D70: Weekly Activity Report (WAR) – Wk 18 | E70: Weekly | F70: =IF(Weekly!Z6="","",Weekly!Z6) | G70: =IF(Weekly!Z7="","",Weekly!Z7) | H70: =IF(Weekly!Z8="","",Weekly!Z8) | I70: =IF(Weekly!Z9="","",Weekly!Z9) | J70: =IF(Weekly!Z10="","",Weekly!Z10) | K70: =IF(AND(H70<>"",J70<>""),"Fully accepted",IF(H70<>"","COR only",IF(J70<>"","J698 only",""))) | L70: =A70-TodayD -> 143 | M70: =IF(K70="Fully accepted","Done",IF(F70="N/A","N/A",IF(F70="Returned","Returned: resubmit",IF(K70="J698 only","Awaiting J698",IF(K70="COR only","Awaiting COR",IF(F70="Submitted","Awaiting COR + J698",IF(A70<TodayD,"OVERDUE",IF(A70-TodayD<=7,"Due within 7 days",""))))))))
A71: =Weekly!Z12 -> 46451 | B71: =TEXT(A71,"ddd") -> Fri | C71: B34 | D71: Weekly Activity Report (WAR) – Wk 18 | E71: Weekly | F71: =IF(Weekly!Z13="","",Weekly!Z13) | G71: =IF(Weekly!Z14="","",Weekly!Z14) | H71: =IF(Weekly!Z15="","",Weekly!Z15) | I71: =IF(Weekly!Z16="","",Weekly!Z16) | J71: =IF(Weekly!Z17="","",Weekly!Z17) | K71: =IF(AND(H71<>"",J71<>""),"Fully accepted",IF(H71<>"","COR only",IF(J71<>"","J698 only",""))) | L71: =A71-TodayD -> 143 | M71: =IF(K71="Fully accepted","Done",IF(F71="N/A","N/A",IF(F71="Returned","Returned: resubmit",IF(K71="J698 only","Awaiting J698",IF(K71="COR only","Awaiting COR",IF(F71="Submitted","Awaiting COR + J698",IF(A71<TodayD,"OVERDUE",IF(A71-TodayD<=7,"Due within 7 days",""))))))))
A72: =Monthly!L5 -> 46456 | B72: =TEXT(A72,"ddd") -> Wed | C72: B01 | D72: Monthly Progress Report (MPR) – Feb 2027 | E72: Monthly | F72: =IF(Monthly!L6="","",Monthly!L6) | G72: =IF(Monthly!L7="","",Monthly!L7) | H72: =IF(Monthly!L8="","",Monthly!L8) | I72: =IF(Monthly!L9="","",Monthly!L9) | J72: =IF(Monthly!L10="","",Monthly!L10) | K72: =IF(AND(H72<>"",J72<>""),"Fully accepted",IF(H72<>"","COR only",IF(J72<>"","J698 only",""))) | L72: =A72-TodayD -> 148 | M72: =IF(K72="Fully accepted","Done",IF(F72="N/A","N/A",IF(F72="Returned","Returned: resubmit",IF(K72="J698 only","Awaiting J698",IF(K72="COR only","Awaiting COR",IF(F72="Submitted","Awaiting COR + J698",IF(A72<TodayD,"OVERDUE",IF(A72-TodayD<=7,"Due within 7 days",""))))))))
A73: =Monthly!L12 -> 46456 | B73: =TEXT(A73,"ddd") -> Wed | C73: B02 | D73: 90-Day Action Plan – Feb 2027 | E73: Monthly | F73: =IF(Monthly!L13="","",Monthly!L13) | G73: =IF(Monthly!L14="","",Monthly!L14) | H73: =IF(Monthly!L15="","",Monthly!L15) | I73: =IF(Monthly!L16="","",Monthly!L16) | J73: =IF(Monthly!L17="","",Monthly!L17) | K73: =IF(AND(H73<>"",J73<>""),"Fully accepted",IF(H73<>"","COR only",IF(J73<>"","J698 only",""))) | L73: =A73-TodayD -> 148 | M73: =IF(K73="Fully accepted","Done",IF(F73="N/A","N/A",IF(F73="Returned","Returned: resubmit",IF(K73="J698 only","Awaiting J698",IF(K73="COR only","Awaiting COR",IF(F73="Submitted","Awaiting COR + J698",IF(A73<TodayD,"OVERDUE",IF(A73-TodayD<=7,"Due within 7 days",""))))))))
A74: =Monthly!L26 -> 46456 | B74: =TEXT(A74,"ddd") -> Wed | C74: B16 | D74: Technical Library Documentation Report – Feb 2027 | E74: Monthly | F74: =IF(Monthly!L27="","",Monthly!L27) | G74: =IF(Monthly!L28="","",Monthly!L28) | H74: =IF(Monthly!L29="","",Monthly!L29) | I74: =IF(Monthly!L30="","",Monthly!L30) | J74: =IF(Monthly!L31="","",Monthly!L31) | K74: =IF(AND(H74<>"",J74<>""),"Fully accepted",IF(H74<>"","COR only",IF(J74<>"","J698 only",""))) | L74: =A74-TodayD -> 148 | M74: =IF(K74="Fully accepted","Done",IF(F74="N/A","N/A",IF(F74="Returned","Returned: resubmit",IF(K74="J698 only","Awaiting J698",IF(K74="COR only","Awaiting COR",IF(F74="Submitted","Awaiting COR + J698",IF(A74<TodayD,"OVERDUE",IF(A74-TodayD<=7,"Due within 7 days",""))))))))
A75: =Monthly!L33 -> 46456 | B75: =TEXT(A75,"ddd") -> Wed | C75: B26 | D75: Authorization and Accreditation (A&A) Packages – Feb 2027 | E75: Monthly | F75: =IF(Monthly!L34="","",Monthly!L34) | G75: =IF(Monthly!L35="","",Monthly!L35) | H75: =IF(Monthly!L36="","",Monthly!L36) | I75: =IF(Monthly!L37="","",Monthly!L37) | J75: =IF(Monthly!L38="","",Monthly!L38) | K75: =IF(AND(H75<>"",J75<>""),"Fully accepted",IF(H75<>"","COR only",IF(J75<>"","J698 only",""))) | L75: =A75-TodayD -> 148 | M75: =IF(K75="Fully accepted","Done",IF(F75="N/A","N/A",IF(F75="Returned","Returned: resubmit",IF(K75="J698 only","Awaiting J698",IF(K75="COR only","Awaiting COR",IF(F75="Submitted","Awaiting COR + J698",IF(A75<TodayD,"OVERDUE",IF(A75-TodayD<=7,"Due within 7 days",""))))))))
A76: =Monthly!L40 -> 46456 | B76: =TEXT(A76,"ddd") -> Wed | C76: B29 | D76: Network Installation / De-installation Report – Feb 2027 | E76: Monthly | F76: =IF(Monthly!L41="","",Monthly!L41) | G76: =IF(Monthly!L42="","",Monthly!L42) | H76: =IF(Monthly!L43="","",Monthly!L43) | I76: =IF(Monthly!L44="","",Monthly!L44) | J76: =IF(Monthly!L45="","",Monthly!L45) | K76: =IF(AND(H76<>"",J76<>""),"Fully accepted",IF(H76<>"","COR only",IF(J76<>"","J698 only",""))) | L76: =A76-TodayD -> 148 | M76: =IF(K76="Fully accepted","Done",IF(F76="N/A","N/A",IF(F76="Returned","Returned: resubmit",IF(K76="J698 only","Awaiting J698",IF(K76="COR only","Awaiting COR",IF(F76="Submitted","Awaiting COR + J698",IF(A76<TodayD,"OVERDUE",IF(A76-TodayD<=7,"Due within 7 days",""))))))))
A77: =Monthly!L47 -> 46456 | B77: =TEXT(A77,"ddd") -> Wed | C77: B30 | D77: IAVA Compliance Report – Feb 2027 | E77: Monthly | F77: =IF(Monthly!L48="","",Monthly!L48) | G77: =IF(Monthly!L49="","",Monthly!L49) | H77: =IF(Monthly!L50="","",Monthly!L50) | I77: =IF(Monthly!L51="","",Monthly!L51) | J77: =IF(Monthly!L52="","",Monthly!L52) | K77: =IF(AND(H77<>"",J77<>""),"Fully accepted",IF(H77<>"","COR only",IF(J77<>"","J698 only",""))) | L77: =A77-TodayD -> 148 | M77: =IF(K77="Fully accepted","Done",IF(F77="N/A","N/A",IF(F77="Returned","Returned: resubmit",IF(K77="J698 only","Awaiting J698",IF(K77="COR only","Awaiting COR",IF(F77="Submitted","Awaiting COR + J698",IF(A77<TodayD,"OVERDUE",IF(A77-TodayD<=7,"Due within 7 days",""))))))))
A78: =Monthly!L54 -> 46456 | B78: =TEXT(A78,"ddd") -> Wed | C78: B31 | D78: COMSEC Management Procedures Report – Feb 2027 | E78: Monthly | F78: =IF(Monthly!L55="","",Monthly!L55) | G78: =IF(Monthly!L56="","",Monthly!L56) | H78: =IF(Monthly!L57="","",Monthly!L57) | I78: =IF(Monthly!L58="","",Monthly!L58) | J78: =IF(Monthly!L59="","",Monthly!L59) | K78: =IF(AND(H78<>"",J78<>""),"Fully accepted",IF(H78<>"","COR only",IF(J78<>"","J698 only",""))) | L78: =A78-TodayD -> 148 | M78: =IF(K78="Fully accepted","Done",IF(F78="N/A","N/A",IF(F78="Returned","Returned: resubmit",IF(K78="J698 only","Awaiting J698",IF(K78="COR only","Awaiting COR",IF(F78="Submitted","Awaiting COR + J698",IF(A78<TodayD,"OVERDUE",IF(A78-TodayD<=7,"Due within 7 days",""))))))))
A79: =Monthly!L61 -> 46456 | B79: =TEXT(A79,"ddd") -> Wed | C79: B32 | D79: Technical Documentation & Report(s) – Feb 2027 | E79: Monthly | F79: =IF(Monthly!L62="","",Monthly!L62) | G79: =IF(Monthly!L63="","",Monthly!L63) | H79: =IF(Monthly!L64="","",Monthly!L64) | I79: =IF(Monthly!L65="","",Monthly!L65) | J79: =IF(Monthly!L66="","",Monthly!L66) | K79: =IF(AND(H79<>"",J79<>""),"Fully accepted",IF(H79<>"","COR only",IF(J79<>"","J698 only",""))) | L79: =A79-TodayD -> 148 | M79: =IF(K79="Fully accepted","Done",IF(F79="N/A","N/A",IF(F79="Returned","Returned: resubmit",IF(K79="J698 only","Awaiting J698",IF(K79="COR only","Awaiting COR",IF(F79="Submitted","Awaiting COR + J698",IF(A79<TodayD,"OVERDUE",IF(A79-TodayD<=7,"Due within 7 days",""))))))))
A80: =Monthly!L68 -> 46456 | B80: =TEXT(A80,"ddd") -> Wed | C80: B35 | D80: Non-Disclosure Agreement Report – Feb 2027 | E80: Monthly | F80: =IF(Monthly!L69="","",Monthly!L69) | G80: =IF(Monthly!L70="","",Monthly!L70) | H80: =IF(Monthly!L71="","",Monthly!L71) | I80: =IF(Monthly!L72="","",Monthly!L72) | J80: =IF(Monthly!L73="","",Monthly!L73) | K80: =IF(AND(H80<>"",J80<>""),"Fully accepted",IF(H80<>"","COR only",IF(J80<>"","J698 only",""))) | L80: =A80-TodayD -> 148 | M80: =IF(K80="Fully accepted","Done",IF(F80="N/A","N/A",IF(F80="Returned","Returned: resubmit",IF(K80="J698 only","Awaiting J698",IF(K80="COR only","Awaiting COR",IF(F80="Submitted","Awaiting COR + J698",IF(A80<TodayD,"OVERDUE",IF(A80-TodayD<=7,"Due within 7 days",""))))))))
A81: =Weekly!AA5 -> 46458 | B81: =TEXT(A81,"ddd") -> Fri | C81: B04 | D81: Weekly Activity Report (WAR) – Wk 19 | E81: Weekly | F81: =IF(Weekly!AA6="","",Weekly!AA6) | G81: =IF(Weekly!AA7="","",Weekly!AA7) | H81: =IF(Weekly!AA8="","",Weekly!AA8) | I81: =IF(Weekly!AA9="","",Weekly!AA9) | J81: =IF(Weekly!AA10="","",Weekly!AA10) | K81: =IF(AND(H81<>"",J81<>""),"Fully accepted",IF(H81<>"","COR only",IF(J81<>"","J698 only",""))) | L81: =A81-TodayD -> 150 | M81: =IF(K81="Fully accepted","Done",IF(F81="N/A","N/A",IF(F81="Returned","Returned: resubmit",IF(K81="J698 only","Awaiting J698",IF(K81="COR only","Awaiting COR",IF(F81="Submitted","Awaiting COR + J698",IF(A81<TodayD,"OVERDUE",IF(A81-TodayD<=7,"Due within 7 days",""))))))))
A82: =Weekly!AA12 -> 46458 | B82: =TEXT(A82,"ddd") -> Fri | C82: B34 | D82: Weekly Activity Report (WAR) – Wk 19 | E82: Weekly | F82: =IF(Weekly!AA13="","",Weekly!AA13) | G82: =IF(Weekly!AA14="","",Weekly!AA14) | H82: =IF(Weekly!AA15="","",Weekly!AA15) | I82: =IF(Weekly!AA16="","",Weekly!AA16) | J82: =IF(Weekly!AA17="","",Weekly!AA17) | K82: =IF(AND(H82<>"",J82<>""),"Fully accepted",IF(H82<>"","COR only",IF(J82<>"","J698 only",""))) | L82: =A82-TodayD -> 150 | M82: =IF(K82="Fully accepted","Done",IF(F82="N/A","N/A",IF(F82="Returned","Returned: resubmit",IF(K82="J698 only","Awaiting J698",IF(K82="COR only","Awaiting COR",IF(F82="Submitted","Awaiting COR + J698",IF(A82<TodayD,"OVERDUE",IF(A82-TodayD<=7,"Due within 7 days",""))))))))
A83: =Weekly!AB5 -> 46465 | B83: =TEXT(A83,"ddd") -> Fri | C83: B04 | D83: Weekly Activity Report (WAR) – Wk 20 | E83: Weekly | F83: =IF(Weekly!AB6="","",Weekly!AB6) | G83: =IF(Weekly!AB7="","",Weekly!AB7) | H83: =IF(Weekly!AB8="","",Weekly!AB8) | I83: =IF(Weekly!AB9="","",Weekly!AB9) | J83: =IF(Weekly!AB10="","",Weekly!AB10) | K83: =IF(AND(H83<>"",J83<>""),"Fully accepted",IF(H83<>"","COR only",IF(J83<>"","J698 only",""))) | L83: =A83-TodayD -> 157 | M83: =IF(K83="Fully accepted","Done",IF(F83="N/A","N/A",IF(F83="Returned","Returned: resubmit",IF(K83="J698 only","Awaiting J698",IF(K83="COR only","Awaiting COR",IF(F83="Submitted","Awaiting COR + J698",IF(A83<TodayD,"OVERDUE",IF(A83-TodayD<=7,"Due within 7 days",""))))))))
A84: =Weekly!AB12 -> 46465 | B84: =TEXT(A84,"ddd") -> Fri | C84: B34 | D84: Weekly Activity Report (WAR) – Wk 20 | E84: Weekly | F84: =IF(Weekly!AB13="","",Weekly!AB13) | G84: =IF(Weekly!AB14="","",Weekly!AB14) | H84: =IF(Weekly!AB15="","",Weekly!AB15) | I84: =IF(Weekly!AB16="","",Weekly!AB16) | J84: =IF(Weekly!AB17="","",Weekly!AB17) | K84: =IF(AND(H84<>"",J84<>""),"Fully accepted",IF(H84<>"","COR only",IF(J84<>"","J698 only",""))) | L84: =A84-TodayD -> 157 | M84: =IF(K84="Fully accepted","Done",IF(F84="N/A","N/A",IF(F84="Returned","Returned: resubmit",IF(K84="J698 only","Awaiting J698",IF(K84="COR only","Awaiting COR",IF(F84="Submitted","Awaiting COR + J698",IF(A84<TodayD,"OVERDUE",IF(A84-TodayD<=7,"Due within 7 days",""))))))))
A85: =Monthly!L19 -> 46468 | B85: =TEXT(A85,"ddd") -> Mon | C85: B03 | D85: Contractor Performance Report (CPR) – Feb 2027 | E85: Monthly | F85: =IF(Monthly!L20="","",Monthly!L20) | G85: =IF(Monthly!L21="","",Monthly!L21) | H85: =IF(Monthly!L22="","",Monthly!L22) | I85: =IF(Monthly!L23="","",Monthly!L23) | J85: =IF(Monthly!L24="","",Monthly!L24) | K85: =IF(AND(H85<>"",J85<>""),"Fully accepted",IF(H85<>"","COR only",IF(J85<>"","J698 only",""))) | L85: =A85-TodayD -> 160 | M85: =IF(K85="Fully accepted","Done",IF(F85="N/A","N/A",IF(F85="Returned","Returned: resubmit",IF(K85="J698 only","Awaiting J698",IF(K85="COR only","Awaiting COR",IF(F85="Submitted","Awaiting COR + J698",IF(A85<TodayD,"OVERDUE",IF(A85-TodayD<=7,"Due within 7 days",""))))))))
A86: =Weekly!AC5 -> 46472 | B86: =TEXT(A86,"ddd") -> Fri | C86: B04 | D86: Weekly Activity Report (WAR) – Wk 21 | E86: Weekly | F86: =IF(Weekly!AC6="","",Weekly!AC6) | G86: =IF(Weekly!AC7="","",Weekly!AC7) | H86: =IF(Weekly!AC8="","",Weekly!AC8) | I86: =IF(Weekly!AC9="","",Weekly!AC9) | J86: =IF(Weekly!AC10="","",Weekly!AC10) | K86: =IF(AND(H86<>"",J86<>""),"Fully accepted",IF(H86<>"","COR only",IF(J86<>"","J698 only",""))) | L86: =A86-TodayD -> 164 | M86: =IF(K86="Fully accepted","Done",IF(F86="N/A","N/A",IF(F86="Returned","Returned: resubmit",IF(K86="J698 only","Awaiting J698",IF(K86="COR only","Awaiting COR",IF(F86="Submitted","Awaiting COR + J698",IF(A86<TodayD,"OVERDUE",IF(A86-TodayD<=7,"Due within 7 days",""))))))))
A87: =Weekly!AC12 -> 46472 | B87: =TEXT(A87,"ddd") -> Fri | C87: B34 | D87: Weekly Activity Report (WAR) – Wk 21 | E87: Weekly | F87: =IF(Weekly!AC13="","",Weekly!AC13) | G87: =IF(Weekly!AC14="","",Weekly!AC14) | H87: =IF(Weekly!AC15="","",Weekly!AC15) | I87: =IF(Weekly!AC16="","",Weekly!AC16) | J87: =IF(Weekly!AC17="","",Weekly!AC17) | K87: =IF(AND(H87<>"",J87<>""),"Fully accepted",IF(H87<>"","COR only",IF(J87<>"","J698 only",""))) | L87: =A87-TodayD -> 164 | M87: =IF(K87="Fully accepted","Done",IF(F87="N/A","N/A",IF(F87="Returned","Returned: resubmit",IF(K87="J698 only","Awaiting J698",IF(K87="COR only","Awaiting COR",IF(F87="Submitted","Awaiting COR + J698",IF(A87<TodayD,"OVERDUE",IF(A87-TodayD<=7,"Due within 7 days",""))))))))
A88: =Weekly!AD5 -> 46479 | B88: =TEXT(A88,"ddd") -> Fri | C88: B04 | D88: Weekly Activity Report (WAR) – Wk 22 | E88: Weekly | F88: =IF(Weekly!AD6="","",Weekly!AD6) | G88: =IF(Weekly!AD7="","",Weekly!AD7) | H88: =IF(Weekly!AD8="","",Weekly!AD8) | I88: =IF(Weekly!AD9="","",Weekly!AD9) | J88: =IF(Weekly!AD10="","",Weekly!AD10) | K88: =IF(AND(H88<>"",J88<>""),"Fully accepted",IF(H88<>"","COR only",IF(J88<>"","J698 only",""))) | L88: =A88-TodayD -> 171 | M88: =IF(K88="Fully accepted","Done",IF(F88="N/A","N/A",IF(F88="Returned","Returned: resubmit",IF(K88="J698 only","Awaiting J698",IF(K88="COR only","Awaiting COR",IF(F88="Submitted","Awaiting COR + J698",IF(A88<TodayD,"OVERDUE",IF(A88-TodayD<=7,"Due within 7 days",""))))))))
A89: =Weekly!AD12 -> 46479 | B89: =TEXT(A89,"ddd") -> Fri | C89: B34 | D89: Weekly Activity Report (WAR) – Wk 22 | E89: Weekly | F89: =IF(Weekly!AD13="","",Weekly!AD13) | G89: =IF(Weekly!AD14="","",Weekly!AD14) | H89: =IF(Weekly!AD15="","",Weekly!AD15) | I89: =IF(Weekly!AD16="","",Weekly!AD16) | J89: =IF(Weekly!AD17="","",Weekly!AD17) | K89: =IF(AND(H89<>"",J89<>""),"Fully accepted",IF(H89<>"","COR only",IF(J89<>"","J698 only",""))) | L89: =A89-TodayD -> 171 | M89: =IF(K89="Fully accepted","Done",IF(F89="N/A","N/A",IF(F89="Returned","Returned: resubmit",IF(K89="J698 only","Awaiting J698",IF(K89="COR only","Awaiting COR",IF(F89="Submitted","Awaiting COR + J698",IF(A89<TodayD,"OVERDUE",IF(A89-TodayD<=7,"Due within 7 days",""))))))))
A90: =Weekly!AE5 -> 46486 | B90: =TEXT(A90,"ddd") -> Fri | C90: B04 | D90: Weekly Activity Report (WAR) – Wk 23 | E90: Weekly | F90: =IF(Weekly!AE6="","",Weekly!AE6) | G90: =IF(Weekly!AE7="","",Weekly!AE7) | H90: =IF(Weekly!AE8="","",Weekly!AE8) | I90: =IF(Weekly!AE9="","",Weekly!AE9) | J90: =IF(Weekly!AE10="","",Weekly!AE10) | K90: =IF(AND(H90<>"",J90<>""),"Fully accepted",IF(H90<>"","COR only",IF(J90<>"","J698 only",""))) | L90: =A90-TodayD -> 178 | M90: =IF(K90="Fully accepted","Done",IF(F90="N/A","N/A",IF(F90="Returned","Returned: resubmit",IF(K90="J698 only","Awaiting J698",IF(K90="COR only","Awaiting COR",IF(F90="Submitted","Awaiting COR + J698",IF(A90<TodayD,"OVERDUE",IF(A90-TodayD<=7,"Due within 7 days",""))))))))
A91: =Weekly!AE12 -> 46486 | B91: =TEXT(A91,"ddd") -> Fri | C91: B34 | D91: Weekly Activity Report (WAR) – Wk 23 | E91: Weekly | F91: =IF(Weekly!AE13="","",Weekly!AE13) | G91: =IF(Weekly!AE14="","",Weekly!AE14) | H91: =IF(Weekly!AE15="","",Weekly!AE15) | I91: =IF(Weekly!AE16="","",Weekly!AE16) | J91: =IF(Weekly!AE17="","",Weekly!AE17) | K91: =IF(AND(H91<>"",J91<>""),"Fully accepted",IF(H91<>"","COR only",IF(J91<>"","J698 only",""))) | L91: =A91-TodayD -> 178 | M91: =IF(K91="Fully accepted","Done",IF(F91="N/A","N/A",IF(F91="Returned","Returned: resubmit",IF(K91="J698 only","Awaiting J698",IF(K91="COR only","Awaiting COR",IF(F91="Submitted","Awaiting COR + J698",IF(A91<TodayD,"OVERDUE",IF(A91-TodayD<=7,"Due within 7 days",""))))))))
A92: =Monthly!M5 -> 46489 | B92: =TEXT(A92,"ddd") -> Mon | C92: B01 | D92: Monthly Progress Report (MPR) – Mar 2027 | E92: Monthly | F92: =IF(Monthly!M6="","",Monthly!M6) | G92: =IF(Monthly!M7="","",Monthly!M7) | H92: =IF(Monthly!M8="","",Monthly!M8) | I92: =IF(Monthly!M9="","",Monthly!M9) | J92: =IF(Monthly!M10="","",Monthly!M10) | K92: =IF(AND(H92<>"",J92<>""),"Fully accepted",IF(H92<>"","COR only",IF(J92<>"","J698 only",""))) | L92: =A92-TodayD -> 181 | M92: =IF(K92="Fully accepted","Done",IF(F92="N/A","N/A",IF(F92="Returned","Returned: resubmit",IF(K92="J698 only","Awaiting J698",IF(K92="COR only","Awaiting COR",IF(F92="Submitted","Awaiting COR + J698",IF(A92<TodayD,"OVERDUE",IF(A92-TodayD<=7,"Due within 7 days",""))))))))
A93: =Monthly!M12 -> 46489 | B93: =TEXT(A93,"ddd") -> Mon | C93: B02 | D93: 90-Day Action Plan – Mar 2027 | E93: Monthly | F93: =IF(Monthly!M13="","",Monthly!M13) | G93: =IF(Monthly!M14="","",Monthly!M14) | H93: =IF(Monthly!M15="","",Monthly!M15) | I93: =IF(Monthly!M16="","",Monthly!M16) | J93: =IF(Monthly!M17="","",Monthly!M17) | K93: =IF(AND(H93<>"",J93<>""),"Fully accepted",IF(H93<>"","COR only",IF(J93<>"","J698 only",""))) | L93: =A93-TodayD -> 181 | M93: =IF(K93="Fully accepted","Done",IF(F93="N/A","N/A",IF(F93="Returned","Returned: resubmit",IF(K93="J698 only","Awaiting J698",IF(K93="COR only","Awaiting COR",IF(F93="Submitted","Awaiting COR + J698",IF(A93<TodayD,"OVERDUE",IF(A93-TodayD<=7,"Due within 7 days",""))))))))
A94: =Monthly!M26 -> 46489 | B94: =TEXT(A94,"ddd") -> Mon | C94: B16 | D94: Technical Library Documentation Report – Mar 2027 | E94: Monthly | F94: =IF(Monthly!M27="","",Monthly!M27) | G94: =IF(Monthly!M28="","",Monthly!M28) | H94: =IF(Monthly!M29="","",Monthly!M29) | I94: =IF(Monthly!M30="","",Monthly!M30) | J94: =IF(Monthly!M31="","",Monthly!M31) | K94: =IF(AND(H94<>"",J94<>""),"Fully accepted",IF(H94<>"","COR only",IF(J94<>"","J698 only",""))) | L94: =A94-TodayD -> 181 | M94: =IF(K94="Fully accepted","Done",IF(F94="N/A","N/A",IF(F94="Returned","Returned: resubmit",IF(K94="J698 only","Awaiting J698",IF(K94="COR only","Awaiting COR",IF(F94="Submitted","Awaiting COR + J698",IF(A94<TodayD,"OVERDUE",IF(A94-TodayD<=7,"Due within 7 days",""))))))))
A95: =Monthly!M33 -> 46489 | B95: =TEXT(A95,"ddd") -> Mon | C95: B26 | D95: Authorization and Accreditation (A&A) Packages – Mar 2027 | E95: Monthly | F95: =IF(Monthly!M34="","",Monthly!M34) | G95: =IF(Monthly!M35="","",Monthly!M35) | H95: =IF(Monthly!M36="","",Monthly!M36) | I95: =IF(Monthly!M37="","",Monthly!M37) | J95: =IF(Monthly!M38="","",Monthly!M38) | K95: =IF(AND(H95<>"",J95<>""),"Fully accepted",IF(H95<>"","COR only",IF(J95<>"","J698 only",""))) | L95: =A95-TodayD -> 181 | M95: =IF(K95="Fully accepted","Done",IF(F95="N/A","N/A",IF(F95="Returned","Returned: resubmit",IF(K95="J698 only","Awaiting J698",IF(K95="COR only","Awaiting COR",IF(F95="Submitted","Awaiting COR + J698",IF(A95<TodayD,"OVERDUE",IF(A95-TodayD<=7,"Due within 7 days",""))))))))
A96: =Monthly!M40 -> 46489 | B96: =TEXT(A96,"ddd") -> Mon | C96: B29 | D96: Network Installation / De-installation Report – Mar 2027 | E96: Monthly | F96: =IF(Monthly!M41="","",Monthly!M41) | G96: =IF(Monthly!M42="","",Monthly!M42) | H96: =IF(Monthly!M43="","",Monthly!M43) | I96: =IF(Monthly!M44="","",Monthly!M44) | J96: =IF(Monthly!M45="","",Monthly!M45) | K96: =IF(AND(H96<>"",J96<>""),"Fully accepted",IF(H96<>"","COR only",IF(J96<>"","J698 only",""))) | L96: =A96-TodayD -> 181 | M96: =IF(K96="Fully accepted","Done",IF(F96="N/A","N/A",IF(F96="Returned","Returned: resubmit",IF(K96="J698 only","Awaiting J698",IF(K96="COR only","Awaiting COR",IF(F96="Submitted","Awaiting COR + J698",IF(A96<TodayD,"OVERDUE",IF(A96-TodayD<=7,"Due within 7 days",""))))))))
A97: =Monthly!M47 -> 46489 | B97: =TEXT(A97,"ddd") -> Mon | C97: B30 | D97: IAVA Compliance Report – Mar 2027 | E97: Monthly | F97: =IF(Monthly!M48="","",Monthly!M48) | G97: =IF(Monthly!M49="","",Monthly!M49) | H97: =IF(Monthly!M50="","",Monthly!M50) | I97: =IF(Monthly!M51="","",Monthly!M51) | J97: =IF(Monthly!M52="","",Monthly!M52) | K97: =IF(AND(H97<>"",J97<>""),"Fully accepted",IF(H97<>"","COR only",IF(J97<>"","J698 only",""))) | L97: =A97-TodayD -> 181 | M97: =IF(K97="Fully accepted","Done",IF(F97="N/A","N/A",IF(F97="Returned","Returned: resubmit",IF(K97="J698 only","Awaiting J698",IF(K97="COR only","Awaiting COR",IF(F97="Submitted","Awaiting COR + J698",IF(A97<TodayD,"OVERDUE",IF(A97-TodayD<=7,"Due within 7 days",""))))))))
A98: =Monthly!M54 -> 46489 | B98: =TEXT(A98,"ddd") -> Mon | C98: B31 | D98: COMSEC Management Procedures Report – Mar 2027 | E98: Monthly | F98: =IF(Monthly!M55="","",Monthly!M55) | G98: =IF(Monthly!M56="","",Monthly!M56) | H98: =IF(Monthly!M57="","",Monthly!M57) | I98: =IF(Monthly!M58="","",Monthly!M58) | J98: =IF(Monthly!M59="","",Monthly!M59) | K98: =IF(AND(H98<>"",J98<>""),"Fully accepted",IF(H98<>"","COR only",IF(J98<>"","J698 only",""))) | L98: =A98-TodayD -> 181 | M98: =IF(K98="Fully accepted","Done",IF(F98="N/A","N/A",IF(F98="Returned","Returned: resubmit",IF(K98="J698 only","Awaiting J698",IF(K98="COR only","Awaiting COR",IF(F98="Submitted","Awaiting COR + J698",IF(A98<TodayD,"OVERDUE",IF(A98-TodayD<=7,"Due within 7 days",""))))))))
A99: =Monthly!M61 -> 46489 | B99: =TEXT(A99,"ddd") -> Mon | C99: B32 | D99: Technical Documentation & Report(s) – Mar 2027 | E99: Monthly | F99: =IF(Monthly!M62="","",Monthly!M62) | G99: =IF(Monthly!M63="","",Monthly!M63) | H99: =IF(Monthly!M64="","",Monthly!M64) | I99: =IF(Monthly!M65="","",Monthly!M65) | J99: =IF(Monthly!M66="","",Monthly!M66) | K99: =IF(AND(H99<>"",J99<>""),"Fully accepted",IF(H99<>"","COR only",IF(J99<>"","J698 only",""))) | L99: =A99-TodayD -> 181 | M99: =IF(K99="Fully accepted","Done",IF(F99="N/A","N/A",IF(F99="Returned","Returned: resubmit",IF(K99="J698 only","Awaiting J698",IF(K99="COR only","Awaiting COR",IF(F99="Submitted","Awaiting COR + J698",IF(A99<TodayD,"OVERDUE",IF(A99-TodayD<=7,"Due within 7 days",""))))))))
A100: =Monthly!M68 -> 46489 | B100: =TEXT(A100,"ddd") -> Mon | C100: B35 | D100: Non-Disclosure Agreement Report – Mar 2027 | E100: Monthly | F100: =IF(Monthly!M69="","",Monthly!M69) | G100: =IF(Monthly!M70="","",Monthly!M70) | H100: =IF(Monthly!M71="","",Monthly!M71) | I100: =IF(Monthly!M72="","",Monthly!M72) | J100: =IF(Monthly!M73="","",Monthly!M73) | K100: =IF(AND(H100<>"",J100<>""),"Fully accepted",IF(H100<>"","COR only",IF(J100<>"","J698 only",""))) | L100: =A100-TodayD -> 181 | M100: =IF(K100="Fully accepted","Done",IF(F100="N/A","N/A",IF(F100="Returned","Returned: resubmit",IF(K100="J698 only","Awaiting J698",IF(K100="COR only","Awaiting COR",IF(F100="Submitted","Awaiting COR + J698",IF(A100<TodayD,"OVERDUE",IF(A100-TodayD<=7,"Due within 7 days",""))))))))
...
