Workbook

Sheet Tracker
A1: ITS2 (IT Service Support) – Deliverable Tracker
A2: PWS as of 29 Sep 2023 | USINDOPACOM J6 | Tracking No. 712367735 | Follow-on to CS2 (GS00Q17GWD2133 / HC1019-19-F-0015) | Transition-in Jan 2024; Base Feb 2024 – Jan 2025; Option Years 1–4 to Jan 2029
A3: Government POCs | C3: Primary COR and Alternate COR are blank in the PWS. Acceptors below are carried over from the Thunderdome tracker – edit the lists on the Tracker tab.
A5: At a glance | C5: Overdue | D5: Due within 7 days | E5: Awaiting COR / J698 | F5: Fully accepted | G5: Returned: resubmit | H5: PWS paragraphs with no deliverable
C6: =COUNTIF('Daily Agenda'!$M$5:$M$434,"OVERDUE") -> 24 | D6: =COUNTIF('Daily Agenda'!$M$5:$M$434,"Due within 7 days") -> 8 | E6: =COUNTIF('Daily Agenda'!$M$5:$M$434,"Awaiting*") -> 0 | F6: =COUNTIF('Daily Agenda'!$M$5:$M$434,"Done") -> 0 | G6: =COUNTIF('Daily Agenda'!$M$5:$M$434,"Returned: resubmit") -> 0 | H6: =COUNTIF($I$9:$M$114,"None named*") -> 0
AB7: Lists (dropdown sources). Names you type into an Accepted By cell do not have to be on a list.
A8: Month | B8: Sub Task Number | C8: Paragraph / Section | D8: Frequency | E8: Category | F8: Primary POC | G8: Secondary POC | H8: Format of Deliverable | I8: Deliverable 1 | J8: Deliverable 2 | K8: Deliverable 3 | L8: Deliverable 4 | M8: Deliverable 5 | N8: Status Flow 1 | O8: Status Flow 2 | P8: Status Flow 3 | Q8: COR Accepted By | R8: COR Date Accepted | S8: J698 Accepted By | T8: J698 Date Accepted | AB8: Category | AC8: Status Flow 1 | AD8: Status Flow 2 | AE8: Status Flow 3 | AF8: Frequency | AG8: Month | AH8: COR Acceptors | AI8: J698 Acceptors
A9: Oct | B9: 6.1.1 | C9: Enterprise Architecture Support | D9: Mixed (see due row) | E9: Program Mgmt | F9: Christine Y. Shigeta | G9: Brian Abrigo | H9: Distribute to TA | I9: 6.1.1-01 Architecture Recommendations | J9: 6.1.1-02 Architecture Implementation Plans | K9: 6.1.1-03 MSR | N9: Not Received | O9: Not Reviewed | AB9: Cybersecurity | AC9: Received | AD9: Reviewed | AE9: Accepted | AF9: Weekly | AG9: Jan | AH9: Christine Y. Shigeta | AI9: J698
H10: Due / Frequency (per document) | I10: Due: NLT 5 business days from assignment Freq: As Required | J10: Due: NLT 15 business days from assignment Freq: As Required | K10: Due: NLT 5th business day of the succeeding month Freq: Monthly | AB10: Engineering | AC10: Not Received | AD10: Not Reviewed | AE10: Returned | AF10: Monthly | AG10: Feb | AH10: Brian Abrigo
A11: Oct | B11: 6.1.2 | C11: Project Management Support | D11: Not required (suspended) | E11: Program Mgmt | F11: Christine Y. Shigeta | G11: Brian Abrigo | H11: Distribute to TA | I11: 6.1.2-01 Project POAM | J11: 6.1.2-02 Project Risk Plan | K11: 6.1.2-03 Decision Brief {POAM Deviation} | L11: 6.1.2-04 MSR | AB11: Operations | AD11: Demonstrated | AE11: Returned, but Fixed | AF11: Quarterly | AG11: Mar
H12: Due / Frequency (per document) | I12: Due: Initial: NLT 3 weeks of project assignment Updates: NLT the last duty day of the week Freq: As Required Flag: Subtask not required effective 1 Jun 2022, until further notice (PWS Section 11). | J12: Due: Initial: NLT 3 weeks of project assignment Maintenance: NLT 3 weeks of identified change Freq: As Required Flag: Subtask not required effective 1 Jun 2022, until further notice (PWS Section 11). | K12: Due: NLT 3 weeks of identified requirement Freq: As Required Flag: Subtask not required effective 1 Jun 2022, until further notice (PWS Section 11). | L12: Due: NLT 5th business day of the succeeding month Freq: Monthly Flag: Subtask not required effective 1 Jun 2022, until further notice (PWS Section 11). | AB12: Program Mgmt | AD12: Not Demonstrated | AF12: Annual | AG12: Apr
A13: Oct | B13: 6.1.3 | C13: Business Process Analyst Support | D13: Mixed (see due row) | E13: Program Mgmt | F13: Christine Y. Shigeta | G13: Brian Abrigo | H13: Distribute to TA | I13: 6.1.3-01 Story Board Recommendations and Plans | J13: 6.1.3-02 Story Board Implementations | K13: 6.1.3-03 MSR | N13: Not Received | O13: Not Reviewed | AF13: Daily (standing) | AG13: May
H14: Due / Frequency (per document) | I14: Due: Initial: NLT 3 weeks of assignment Maintenance: NLT 3 weeks of identified change Freq: As Required | J14: Due: Initial: NLT 3 weeks of assignment Maintenance: NLT 3 weeks of identified change Freq: As Required | K14: Due: NLT 5th business day of the succeeding month Freq: Monthly | AF14: One-Time | AG14: Jun
A15: Oct | B15: 6.2.1 | C15: Audio Visual Systems Engineering Support | D15: Mixed (see due row) | E15: Engineering | F15: Christine Y. Shigeta | G15: Brian Abrigo | H15: Distribute to TA | I15: 6.2.1-01 AV Recommendations | J15: 6.2.1-02 AV Documentation | K15: 6.2.1-03 AV Audits | L15: 6.2.1-04 AV POAM | M15: 6.2.1-05 MSR | N15: Not Received | O15: Not Reviewed | AF15: One-Time + Updates | AG15: Jul
H16: Due / Frequency (per document) | I16: Due: NLT 5th business day of the 1st month of the quarter Freq: Quarterly | J16: Due: NLT 5 business days after the activity completion Freq: As Required | K16: Due: NLT 5th business day of the 1st month of the quarter Freq: Quarterly | L16: Due: NLT 3 weeks of project assignment Freq: As Required | M16: Due: NLT 5th business day of the succeeding month Freq: Monthly | AF16: As Needed | AG16: Aug
A17: Oct | B17: 6.2.2 | C17: Video Teleconferencing (VTC) Scheduling Support | D17: Mixed (see due row) | E17: Engineering | F17: Christine Y. Shigeta | G17: Brian Abrigo | H17: Distribute to TA | I17: 6.2.2-01 Technology Evaluation & Recommendations | J17: 6.2.2-02 Standard Operating Procedures (SOP) & Training | K17: 6.2.2-03 VTC Scheduling & Operations | L17: 6.2.2-04 MSR | N17: Not Received | O17: Not Reviewed | AF17: Not required (suspended) | AG17: Sep
H18: Due / Frequency (per document) | I18: Due: NLT 15 days from assignment Freq: As Required | J18: Due: NLT 15 days from assignment Freq: As Required | K18: Due: Short Notice / Emergent: NLT 1 hour of notification Standard: NLT 1 day of notification Freq: As Required | L18: Due: NLT 5th business day of the succeeding month Freq: Monthly | AF18: Mixed (see due row) | AG18: Oct
A19: Oct | B19: 6.2.3 | C19: Video Teleconferencing (VTC) Network Engineering Support | D19: Mixed (see due row) | E19: Engineering | F19: Christine Y. Shigeta | G19: Brian Abrigo | H19: Distribute to TA | I19: 6.2.3-01 VTC Recommendations | J19: 6.2.3-02 MSR | N19: Not Received | O19: Not Reviewed | AF19: None named | AG19: Nov
H20: Due / Frequency (per document) | I20: Due: NLT 5th business day of the 1st month of the quarter Freq: Quarterly | J20: Due: NLT 5th business day of the succeeding month Freq: Monthly | AG20: Dec
A21: Oct | B21: 6.2.4 | C21: Senior Cisco Networking Engineering Support (1 of 2) | D21: Mixed (see due row) | E21: Engineering | F21: Christine Y. Shigeta | G21: Brian Abrigo | H21: Distribute to TA | I21: 6.2.4-01 Network Engineering Design & Implementation | J21: 6.2.4-02 Network Engineering Troubleshooting and Operations | K21: 6.2.4-03 Network ASIs | L21: 6.2.4-04 STIG Implementation & Reporting | M21: 6.2.4-05 Security Scans | N21: Not Received | O21: Not Reviewed
H22: Due / Frequency (per document) | I22: Due: NLT 15 business days after assignment of task Freq: As Required | J22: Due: On-going Freq: Daily | K22: Due: NLT 5 business days after assignment Freq: As Required | L22: Due: Monthly: NLT 5th business day of the succeeding month Quarterly: NLT 5th business day of the 1st month of the quarter Freq: Monthly & Quarterly Flag: Also reported quarterly (5th business day of the quarter's first month). | M22: Due: a) Documentation: NLT 1 business days after issue identification b) Resolution NLT 5 business days after issue identification Freq: Daily
A23: Oct | B23: 6.2.4 | C23: Senior Cisco Networking Engineering Support (2 of 2) | D23: Mixed (see due row) | E23: Engineering | F23: Christine Y. Shigeta | G23: Brian Abrigo | H23: Distribute to TA | I23: 6.2.4-06 Network Cabling | J23: 6.2.4-07 Architecture & Rack Diagrams | K23: 6.2.4-08 Standard Operating Procedures (SOP) | L23: 6.2.4-09 MSR | N23: Not Received | O23: Not Reviewed
H24: Due / Frequency (per document) | I24: Due: Maintenance complete NLT 5 business days assigned Freq: As Required | J24: Due: NLT 15 business days after assignment of task Freq: As Required | K24: Due: NLT 15 business days after assignment of task Freq: As Required | L24: Due: NLT 5th business day of the succeeding month Freq: Monthly
A25: Oct | B25: 6.2.5 | C25: Cisco Network Engineering Support (1 of 2) | D25: Mixed (see due row) | E25: Engineering | F25: Christine Y. Shigeta | G25: Brian Abrigo | H25: Distribute to TA | I25: 6.2.5-01 Network Engineering Design & Implementation | J25: 6.2.5-02 Network Engineering Troubleshooting and Operations | K25: 6.2.5-03 Network ASIs | L25: 6.2.5-04 STIG Implementation & Reporting | M25: 6.2.5-05 Security Scans | N25: Not Received | O25: Not Reviewed
H26: Due / Frequency (per document) | I26: Due: NLT 15 business days after assignment of task Freq: As Required | J26: Due: On-going Freq: Daily | K26: Due: NLT 5 business days after assignment Freq: As Required | L26: Due: Monthly: NLT 5th business day of the succeeding month Quarterly: NLT 5th business day of the 1st month of the quarter Freq: Monthly & Quarterly Flag: Also reported quarterly (5th business day of the quarter's first month). | M26: Due: a) Documentation: NLT 1 business days after issue identification b) Resolution NLT 5 business days after issue identification Freq: Daily
A27: Oct | B27: 6.2.5 | C27: Cisco Network Engineering Support (2 of 2) | D27: Mixed (see due row) | E27: Engineering | F27: Christine Y. Shigeta | G27: Brian Abrigo | H27: Distribute to TA | I27: 6.2.5-06 Network Cabling | J27: 6.2.5-07 Architecture & Rack Diagrams | K27: 6.2.5-08 Standard Operating Procedures (SOP) | L27: 6.2.5-09 MSR | N27: Not Received | O27: Not Reviewed
H28: Due / Frequency (per document) | I28: Due: Maintenance complete NLT 5 business days assigned Freq: As Required | J28: Due: NLT 15 business days after assignment of task Freq: As Required | K28: Due: NLT 15 business days after assignment of task Freq: As Required | L28: Due: NLT 5th business day of the succeeding month Freq: Monthly
A29: Oct | B29: 6.3.1 | C29: Linux System Administration Support (1 of 2) | D29: Daily (standing) | E29: Operations | F29: Christine Y. Shigeta | G29: Brian Abrigo | H29: Distribute to TA | I29: 6.3.1-01 System Administration {Operating Systems & Applications} | J29: 6.3.1-02 Patching | K29: 6.3.1-03 STIG Compliance | L29: 6.3.1-04 PKI Compliance | M29: 6.3.1-05 ESS Compliance | N29: Not Received | O29: Not Reviewed
H30: Due / Frequency (per document) | I30: Due: On-going Freq: Daily | J30: Due: a) NLT the patch IAVA compliance date b) All deficiencies documented with a POAM within 1 business day Freq: Daily | K30: Due: a) NLT 4 weeks of STIGS release b) NLT 5 business days of CAT I STIG release c) (STIG Status Report) NLT 5 business days after the start of the new quarter Freq: Daily | L30: Due: On-going Freq: Daily | M30: Due: On-going Freq: Daily
A31: Oct | B31: 6.3.1 | C31: Linux System Administration Support (2 of 2) | D31: Mixed (see due row) | E31: Operations | F31: Christine Y. Shigeta | G31: Brian Abrigo | H31: Distribute to TA | I31: 6.3.1-06 Security Scans | J31: 6.3.1-07 Backup / Restore | K31: 6.3.1-08 Standard Operating Procedures (SOP) | L31: 6.3.1-09 MSR | N31: Not Received | O31: Not Reviewed
H32: Due / Frequency (per document) | I32: Due: a) Documentation: NLT 1 business days after issue identification b) Resolution: NLT 5 business days after issue identification Freq: Daily | J32: Due: a) NLT COB every workday for backups b) NLT last workday of month for restore validation Freq: Daily for backups Monthly for restores Flag: Daily backups; monthly restore test (last workday of month). | K32: Due: a) Documentation: NLT 1 business days after issue identification b) Resolution: NLT 5 business days after issue identification Freq: Quarterly Flag: Due text repeats the Security Scans wording; quarterly review assumed due the 5th business day of the quarter's first month. | L32: Due: NLT 5th business day of the succeeding month Freq: Monthly
A33: Oct | B33: 6.3.2 | C33: Virtual Desktop Infrastructure (VDI) System Administration Support (1 of 2) | D33: Daily (standing) | E33: Operations | F33: Christine Y. Shigeta | G33: Brian Abrigo | H33: Distribute to TA | I33: 6.3.2-01 System Administration {Operating Systems & Applications} | J33: 6.3.2-02 STIG Compliance | K33: 6.3.2-03 PKI Compliance | L33: 6.3.2-04 HBSS Compliance | M33: 6.3.2-05 Security Scans | N33: Not Received | O33: Not Reviewed
H34: Due / Frequency (per document) | I34: Due: On-going Freq: Daily | J34: Due: a) NLT 4 weeks of STIGS release b) NLT 5 business days of CAT I STIG release c) (STIG Status Report) NLT 5 business days after the start of the new quarter Freq: Daily | K34: Due: On-going Freq: Daily | L34: Due: On-going Freq: Daily | M34: Due: a) Documentation: NLT 1 business days after issue identification b) Resolution NLT 5 business days after issue identification Freq: Daily
A35: Oct | B35: 6.3.2 | C35: Virtual Desktop Infrastructure (VDI) System Administration Support (2 of 2) | D35: Mixed (see due row) | E35: Operations | F35: Christine Y. Shigeta | G35: Brian Abrigo | H35: Distribute to TA | I35: 6.3.2-06 Backup / Restore | J35: 6.3.2-07 Standard Operating Procedures (SOP) | K35: 6.3.2-08 MSR | N35: Not Received | O35: Not Reviewed
H36: Due / Frequency (per document) | I36: Due: a) NLT COB every workday for backups b) NLT last workday of month for restore validation Freq: Daily for backups Monthly for restores Flag: Daily backups; monthly restore test (last workday of month). | J36: Due: a) Documentation: NLT 1 business days after issue identification b) Resolution NLT 5 business days after issue identification Freq: Quarterly Flag: Due text repeats the Security Scans wording; quarterly review assumed due the 5th business day of the quarter's first month. | K36: Due: NLT 5th business day of the succeeding month Freq: Monthly
A37: Oct | B37: 6.3.3 | C37: Virtual Infrastructure (VI) System Administration Support (1 of 2) | D37: Daily (standing) | E37: Operations | F37: Christine Y. Shigeta | G37: Brian Abrigo | H37: Distribute to TA | I37: 6.3.3-01 System Administration {Operating Systems & Applications} | J37: 6.3.3-02 Patching | K37: 6.3.3-03 STIG Compliance | L37: 6.3.3-04 PKI Compliance | M37: 6.3.3-05 ESS Compliance | N37: Not Received | O37: Not Reviewed
H38: Due / Frequency (per document) | I38: Due: On-going Freq: Daily | J38: Due: On-going Freq: Daily | K38: Due: a) NLT 4 weeks of STIGS release b) NLT 5 business days of CAT I STIG release c) (STIG Status Report) NLT 5 business days after the start of the new quarter Freq: Daily | L38: Due: On-going Freq: Daily | M38: Due: On-going Freq: Daily
A39: Oct | B39: 6.3.3 | C39: Virtual Infrastructure (VI) System Administration Support (2 of 2) | D39: Mixed (see due row) | E39: Operations | F39: Christine Y. Shigeta | G39: Brian Abrigo | H39: Distribute to TA | I39: 6.3.3-06 Security Scans | J39: 6.3.3-07 Backup / Restore | K39: 6.3.3-08 Continuity of Operations (COOP) | L39: 6.3.3-09 Standard Operating Procedures (SOP) | M39: 6.3.3-10 MSR | N39: Not Received | O39: Not Reviewed
H40: Due / Frequency (per document) | I40: Due: a) Documentation: NLT 1 business days after issue identification b) Resolution NLT 5 business days after issue identification Freq: Daily | J40: Due: a) NLT COB every workday for backups b) NLT last workday of month for restore validation Freq: Daily for backups Monthly for restores Flag: Daily backups; monthly restore test (last workday of month). | K40: Due: a) On-going b) bi-annual test/exercise based on USINDOPACOM operational schedule Freq: Daily & bi-annual Flag: Includes a bi-annual COOP test/exercise (no date anchor in the PWS). | L40: Due: a) Documentation: NLT 1 business days after issue identification b) Resolution NLT 5 business days after issue identification Freq: Quarterly Flag: Due text repeats the Security Scans wording; quarterly review assumed due the 5th business day of the quarter's first month. | M40: Due: NLT 5th business day of the succeeding month Freq: Monthly
A41: Oct | B41: 6.3.4 | C41: Senior Windows System Administration Support (1 of 3) | D41: Daily (standing) | E41: Operations | F41: Christine Y. Shigeta | G41: Brian Abrigo | H41: Distribute to TA | I41: 6.3.4-01 System Administration {Operating Systems & Applications} | J41: 6.3.4-02 Patching | K41: 6.3.4-03 STIG Compliance | L41: 6.3.4-04 PKI Compliance | M41: 6.3.4-05 ESS Compliance | N41: Not Received | O41: Not Reviewed
H42: Due / Frequency (per document) | I42: Due: On-going Freq: Daily | J42: Due: On-going Freq: Daily | K42: Due: a) NLT 4 weeks of STIGS release b) NLT 5 business days of CAT I STIG release c) (STIG Status Report) NLT 5 business days after the start of the new quarter Freq: Daily | L42: Due: On-going Freq: Daily | M42: Due: On-going Freq: Daily
A43: Oct | B43: 6.3.4 | C43: Senior Windows System Administration Support (2 of 3) | D43: Mixed (see due row) | E43: Operations | F43: Christine Y. Shigeta | G43: Brian Abrigo | H43: Distribute to TA | I43: 6.3.4-06 Security Scans | J43: 6.3.4-07 Backup / Restore | K43: 6.3.4-08 Active Directory Management | L43: 6.3.4-09 Continuity of Operations (COOP) | M43: 6.3.4-10 Standard Operating Procedures (SOP) | N43: Not Received | O43: Not Reviewed
H44: Due / Frequency (per document) | I44: Due: a) Documentation: NLT 1 business days after issue identification b) Resolution NLT 5 business days after issue identification Freq: Daily | J44: Due: a) NLT COB every workday for backups b) NLT last workday of month for restore validation Freq: Daily for backups Monthly for restores Flag: Daily backups; monthly restore test (last workday of month). | K44: Due: a) On-going b) Reporting: NLT the last duty day of the week Freq: Daily & Weekly | L44: Due: a) On-going b) bi-annual test/exercise based on USINDOPACOM operational schedule Freq: Daily & bi-annual Flag: Includes a bi-annual COOP test/exercise (no date anchor in the PWS). | M44: Due: a) Documentation: NLT 1 business days after issue identification b) Resolution NLT 5 business days after issue identification Freq: Quarterly Flag: Due text repeats the Security Scans wording; quarterly review assumed due the 5th business day of the quarter's first month.
A45: Oct | B45: 6.3.4 | C45: Senior Windows System Administration Support (3 of 3) | D45: Monthly | E45: Operations | F45: Christine Y. Shigeta | G45: Brian Abrigo | H45: Distribute to TA | I45: 6.3.4-11 MSR | N45: Not Received | O45: Not Reviewed
H46: Due / Frequency (per document) | I46: Due: NLT 5th business day of the succeeding month Freq: Monthly
A47: Oct | B47: 6.3.5 | C47: Windows System Administration Support (1 of 3) | D47: Daily (standing) | E47: Operations | F47: Christine Y. Shigeta | G47: Brian Abrigo | H47: Distribute to TA | I47: 6.3.5-01 System Administration {Operating Systems & Applications} | J47: 6.3.5-02 Patching | K47: 6.3.5-03 STIG Compliance | L47: 6.3.5-04 PKI Compliance | M47: 6.3.5-05 HBSS Compliance | N47: Not Received | O47: Not Reviewed
H48: Due / Frequency (per document) | I48: Due: On-going Freq: Daily | J48: Due: On-going Freq: Daily | K48: Due: a) NLT 4 weeks of STIGS release b) NLT 5 business days of CAT I STIG release c) (STIG Status Report) NLT 5 business days after the start of the new quarter Freq: Daily | L48: Due: On-going Freq: Daily | M48: Due: On-going Freq: Daily
A49: Oct | B49: 6.3.5 | C49: Windows System Administration Support (2 of 3) | D49: Mixed (see due row) | E49: Operations | F49: Christine Y. Shigeta | G49: Brian Abrigo | H49: Distribute to TA | I49: 6.3.5-06 Security Scans | J49: 6.3.5-07 Backup / Restore | K49: 6.3.5-08 Active Directory Management | L49: 6.3.5-09 Continuity of Operations (COOP) | M49: 6.3.5-10 Standard Operating Procedures (SOP) | N49: Not Received | O49: Not Reviewed
H50: Due / Frequency (per document) | I50: Due: a) Documentation: NLT 1 business days after issue identification b) Resolution NLT 5 business days after issue identification Freq: Daily | J50: Due: a) NLT COB every workday for backups b) NLT last workday of month for restore validation Freq: Daily for backups Monthly for restores Flag: Daily backups; monthly restore test (last workday of month). | K50: Due: a) On-going b) Reporting: NLT the last duty day of the week Freq: Daily & Weekly | L50: Due: a) On-going b) bi-annual test/exercise based on USINDOPACOM operational schedule Freq: Daily & bi-annual Flag: Includes a bi-annual COOP test/exercise (no date anchor in the PWS). | M50: Due: a) Documentation: NLT 1 business days after issue identification b) Resolution NLT 5 business days after issue identification Freq: Quarterly Flag: Due text repeats the Security Scans wording; quarterly review assumed due the 5th business day of the quarter's first month.
A51: Oct | B51: 6.3.5 | C51: Windows System Administration Support (3 of 3) | D51: Monthly | E51: Operations | F51: Christine Y. Shigeta | G51: Brian Abrigo | H51: Distribute to TA | I51: 6.3.5-11 MSR | N51: Not Received | O51: Not Reviewed
H52: Due / Frequency (per document) | I52: Due: NLT 5th business day of the succeeding month Freq: Monthly
A53: Oct | B53: 6.3.6 | C53: Global Command & Control System (GCCS) System Administration Support (1 of 3) | D53: Daily (standing) | E53: Operations | F53: Christine Y. Shigeta | G53: Brian Abrigo | H53: Distribute to TA | I53: 6.3.6-01 System Administration {Operating Systems & Applications} | J53: 6.3.6-02 Patching | K53: 6.3.6-03 STIG Compliance | L53: 6.3.6-04 PKI Compliance | M53: 6.3.6-05 ESS Compliance | N53: Not Received | O53: Not Reviewed
H54: Due / Frequency (per document) | I54: Due: On-going Freq: Daily | J54: Due: On-going Freq: Daily | K54: Due: a) NLT 4 weeks of STIGS release b) NLT 5 business days of CAT I STIG release c) (STIG Status Report) NLT 5 business days after the start of the new quarter Freq: Daily | L54: Due: On-going Freq: Daily | M54: Due: On-going Freq: Daily
A55: Oct | B55: 6.3.6 | C55: Global Command & Control System (GCCS) System Administration Support (2 of 3) | D55: Mixed (see due row) | E55: Operations | F55: Christine Y. Shigeta | G55: Brian Abrigo | H55: Distribute to TA | I55: 6.3.6-06 Security Scans | J55: 6.3.6-07 Backup / Restore | K55: 6.3.6-08 Continuity of Operations (COOP) | L55: 6.3.6-09 Standard Operating Procedures (SOP) | M55: 6.3.6-10 Deployment Files & Virtual Images | N55: Not Received | O55: Not Reviewed
H56: Due / Frequency (per document) | I56: Due: a) Documentation: NLT 1 business days after issue identification b) Resolution NLT 5 business days after issue identification Freq: Daily | J56: Due: a) NLT COB every workday for backups b) NLT last workday of month for restore validation Freq: Daily for backups Monthly for restores Flag: Daily backups; monthly restore test (last workday of month). | K56: Due: a) On-going b) bi-annual test/exercise based on USINDOPACOM operational schedule Freq: Daily & bi-annual Flag: Includes a bi-annual COOP test/exercise (no date anchor in the PWS). | L56: Due: a) Documentation: NLT 1 business days after issue identification b) Resolution NLT 5 business days after issue identification Freq: Quarterly Flag: Due text repeats the Security Scans wording; quarterly review assumed due the 5th business day of the quarter's first month. | M56: Due: NLT 1 business day after GCCS-J update received Freq: As Required
A57: Oct | B57: 6.3.6 | C57: Global Command & Control System (GCCS) System Administration Support (3 of 3) | D57: Monthly | E57: Operations | F57: Christine Y. Shigeta | G57: Brian Abrigo | H57: Distribute to TA | I57: 6.3.6-11 MSR | N57: Not Received | O57: Not Reviewed
H58: Due / Frequency (per document) | I58: Due: NLT 5th business day of the succeeding month Freq: Monthly
A59: Oct | B59: 6.3.7 | C59: SCCM/MECH Administration Support (1 of 4) | D59: Daily (standing) | E59: Operations | F59: Christine Y. Shigeta | G59: Brian Abrigo | H59: Distribute to TA | I59: 6.3.7-01 System Administration {Operating Systems & Applications} | J59: 6.3.7-02 Patching | K59: 6.3.7-03 STIG Compliance | L59: 6.3.7-04 PKI Compliance | M59: 6.3.7-05 ESS Compliance | N59: Not Received | O59: Not Reviewed
H60: Due / Frequency (per document) | I60: Due: On-going Freq: Daily | J60: Due: On-going Freq: Daily | K60: Due: a) NLT 4 weeks of STIGS release b) NLT 5 business days of CAT I STIG release c) (STIG Status Report) NLT 5 business days after the start of the new quarter Freq: Daily | L60: Due: On-going Freq: Daily | M60: Due: On-going Freq: Daily
A61: Oct | B61: 6.3.7 | C61: SCCM/MECH Administration Support (2 of 4) | D61: Daily (standing) | E61: Operations | F61: Christine Y. Shigeta | G61: Brian Abrigo | H61: Distribute to TA | I61: 6.3.7-06 Monitor the performance of SCCM/MECM and identify and troubleshoot issues as they arise. | J61: 6.3.7-07 Configures synchronization with software and patch update servers and Comply to Connect (C2C). | K61: 6.3.7-08 Create/Edit/Delete/Deploy Collections (both user and device) | L61: 6.3.7-09 Create/Edit/Delete/Deploy Reports | M61: 6.3.7-10 Create/Edit/Delete/Deploy Task Sequences | N61: Not Received | O61: Not Reviewed
H62: Due / Frequency (per document) | I62: Due: On-going Freq: Daily | J62: Due: On-going Freq: Daily | K62: Due: On-going Freq: Daily | L62: Due: On-going Freq: Daily | M62: Due: On-going Freq: Daily
A63: Oct | B63: 6.3.7 | C63: SCCM/MECH Administration Support (3 of 4) | D63: Daily (standing) | E63: Operations | F63: Christine Y. Shigeta | G63: Brian Abrigo | H63: Distribute to TA | I63: 6.3.7-11 Create/Edit/Delete/Deploy Compliance Rules | J63: 6.3.7-12 Create/Edit/Delete/Deploy Software Applications | K63: 6.3.7-13 Create/Edit/Delete/Deploy Software Updates | L63: 6.3.7-14 Create/Edit/Delete/Deploy Desktop SCCM Policies | M63: 6.3.7-15 Create/Edit/Delete/Deploy Anti-malware Policies | N63: Not Received | O63: Not Reviewed
H64: Due / Frequency (per document) | I64: Due: On-going Freq: Daily | J64: Due: On-going Freq: Daily | K64: Due: On-going Freq: Daily | L64: Due: On-going Freq: Daily | M64: Due: On-going Freq: Daily
A65: Oct | B65: 6.3.7 | C65: SCCM/MECH Administration Support (4 of 4) | D65: Mixed (see due row) | E65: Operations | F65: Christine Y. Shigeta | G65: Brian Abrigo | H65: Distribute to TA | I65: 6.3.7-16 Create/Edit/Delete/Deploy Operating System Images | J65: 6.3.7-17 Standard Operating Procedures (SOP) | K65: 6.3.7-18 MSR | N65: Not Received | O65: Not Reviewed
H66: Due / Frequency (per document) | I66: Due: On-going Freq: Daily | J66: Due: a) Documentation: NLT 1 business days after issue identification b) Resolution NLT 5 business days after issue identification Freq: Quarterly Flag: Due text repeats the Security Scans wording; quarterly review assumed due the 5th business day of the quarter's first month. | K66: Due: NLT 5th business day of the succeeding month Freq: Monthly
A67: Oct | B67: 6.4.1 | C67: Senior Web Application Development Support (1 of 2) | D67: As Needed | E67: Engineering | F67: Christine Y. Shigeta | G67: Brian Abrigo | H67: Distribute to TA | I67: 6.4.1-01 Application Coding | J67: 6.4.1-02 Incident Handling | K67: 6.4.1-03 Project Plan | L67: 6.4.1-04 Feasibility Study Report | M67: 6.4.1-05 Testing and Evaluation Report | N67: Not Received | O67: Not Reviewed
H68: Due / Frequency (per document) | I68: Due: IAW Project Plan Freq: As Required | J68: Due: IAW Service Desk CONOPS {NLT 1 business day of the incident} Freq: As Required | K68: Due: NLT 5 business days after project assignment Freq: As Required | L68: Due: NLT 5 business days of assignment Freq: As Required | M68: Due: NLT 5 business days after testing concludes Freq: As Required
A69: Oct | B69: 6.4.1 | C69: Senior Web Application Development Support (2 of 2) | D69: Mixed (see due row) | E69: Engineering | F69: Christine Y. Shigeta | G69: Brian Abrigo | H69: Distribute to TA | I69: 6.4.1-06 Product Acceptance Documentation | J69: 6.4.1-07 Application Documentation | K69: 6.4.1-08 Application Training Guide | L69: 6.4.1-09 MSR | N69: Not Received | O69: Not Reviewed
H70: Due / Frequency (per document) | I70: Due: NLT 1 business day after customer acceptance Freq: As Required | J70: Due: NLT 30 business days after project completion Freq: As Required | K70: Due: IAW Project Plan Freq: As Required | L70: Due: NLT 5th business day of the succeeding month Freq: Monthly
A71: Oct | B71: 6.4.2 | C71: Web Application Development Support (1 of 2) | D71: As Needed | E71: Engineering | F71: Christine Y. Shigeta | G71: Brian Abrigo | H71: Distribute to TA | I71: 6.4.2-01 Application Coding | J71: 6.4.2-02 Incident Handling | K71: 6.4.2-03 Feasibility Study Report | L71: 6.4.2-04 Testing and Evaluation Report | M71: 6.4.2-05 Application documentation | N71: Not Received | O71: Not Reviewed
H72: Due / Frequency (per document) | I72: Due: IAW Project Plan Freq: As Required | J72: Due: IAW Service Desk CONOPS {NLT 1 business day of the incident} Freq: As Required | K72: Due: NLT 5 business days of assignment Freq: As Required | L72: Due: NLT 5 business days after testing concludes Freq: As Required | M72: Due: NLT 30 business days after project completion Freq: As Required
A73: Oct | B73: 6.4.2 | C73: Web Application Development Support (2 of 2) | D73: Mixed (see due row) | E73: Engineering | F73: Christine Y. Shigeta | G73: Brian Abrigo | H73: Distribute to TA | I73: 6.4.2-06 Application Training Guide | J73: 6.4.2-07 MSR | N73: Not Received | O73: Not Reviewed
H74: Due / Frequency (per document) | I74: Due: IAW Project Plan Freq: As Required | J74: Due: NLT 5th business day of the succeeding month Freq: Monthly
A75: Oct | B75: 6.4.3 | C75: Senior Web Portal Development Support (1 of 2) | D75: As Needed | E75: Engineering | F75: Christine Y. Shigeta | G75: Brian Abrigo | H75: Distribute to TA | I75: 6.4.3-01 O&M Action Documentation | J75: 6.4.3-02 Script & Portal Coding | K75: 6.4.3-03 Level of Effort Estimates | L75: 6.4.3-04 Project Plan | M75: 6.4.3-05 Portal Training & Training Aids | N75: Not Received | O75: Not Reviewed
H76: Due / Frequency (per document) | I76: Due: IAW Service Desk CONOPS Freq: As Required | J76: Due: IAW Service Desk CONOPS and Project Plan Freq: As Required | K76: Due: NLT 5 business days after O&M request Freq: As Required | L76: Due: NLT 5 business days after receipt of project requirements Freq: As Required | M76: Due: IAW Project Plan Freq: As Required
A77: Oct | B77: 6.4.3 | C77: Senior Web Portal Development Support (2 of 2) | D77: Monthly | E77: Engineering | F77: Christine Y. Shigeta | G77: Brian Abrigo | H77: Distribute to TA | I77: 6.4.3-06 MSR | N77: Not Received | O77: Not Reviewed
H78: Due / Frequency (per document) | I78: Due: NLT 5th business day of the succeeding month Freq: Monthly
A79: Oct | B79: 6.4.4 | C79: Web Portal Development Support | D79: Mixed (see due row) | E79: Engineering | F79: Christine Y. Shigeta | G79: Brian Abrigo | H79: Distribute to TA | I79: 6.4.4-01 O&M Action Documentation | J79: 6.4.4-02 Script & Portal Coding | K79: 6.4.4-03 Level of Effort Estimates | L79: 6.4.4-04 Portal Training & Training Aids | M79: 6.4.4-05 MSR | N79: Not Received | O79: Not Reviewed
H80: Due / Frequency (per document) | I80: Due: IAW Service Desk CONOPS Freq: As Required | J80: Due: IAW Service Desk CONOPS and Project Plan Freq: As Required | K80: Due: NLT 5 business days after O&M request Freq: As Required | L80: Due: IAW Project Plan Freq: As Required | M80: Due: NLT 5th business day of the succeeding month Freq: Monthly
A81: Oct | B81: 6.5.1 | C81: Assessment and Authorization Support | D81: Mixed (see due row) | E81: Cybersecurity | F81: Christine Y. Shigeta | G81: Brian Abrigo | H81: Distribute to TA | I81: 6.5.1-01 System Expiration Notification | J81: 6.5.1-02 Security Authorization Package Generation | K81: 6.5.1-03 Portfolio Management System Updates | L81: 6.5.1-04 Performance Objective Reporting | M81: 6.5.1-05 MSR | N81: Not Received | O81: Not Reviewed
H82: Due / Frequency (per document) | I82: Due: 30, 60, 90, and 120 days prior to authorization expiration of system Freq: As Required | J82: Due: NLT one week prior to expiration of system Freq: As Required | K82: Due: NLT 5 business days of the SAP acceptance Freq: As Required | L82: Due: NLT one business day of Performance Objective completed Freq: As Required | M82: Due: NLT 5th business day of the succeeding month Freq: Monthly
A83: Oct | B83: 6.5.2 | C83: Cybersecurity Compliance Support (1 of 2) | D83: Mixed (see due row) | E83: Cybersecurity | F83: Christine Y. Shigeta | G83: Brian Abrigo | H83: Distribute to TA | I83: 6.5.2-01 Compliance Tracking & Reporting | J83: 6.5.2-02 Risk Analysis | K83: 6.5.2-03 Vulnerability Tracking & Reporting | L83: 6.5.2-04 Vulnerability Analysis | M83: 6.5.2-05 Cybersecurity Recommendations | N83: Not Received | O83: Not Reviewed
H84: Due / Frequency (per document) | I84: Due: NLT the last day of the business week Freq: Weekly | J84: Due: NLT the last day of the business week Freq: Weekly | K84: Due: NLT 5 business days of task assignment Freq: As Required | L84: Due: NLT 5 business days of task assignment Freq: As Required | M84: Due: NLT 5 business days of task assignment Freq: As Required
A85: Oct | B85: 6.5.2 | C85: Cybersecurity Compliance Support (2 of 2) | D85: Mixed (see due row) | E85: Cybersecurity | F85: Christine Y. Shigeta | G85: Brian Abrigo | H85: Distribute to TA | I85: 6.5.2-06 System Technical & Procedural Audits | J85: 6.5.2-07 Cyber Scorecard & Defense CyberScope Web Tool | K85: 6.5.2-08 MSR | N85: Not Received | O85: Not Reviewed
H86: Due / Frequency (per document) | I86: Due: NLT 5 business days of task assignment Freq: Annually | J86: Due: NLT 25th business day of the month Freq: Monthly Flag: PWS says "25th business day of the month", but a month has at most 23 business days; the 25th calendar day is assumed. | K86: Due: NLT 5th business day of the succeeding month Freq: Monthly
A87: Oct | B87: 6.5.3 | C87: Cybersecurity Governance Support | D87: Mixed (see due row) | E87: Cybersecurity | F87: Christine Y. Shigeta | G87: Brian Abrigo | H87: Distribute to TA | I87: 6.5.3-01 Update Service Logs with Performed LRA Duties | J87: 6.5.3-02 Information System Security Manager Duties | K87: 6.5.3-03 Policy development review and updates | L87: 6.5.3-04 Risk Management Framework (RMF) Common Controls Management | M87: 6.5.3-05 MSR | N87: Not Received | O87: Not Reviewed
H88: Due / Frequency (per document) | I88: Due: NLT 30 mins of request submission Freq: As Required | J88: Due: NLT 5 business days of assignment Freq: As Required | K88: Due: NLT 15 business day of policy review date. For new policy NLT 30 business days of assignment Freq: As Required | L88: Due: IAW Common Controls Management Lifecycle Plan Freq: As Required | M88: Due: NLT 5th business day of the succeeding month Freq: Monthly
A89: Oct | B89: 6.5.4 | C89: Network Defense Administrator Support (1 of 2) | D89: Mixed (see due row) | E89: Cybersecurity | F89: Christine Y. Shigeta | G89: Brian Abrigo | H89: Distribute to TA | I89: 6.5.4-01 Recommendations & Suggestions | J89: 6.5.4-02 Detection Signatures & ACLs | K89: 6.5.4-03 Incident Response | L89: 6.5.4-04 Configuration Management Summary of Changes | M89: 6.5.4-05 Cyber Threat Summaries | N89: Not Received | O89: Not Reviewed
H90: Due / Frequency (per document) | I90: Due: NLT 5 business days of analyzing new requirements Freq: As Required | J90: Due: NLT 1 day after assignment Freq: As Required | K90: Due: Immediately upon discovery of anomalous traffic Freq: As Required | L90: Due: NLT the 3rd business day of the following week Freq: Weekly | M90: Due: NLT the 3rd business day of the following week Freq: Weekly
A91: Oct | B91: 6.5.4 | C91: Network Defense Administrator Support (2 of 2) | D91: Mixed (see due row) | E91: Cybersecurity | F91: Christine Y. Shigeta | G91: Brian Abrigo | H91: Distribute to TA | I91: 6.5.4-06 STIG Compliance | J91: 6.5.4-07 Security Scans | K91: 6.5.4-08 PKI Compliance | L91: 6.5.4-09 MSR | N91: Not Received | O91: Not Reviewed
H92: Due / Frequency (per document) | I92: Due: a) NLT 4 weeks of STIGS release b) NLT 5 business days of CAT I STIG release c) (STIG Status Report) NLT 5 business days after the start of the new quarter Freq: Daily | J92: Due: a) Documentation: NLT 1 business days after issue identification b) Resolution NLT 5 business days after issue identification Freq: Daily | K92: Due: On-going Freq: Daily | L92: Due: NLT 5th business day of the succeeding month Freq: Monthly Flag: PWS reference "6.5.4.ll" looks like a typo.
A93: Oct | B93: 6.5.5 | C93: Endpoint Security Solutions (ESS) Support (1 of 2) | D93: Mixed (see due row) | E93: Cybersecurity | F93: Christine Y. Shigeta | G93: Brian Abrigo | H93: Distribute to TA | I93: 6.5.5-01 Recommendations & Suggestions | J93: 6.5.5-02 Host Based Firewall Rule Sets & HIPS | K93: 6.5.5-03 Incident Response | L93: 6.5.5-04 ESS O&M | M93: 6.5.5-05 Configuration management summary of changes | N93: Not Received | O93: Not Reviewed
H94: Due / Frequency (per document) | I94: Due: NLT 5 business days of analyzing new requirements Freq: As Required | J94: Due: NLT 5 business days of assignment Freq: As Required | K94: Due: Immediately upon discovery of anomalous traffic Freq: As Required | L94: Due: NLT the close of work day business Freq: Daily | M94: Due: NLT the 3rd business day of the following week Freq: Weekly
A95: Oct | B95: 6.5.5 | C95: Endpoint Security Solutions (ESS) Support (2 of 2) | D95: Mixed (see due row) | E95: Cybersecurity | F95: Christine Y. Shigeta | G95: Brian Abrigo | H95: Distribute to TA | I95: 6.5.5-06 ESS Baseline Report | J95: 6.5.5-07 STIG Compliance | K95: 6.5.5-08 Security Scans | L95: 6.5.5-09 PKI Compliance | M95: 6.5.5-10 MSR | N95: Not Received | O95: Not Reviewed
H96: Due / Frequency (per document) | I96: Due: NLT the 3rd business day of the following week Freq: Weekly | J96: Due: a) NLT 4 weeks of STIGS release b) NLT 5 business days of CAT I STIG release c) (STIG Status Report) NLT 5 business days after the start of the new quarter Freq: Daily | K96: Due: a) Documentation: NLT 1 business days after issue identification b) Resolution NLT 5 business days after issue identification Freq: Daily | L96: Due: On-going Freq: Daily | M96: Due: NLT 5th business day of the succeeding month Freq: Monthly
A97: Oct | B97: 6.5.6 | C97: Electronic Key Management Support | D97: Mixed (see due row) | E97: Cybersecurity | F97: Christine Y. Shigeta | G97: Brian Abrigo | H97: Distribute to TA | I97: 6.5.6-01 USINDOPACOM COMSEC Program | J97: 6.5.6-02 In-Country Distribution Plans | K97: 6.5.6-03 Standard Operating Procedures (SOPs) | L97: 6.5.6-04 MSR | N97: Not Received | O97: Not Reviewed
H98: Due / Frequency (per document) | I98: Due: NLT the close of work day business Freq: Daily | J98: Due: NLT 15 business days of assignment Freq: As Required | K98: Due: NLT 15 business days of assignment Freq: As Required | L98: Due: NLT 5th business day of the succeeding month Freq: Monthly
A99: Oct | B99: 6.5.7 | C99: Security Information Event Manager (SIEM) Administrator Support (1 of 3) | D99: Daily (standing) | E99: Cybersecurity | F99: Christine Y. Shigeta | G99: Brian Abrigo | H99: Distribute to TA | I99: 6.5.7-01 System Administration {Operating Systems & Applications} | J99: 6.5.7-02 Patching | K99: 6.5.7-03 STIG Compliance | L99: 6.5.7-04 PKI Compliance | M99: 6.5.7-05 ESS Compliance | N99: Not Received | O99: Not Reviewed
H100: Due / Frequency (per document) | I100: Due: On-going Freq: Daily | J100: Due: On-going Freq: Daily | K100: Due: a) NLT 4 weeks of STIGS release b) NLT 5 business days of CAT I STIG release c) (STIG Status Report) NLT 5 business days after the start of the new quarter Freq: Daily | L100: Due: On-going Freq: Daily | M100: Due: On-going Freq: Daily
A101: Oct | B101: 6.5.7 | C101: Security Information Event Manager (SIEM) Administrator Support (2 of 3) | D101: Mixed (see due row) | E101: Cybersecurity | F101: Christine Y. Shigeta | G101: Brian Abrigo | H101: Distribute to TA | I101: 6.5.7-06 Security Scans | J101: 6.5.7-07 Backup/Restore | K101: 6.5.7-08 ServiceNow Tickets | L101: 6.5.7-09 Continuity of Operations (COOP) | M101: 6.5.7-10 Standard Operating Procedures (SOP) | N101: Not Received | O101: Not Reviewed
...

Sheet Weekly
A1: Weekly Deliverables – last duty day / 3rd business day of the following week
A2: PWS as of 29 Sep 2023 | USINDOPACOM J6 | Tracking No. 712367735 | Follow-on to CS2 (GS00Q17GWD2133 / HC1019-19-F-0015) | Transition-in Jan 2024; Base Feb 2024 – Jan 2025; Option Years 1–4 to Jan 2029
A4: ID | B4: Deliverable | C4: PWS ¶ | D4: Primary POC | E4: Secondary POC | F4: Record | G4: Fully accepted | H4: Overdue | I4: Wk 1 | J4: Wk 2 | K4: Wk 3 | L4: Wk 4 | M4: Wk 5 | N4: Wk 6 | O4: Wk 7 | P4: Wk 8 | Q4: Wk 9 | R4: Wk 10 | S4: Wk 11 | T4: Wk 12 | U4: Wk 13 | V4: Wk 14 | W4: Wk 15 | X4: Wk 16 | Y4: Wk 17 | Z4: Wk 18 | AA4: Wk 19 | AB4: Wk 20 | AC4: Wk 21 | AD4: Wk 22 | AE4: Wk 23 | AF4: Wk 24 | AG4: Wk 25 | AH4: Wk 26
A5: 6.3.4-08 | B5: Active Directory Management – 6.3.4 Senior Windows System Administration Support | C5: 6.3.4.p | D5: Christine Y. Shigeta | E5: Brian Abrigo | F5: Due date | G5: =SUMPRODUCT((I8:AH8<>"")*(I10:AH10<>"")) -> 0 | H5: =SUMPRODUCT((I5:AH5<TODAY())*(((I6:AH6="")+(I6:AH6="In Progress"))>0)*(((I8:AH8="")+(I10:AH10=""))>0)) -> 2 | I5: =ClockStart+MOD(6-WEEKDAY(ClockStart),7)+0 -> 46297 | J5: =ClockStart+MOD(6-WEEKDAY(ClockStart),7)+7 -> 46304 | K5: =ClockStart+MOD(6-WEEKDAY(ClockStart),7)+14 -> 46311 | L5: =ClockStart+MOD(6-WEEKDAY(ClockStart),7)+21 -> 46318 | M5: =ClockStart+MOD(6-WEEKDAY(ClockStart),7)+28 -> 46325 | N5: =ClockStart+MOD(6-WEEKDAY(ClockStart),7)+35 -> 46332 | O5: =ClockStart+MOD(6-WEEKDAY(ClockStart),7)+42 -> 46339 | P5: =ClockStart+MOD(6-WEEKDAY(ClockStart),7)+49 -> 46346 | Q5: =ClockStart+MOD(6-WEEKDAY(ClockStart),7)+56 -> 46353 | R5: =ClockStart+MOD(6-WEEKDAY(ClockStart),7)+63 -> 46360 | S5: =ClockStart+MOD(6-WEEKDAY(ClockStart),7)+70 -> 46367 | T5: =ClockStart+MOD(6-WEEKDAY(ClockStart),7)+77 -> 46374 | U5: =ClockStart+MOD(6-WEEKDAY(ClockStart),7)+84 -> 46381 | V5: =ClockStart+MOD(6-WEEKDAY(ClockStart),7)+91 -> 46388 | W5: =ClockStart+MOD(6-WEEKDAY(ClockStart),7)+98 -> 46395 | X5: =ClockStart+MOD(6-WEEKDAY(ClockStart),7)+105 -> 46402 | Y5: =ClockStart+MOD(6-WEEKDAY(ClockStart),7)+112 -> 46409 | Z5: =ClockStart+MOD(6-WEEKDAY(ClockStart),7)+119 -> 46416 | AA5: =ClockStart+MOD(6-WEEKDAY(ClockStart),7)+126 -> 46423 | AB5: =ClockStart+MOD(6-WEEKDAY(ClockStart),7)+133 -> 46430 | AC5: =ClockStart+MOD(6-WEEKDAY(ClockStart),7)+140 -> 46437 | AD5: =ClockStart+MOD(6-WEEKDAY(ClockStart),7)+147 -> 46444 | AE5: =ClockStart+MOD(6-WEEKDAY(ClockStart),7)+154 -> 46451 | AF5: =ClockStart+MOD(6-WEEKDAY(ClockStart),7)+161 -> 46458 | AG5: =ClockStart+MOD(6-WEEKDAY(ClockStart),7)+168 -> 46465 | AH5: =ClockStart+MOD(6-WEEKDAY(ClockStart),7)+175 -> 46472
F6: Status
F7: COR accepted by
F8: COR date accepted
F9: J698 accepted by
F10: J698 date accepted
F11: Result | I11: =IF(AND(I8<>"",I10<>""),"Fully accepted",IF(I8<>"","COR only",IF(I10<>"","J698 only",""))) | J11: =IF(AND(J8<>"",J10<>""),"Fully accepted",IF(J8<>"","COR only",IF(J10<>"","J698 only",""))) | K11: =IF(AND(K8<>"",K10<>""),"Fully accepted",IF(K8<>"","COR only",IF(K10<>"","J698 only",""))) | L11: =IF(AND(L8<>"",L10<>""),"Fully accepted",IF(L8<>"","COR only",IF(L10<>"","J698 only",""))) | M11: =IF(AND(M8<>"",M10<>""),"Fully accepted",IF(M8<>"","COR only",IF(M10<>"","J698 only",""))) | N11: =IF(AND(N8<>"",N10<>""),"Fully accepted",IF(N8<>"","COR only",IF(N10<>"","J698 only",""))) | O11: =IF(AND(O8<>"",O10<>""),"Fully accepted",IF(O8<>"","COR only",IF(O10<>"","J698 only",""))) | P11: =IF(AND(P8<>"",P10<>""),"Fully accepted",IF(P8<>"","COR only",IF(P10<>"","J698 only",""))) | ... AH11: =IF(AND(AH8<>"",AH10<>""),"Fully accepted",IF(AH8<>"","COR only",IF(AH10<>"","J698 only","")))
A12: 6.3.5-08 | B12: Active Directory Management – 6.3.5 Windows System Administration Support | C12: 6.3.5.p | D12: Christine Y. Shigeta | E12: Brian Abrigo | F12: Due date | G12: =SUMPRODUCT((I15:AH15<>"")*(I17:AH17<>"")) -> 0 | H12: =SUMPRODUCT((I12:AH12<TODAY())*(((I13:AH13="")+(I13:AH13="In Progress"))>0)*(((I15:AH15="")+(I17:AH17=""))>0)) -> 2 | I12: =ClockStart+MOD(6-WEEKDAY(ClockStart),7)+0 -> 46297 | J12: =ClockStart+MOD(6-WEEKDAY(ClockStart),7)+7 -> 46304 | K12: =ClockStart+MOD(6-WEEKDAY(ClockStart),7)+14 -> 46311 | L12: =ClockStart+MOD(6-WEEKDAY(ClockStart),7)+21 -> 46318 | M12: =ClockStart+MOD(6-WEEKDAY(ClockStart),7)+28 -> 46325 | N12: =ClockStart+MOD(6-WEEKDAY(ClockStart),7)+35 -> 46332 | O12: =ClockStart+MOD(6-WEEKDAY(ClockStart),7)+42 -> 46339 | P12: =ClockStart+MOD(6-WEEKDAY(ClockStart),7)+49 -> 46346 | Q12: =ClockStart+MOD(6-WEEKDAY(ClockStart),7)+56 -> 46353 | R12: =ClockStart+MOD(6-WEEKDAY(ClockStart),7)+63 -> 46360 | S12: =ClockStart+MOD(6-WEEKDAY(ClockStart),7)+70 -> 46367 | T12: =ClockStart+MOD(6-WEEKDAY(ClockStart),7)+77 -> 46374 | U12: =ClockStart+MOD(6-WEEKDAY(ClockStart),7)+84 -> 46381 | V12: =ClockStart+MOD(6-WEEKDAY(ClockStart),7)+91 -> 46388 | W12: =ClockStart+MOD(6-WEEKDAY(ClockStart),7)+98 -> 46395 | X12: =ClockStart+MOD(6-WEEKDAY(ClockStart),7)+105 -> 46402 | Y12: =ClockStart+MOD(6-WEEKDAY(ClockStart),7)+112 -> 46409 | Z12: =ClockStart+MOD(6-WEEKDAY(ClockStart),7)+119 -> 46416 | AA12: =ClockStart+MOD(6-WEEKDAY(ClockStart),7)+126 -> 46423 | AB12: =ClockStart+MOD(6-WEEKDAY(ClockStart),7)+133 -> 46430 | AC12: =ClockStart+MOD(6-WEEKDAY(ClockStart),7)+140 -> 46437 | AD12: =ClockStart+MOD(6-WEEKDAY(ClockStart),7)+147 -> 46444 | AE12: =ClockStart+MOD(6-WEEKDAY(ClockStart),7)+154 -> 46451 | AF12: =ClockStart+MOD(6-WEEKDAY(ClockStart),7)+161 -> 46458 | AG12: =ClockStart+MOD(6-WEEKDAY(ClockStart),7)+168 -> 46465 | AH12: =ClockStart+MOD(6-WEEKDAY(ClockStart),7)+175 -> 46472
F13: Status
F14: COR accepted by
F15: COR date accepted
F16: J698 accepted by
F17: J698 date accepted
F18: Result | I18: =IF(AND(I15<>"",I17<>""),"Fully accepted",IF(I15<>"","COR only",IF(I17<>"","J698 only",""))) | J18: =IF(AND(J15<>"",J17<>""),"Fully accepted",IF(J15<>"","COR only",IF(J17<>"","J698 only",""))) | K18: =IF(AND(K15<>"",K17<>""),"Fully accepted",IF(K15<>"","COR only",IF(K17<>"","J698 only",""))) | L18: =IF(AND(L15<>"",L17<>""),"Fully accepted",IF(L15<>"","COR only",IF(L17<>"","J698 only",""))) | M18: =IF(AND(M15<>"",M17<>""),"Fully accepted",IF(M15<>"","COR only",IF(M17<>"","J698 only",""))) | N18: =IF(AND(N15<>"",N17<>""),"Fully accepted",IF(N15<>"","COR only",IF(N17<>"","J698 only",""))) | O18: =IF(AND(O15<>"",O17<>""),"Fully accepted",IF(O15<>"","COR only",IF(O17<>"","J698 only",""))) | P18: =IF(AND(P15<>"",P17<>""),"Fully accepted",IF(P15<>"","COR only",IF(P17<>"","J698 only",""))) | ... AH18: =IF(AND(AH15<>"",AH17<>""),"Fully accepted",IF(AH15<>"","COR only",IF(AH17<>"","J698 only","")))
A19: 6.5.2-01 | B19: Compliance Tracking & Reporting – 6.5.2 Cybersecurity Compliance Support | C19: 6.5.2.a | D19: Christine Y. Shigeta | E19: Brian Abrigo | F19: Due date | G19: =SUMPRODUCT((I22:AH22<>"")*(I24:AH24<>"")) -> 0 | H19: =SUMPRODUCT((I19:AH19<TODAY())*(((I20:AH20="")+(I20:AH20="In Progress"))>0)*(((I22:AH22="")+(I24:AH24=""))>0)) -> 2 | I19: =ClockStart+MOD(6-WEEKDAY(ClockStart),7)+0 -> 46297 | J19: =ClockStart+MOD(6-WEEKDAY(ClockStart),7)+7 -> 46304 | K19: =ClockStart+MOD(6-WEEKDAY(ClockStart),7)+14 -> 46311 | L19: =ClockStart+MOD(6-WEEKDAY(ClockStart),7)+21 -> 46318 | M19: =ClockStart+MOD(6-WEEKDAY(ClockStart),7)+28 -> 46325 | N19: =ClockStart+MOD(6-WEEKDAY(ClockStart),7)+35 -> 46332 | O19: =ClockStart+MOD(6-WEEKDAY(ClockStart),7)+42 -> 46339 | P19: =ClockStart+MOD(6-WEEKDAY(ClockStart),7)+49 -> 46346 | Q19: =ClockStart+MOD(6-WEEKDAY(ClockStart),7)+56 -> 46353 | R19: =ClockStart+MOD(6-WEEKDAY(ClockStart),7)+63 -> 46360 | S19: =ClockStart+MOD(6-WEEKDAY(ClockStart),7)+70 -> 46367 | T19: =ClockStart+MOD(6-WEEKDAY(ClockStart),7)+77 -> 46374 | U19: =ClockStart+MOD(6-WEEKDAY(ClockStart),7)+84 -> 46381 | V19: =ClockStart+MOD(6-WEEKDAY(ClockStart),7)+91 -> 46388 | W19: =ClockStart+MOD(6-WEEKDAY(ClockStart),7)+98 -> 46395 | X19: =ClockStart+MOD(6-WEEKDAY(ClockStart),7)+105 -> 46402 | Y19: =ClockStart+MOD(6-WEEKDAY(ClockStart),7)+112 -> 46409 | Z19: =ClockStart+MOD(6-WEEKDAY(ClockStart),7)+119 -> 46416 | AA19: =ClockStart+MOD(6-WEEKDAY(ClockStart),7)+126 -> 46423 | AB19: =ClockStart+MOD(6-WEEKDAY(ClockStart),7)+133 -> 46430 | AC19: =ClockStart+MOD(6-WEEKDAY(ClockStart),7)+140 -> 46437 | AD19: =ClockStart+MOD(6-WEEKDAY(ClockStart),7)+147 -> 46444 | AE19: =ClockStart+MOD(6-WEEKDAY(ClockStart),7)+154 -> 46451 | AF19: =ClockStart+MOD(6-WEEKDAY(ClockStart),7)+161 -> 46458 | AG19: =ClockStart+MOD(6-WEEKDAY(ClockStart),7)+168 -> 46465 | AH19: =ClockStart+MOD(6-WEEKDAY(ClockStart),7)+175 -> 46472
F20: Status
F21: COR accepted by
F22: COR date accepted
F23: J698 accepted by
F24: J698 date accepted
F25: Result | I25: =IF(AND(I22<>"",I24<>""),"Fully accepted",IF(I22<>"","COR only",IF(I24<>"","J698 only",""))) | J25: =IF(AND(J22<>"",J24<>""),"Fully accepted",IF(J22<>"","COR only",IF(J24<>"","J698 only",""))) | K25: =IF(AND(K22<>"",K24<>""),"Fully accepted",IF(K22<>"","COR only",IF(K24<>"","J698 only",""))) | L25: =IF(AND(L22<>"",L24<>""),"Fully accepted",IF(L22<>"","COR only",IF(L24<>"","J698 only",""))) | M25: =IF(AND(M22<>"",M24<>""),"Fully accepted",IF(M22<>"","COR only",IF(M24<>"","J698 only",""))) | N25: =IF(AND(N22<>"",N24<>""),"Fully accepted",IF(N22<>"","COR only",IF(N24<>"","J698 only",""))) | O25: =IF(AND(O22<>"",O24<>""),"Fully accepted",IF(O22<>"","COR only",IF(O24<>"","J698 only",""))) | P25: =IF(AND(P22<>"",P24<>""),"Fully accepted",IF(P22<>"","COR only",IF(P24<>"","J698 only",""))) | ... AH25: =IF(AND(AH22<>"",AH24<>""),"Fully accepted",IF(AH22<>"","COR only",IF(AH24<>"","J698 only","")))
A26: 6.5.2-02 | B26: Risk Analysis – 6.5.2 Cybersecurity Compliance Support | C26: 6.5.2.b | D26: Christine Y. Shigeta | E26: Brian Abrigo | F26: Due date | G26: =SUMPRODUCT((I29:AH29<>"")*(I31:AH31<>"")) -> 0 | H26: =SUMPRODUCT((I26:AH26<TODAY())*(((I27:AH27="")+(I27:AH27="In Progress"))>0)*(((I29:AH29="")+(I31:AH31=""))>0)) -> 2 | I26: =ClockStart+MOD(6-WEEKDAY(ClockStart),7)+0 -> 46297 | J26: =ClockStart+MOD(6-WEEKDAY(ClockStart),7)+7 -> 46304 | K26: =ClockStart+MOD(6-WEEKDAY(ClockStart),7)+14 -> 46311 | L26: =ClockStart+MOD(6-WEEKDAY(ClockStart),7)+21 -> 46318 | M26: =ClockStart+MOD(6-WEEKDAY(ClockStart),7)+28 -> 46325 | N26: =ClockStart+MOD(6-WEEKDAY(ClockStart),7)+35 -> 46332 | O26: =ClockStart+MOD(6-WEEKDAY(ClockStart),7)+42 -> 46339 | P26: =ClockStart+MOD(6-WEEKDAY(ClockStart),7)+49 -> 46346 | Q26: =ClockStart+MOD(6-WEEKDAY(ClockStart),7)+56 -> 46353 | R26: =ClockStart+MOD(6-WEEKDAY(ClockStart),7)+63 -> 46360 | S26: =ClockStart+MOD(6-WEEKDAY(ClockStart),7)+70 -> 46367 | T26: =ClockStart+MOD(6-WEEKDAY(ClockStart),7)+77 -> 46374 | U26: =ClockStart+MOD(6-WEEKDAY(ClockStart),7)+84 -> 46381 | V26: =ClockStart+MOD(6-WEEKDAY(ClockStart),7)+91 -> 46388 | W26: =ClockStart+MOD(6-WEEKDAY(ClockStart),7)+98 -> 46395 | X26: =ClockStart+MOD(6-WEEKDAY(ClockStart),7)+105 -> 46402 | Y26: =ClockStart+MOD(6-WEEKDAY(ClockStart),7)+112 -> 46409 | Z26: =ClockStart+MOD(6-WEEKDAY(ClockStart),7)+119 -> 46416 | AA26: =ClockStart+MOD(6-WEEKDAY(ClockStart),7)+126 -> 46423 | AB26: =ClockStart+MOD(6-WEEKDAY(ClockStart),7)+133 -> 46430 | AC26: =ClockStart+MOD(6-WEEKDAY(ClockStart),7)+140 -> 46437 | AD26: =ClockStart+MOD(6-WEEKDAY(ClockStart),7)+147 -> 46444 | AE26: =ClockStart+MOD(6-WEEKDAY(ClockStart),7)+154 -> 46451 | AF26: =ClockStart+MOD(6-WEEKDAY(ClockStart),7)+161 -> 46458 | AG26: =ClockStart+MOD(6-WEEKDAY(ClockStart),7)+168 -> 46465 | AH26: =ClockStart+MOD(6-WEEKDAY(ClockStart),7)+175 -> 46472
F27: Status
F28: COR accepted by
F29: COR date accepted
F30: J698 accepted by
F31: J698 date accepted
F32: Result | I32: =IF(AND(I29<>"",I31<>""),"Fully accepted",IF(I29<>"","COR only",IF(I31<>"","J698 only",""))) | J32: =IF(AND(J29<>"",J31<>""),"Fully accepted",IF(J29<>"","COR only",IF(J31<>"","J698 only",""))) | K32: =IF(AND(K29<>"",K31<>""),"Fully accepted",IF(K29<>"","COR only",IF(K31<>"","J698 only",""))) | L32: =IF(AND(L29<>"",L31<>""),"Fully accepted",IF(L29<>"","COR only",IF(L31<>"","J698 only",""))) | M32: =IF(AND(M29<>"",M31<>""),"Fully accepted",IF(M29<>"","COR only",IF(M31<>"","J698 only",""))) | N32: =IF(AND(N29<>"",N31<>""),"Fully accepted",IF(N29<>"","COR only",IF(N31<>"","J698 only",""))) | O32: =IF(AND(O29<>"",O31<>""),"Fully accepted",IF(O29<>"","COR only",IF(O31<>"","J698 only",""))) | P32: =IF(AND(P29<>"",P31<>""),"Fully accepted",IF(P29<>"","COR only",IF(P31<>"","J698 only",""))) | ... AH32: =IF(AND(AH29<>"",AH31<>""),"Fully accepted",IF(AH29<>"","COR only",IF(AH31<>"","J698 only","")))
A33: 6.5.4-04 | B33: Configuration Management Summary of Changes – 6.5.4 Network Defense Administrator Support | C33: 6.5.4.d | D33: Christine Y. Shigeta | E33: Brian Abrigo | F33: Due date | G33: =SUMPRODUCT((I36:AH36<>"")*(I38:AH38<>"")) -> 0 | H33: =SUMPRODUCT((I33:AH33<TODAY())*(((I34:AH34="")+(I34:AH34="In Progress"))>0)*(((I36:AH36="")+(I38:AH38=""))>0)) -> 1 | I33: =ClockStart+MOD(4-WEEKDAY(ClockStart),7)+0 -> 46302 | J33: =ClockStart+MOD(4-WEEKDAY(ClockStart),7)+7 -> 46309 | K33: =ClockStart+MOD(4-WEEKDAY(ClockStart),7)+14 -> 46316 | L33: =ClockStart+MOD(4-WEEKDAY(ClockStart),7)+21 -> 46323 | M33: =ClockStart+MOD(4-WEEKDAY(ClockStart),7)+28 -> 46330 | N33: =ClockStart+MOD(4-WEEKDAY(ClockStart),7)+35 -> 46337 | O33: =ClockStart+MOD(4-WEEKDAY(ClockStart),7)+42 -> 46344 | P33: =ClockStart+MOD(4-WEEKDAY(ClockStart),7)+49 -> 46351 | Q33: =ClockStart+MOD(4-WEEKDAY(ClockStart),7)+56 -> 46358 | R33: =ClockStart+MOD(4-WEEKDAY(ClockStart),7)+63 -> 46365 | S33: =ClockStart+MOD(4-WEEKDAY(ClockStart),7)+70 -> 46372 | T33: =ClockStart+MOD(4-WEEKDAY(ClockStart),7)+77 -> 46379 | U33: =ClockStart+MOD(4-WEEKDAY(ClockStart),7)+84 -> 46386 | V33: =ClockStart+MOD(4-WEEKDAY(ClockStart),7)+91 -> 46393 | W33: =ClockStart+MOD(4-WEEKDAY(ClockStart),7)+98 -> 46400 | X33: =ClockStart+MOD(4-WEEKDAY(ClockStart),7)+105 -> 46407 | Y33: =ClockStart+MOD(4-WEEKDAY(ClockStart),7)+112 -> 46414 | Z33: =ClockStart+MOD(4-WEEKDAY(ClockStart),7)+119 -> 46421 | AA33: =ClockStart+MOD(4-WEEKDAY(ClockStart),7)+126 -> 46428 | AB33: =ClockStart+MOD(4-WEEKDAY(ClockStart),7)+133 -> 46435 | AC33: =ClockStart+MOD(4-WEEKDAY(ClockStart),7)+140 -> 46442 | AD33: =ClockStart+MOD(4-WEEKDAY(ClockStart),7)+147 -> 46449 | AE33: =ClockStart+MOD(4-WEEKDAY(ClockStart),7)+154 -> 46456 | AF33: =ClockStart+MOD(4-WEEKDAY(ClockStart),7)+161 -> 46463 | AG33: =ClockStart+MOD(4-WEEKDAY(ClockStart),7)+168 -> 46470 | AH33: =ClockStart+MOD(4-WEEKDAY(ClockStart),7)+175 -> 46477
F34: Status
F35: COR accepted by
F36: COR date accepted
F37: J698 accepted by
F38: J698 date accepted
F39: Result | I39: =IF(AND(I36<>"",I38<>""),"Fully accepted",IF(I36<>"","COR only",IF(I38<>"","J698 only",""))) | J39: =IF(AND(J36<>"",J38<>""),"Fully accepted",IF(J36<>"","COR only",IF(J38<>"","J698 only",""))) | K39: =IF(AND(K36<>"",K38<>""),"Fully accepted",IF(K36<>"","COR only",IF(K38<>"","J698 only",""))) | L39: =IF(AND(L36<>"",L38<>""),"Fully accepted",IF(L36<>"","COR only",IF(L38<>"","J698 only",""))) | M39: =IF(AND(M36<>"",M38<>""),"Fully accepted",IF(M36<>"","COR only",IF(M38<>"","J698 only",""))) | N39: =IF(AND(N36<>"",N38<>""),"Fully accepted",IF(N36<>"","COR only",IF(N38<>"","J698 only",""))) | O39: =IF(AND(O36<>"",O38<>""),"Fully accepted",IF(O36<>"","COR only",IF(O38<>"","J698 only",""))) | P39: =IF(AND(P36<>"",P38<>""),"Fully accepted",IF(P36<>"","COR only",IF(P38<>"","J698 only",""))) | ... AH39: =IF(AND(AH36<>"",AH38<>""),"Fully accepted",IF(AH36<>"","COR only",IF(AH38<>"","J698 only","")))
A40: 6.5.4-05 | B40: Cyber Threat Summaries – 6.5.4 Network Defense Administrator Support | C40: 6.5.4.e | D40: Christine Y. Shigeta | E40: Brian Abrigo | F40: Due date | G40: =SUMPRODUCT((I43:AH43<>"")*(I45:AH45<>"")) -> 0 | H40: =SUMPRODUCT((I40:AH40<TODAY())*(((I41:AH41="")+(I41:AH41="In Progress"))>0)*(((I43:AH43="")+(I45:AH45=""))>0)) -> 1 | I40: =ClockStart+MOD(4-WEEKDAY(ClockStart),7)+0 -> 46302 | J40: =ClockStart+MOD(4-WEEKDAY(ClockStart),7)+7 -> 46309 | K40: =ClockStart+MOD(4-WEEKDAY(ClockStart),7)+14 -> 46316 | L40: =ClockStart+MOD(4-WEEKDAY(ClockStart),7)+21 -> 46323 | M40: =ClockStart+MOD(4-WEEKDAY(ClockStart),7)+28 -> 46330 | N40: =ClockStart+MOD(4-WEEKDAY(ClockStart),7)+35 -> 46337 | O40: =ClockStart+MOD(4-WEEKDAY(ClockStart),7)+42 -> 46344 | P40: =ClockStart+MOD(4-WEEKDAY(ClockStart),7)+49 -> 46351 | Q40: =ClockStart+MOD(4-WEEKDAY(ClockStart),7)+56 -> 46358 | R40: =ClockStart+MOD(4-WEEKDAY(ClockStart),7)+63 -> 46365 | S40: =ClockStart+MOD(4-WEEKDAY(ClockStart),7)+70 -> 46372 | T40: =ClockStart+MOD(4-WEEKDAY(ClockStart),7)+77 -> 46379 | U40: =ClockStart+MOD(4-WEEKDAY(ClockStart),7)+84 -> 46386 | V40: =ClockStart+MOD(4-WEEKDAY(ClockStart),7)+91 -> 46393 | W40: =ClockStart+MOD(4-WEEKDAY(ClockStart),7)+98 -> 46400 | X40: =ClockStart+MOD(4-WEEKDAY(ClockStart),7)+105 -> 46407 | Y40: =ClockStart+MOD(4-WEEKDAY(ClockStart),7)+112 -> 46414 | Z40: =ClockStart+MOD(4-WEEKDAY(ClockStart),7)+119 -> 46421 | AA40: =ClockStart+MOD(4-WEEKDAY(ClockStart),7)+126 -> 46428 | AB40: =ClockStart+MOD(4-WEEKDAY(ClockStart),7)+133 -> 46435 | AC40: =ClockStart+MOD(4-WEEKDAY(ClockStart),7)+140 -> 46442 | AD40: =ClockStart+MOD(4-WEEKDAY(ClockStart),7)+147 -> 46449 | AE40: =ClockStart+MOD(4-WEEKDAY(ClockStart),7)+154 -> 46456 | AF40: =ClockStart+MOD(4-WEEKDAY(ClockStart),7)+161 -> 46463 | AG40: =ClockStart+MOD(4-WEEKDAY(ClockStart),7)+168 -> 46470 | AH40: =ClockStart+MOD(4-WEEKDAY(ClockStart),7)+175 -> 46477
F41: Status
F42: COR accepted by
F43: COR date accepted
F44: J698 accepted by
F45: J698 date accepted
F46: Result | I46: =IF(AND(I43<>"",I45<>""),"Fully accepted",IF(I43<>"","COR only",IF(I45<>"","J698 only",""))) | J46: =IF(AND(J43<>"",J45<>""),"Fully accepted",IF(J43<>"","COR only",IF(J45<>"","J698 only",""))) | K46: =IF(AND(K43<>"",K45<>""),"Fully accepted",IF(K43<>"","COR only",IF(K45<>"","J698 only",""))) | L46: =IF(AND(L43<>"",L45<>""),"Fully accepted",IF(L43<>"","COR only",IF(L45<>"","J698 only",""))) | M46: =IF(AND(M43<>"",M45<>""),"Fully accepted",IF(M43<>"","COR only",IF(M45<>"","J698 only",""))) | N46: =IF(AND(N43<>"",N45<>""),"Fully accepted",IF(N43<>"","COR only",IF(N45<>"","J698 only",""))) | O46: =IF(AND(O43<>"",O45<>""),"Fully accepted",IF(O43<>"","COR only",IF(O45<>"","J698 only",""))) | P46: =IF(AND(P43<>"",P45<>""),"Fully accepted",IF(P43<>"","COR only",IF(P45<>"","J698 only",""))) | ... AH46: =IF(AND(AH43<>"",AH45<>""),"Fully accepted",IF(AH43<>"","COR only",IF(AH45<>"","J698 only","")))
A47: 6.5.5-05 | B47: Configuration management summary of changes – 6.5.5 Endpoint Security Solutions (ESS) Support | C47: 6.5.5.d | D47: Christine Y. Shigeta | E47: Brian Abrigo | F47: Due date | G47: =SUMPRODUCT((I50:AH50<>"")*(I52:AH52<>"")) -> 0 | H47: =SUMPRODUCT((I47:AH47<TODAY())*(((I48:AH48="")+(I48:AH48="In Progress"))>0)*(((I50:AH50="")+(I52:AH52=""))>0)) -> 1 | I47: =ClockStart+MOD(4-WEEKDAY(ClockStart),7)+0 -> 46302 | J47: =ClockStart+MOD(4-WEEKDAY(ClockStart),7)+7 -> 46309 | K47: =ClockStart+MOD(4-WEEKDAY(ClockStart),7)+14 -> 46316 | L47: =ClockStart+MOD(4-WEEKDAY(ClockStart),7)+21 -> 46323 | M47: =ClockStart+MOD(4-WEEKDAY(ClockStart),7)+28 -> 46330 | N47: =ClockStart+MOD(4-WEEKDAY(ClockStart),7)+35 -> 46337 | O47: =ClockStart+MOD(4-WEEKDAY(ClockStart),7)+42 -> 46344 | P47: =ClockStart+MOD(4-WEEKDAY(ClockStart),7)+49 -> 46351 | Q47: =ClockStart+MOD(4-WEEKDAY(ClockStart),7)+56 -> 46358 | R47: =ClockStart+MOD(4-WEEKDAY(ClockStart),7)+63 -> 46365 | S47: =ClockStart+MOD(4-WEEKDAY(ClockStart),7)+70 -> 46372 | T47: =ClockStart+MOD(4-WEEKDAY(ClockStart),7)+77 -> 46379 | U47: =ClockStart+MOD(4-WEEKDAY(ClockStart),7)+84 -> 46386 | V47: =ClockStart+MOD(4-WEEKDAY(ClockStart),7)+91 -> 46393 | W47: =ClockStart+MOD(4-WEEKDAY(ClockStart),7)+98 -> 46400 | X47: =ClockStart+MOD(4-WEEKDAY(ClockStart),7)+105 -> 46407 | Y47: =ClockStart+MOD(4-WEEKDAY(ClockStart),7)+112 -> 46414 | Z47: =ClockStart+MOD(4-WEEKDAY(ClockStart),7)+119 -> 46421 | AA47: =ClockStart+MOD(4-WEEKDAY(ClockStart),7)+126 -> 46428 | AB47: =ClockStart+MOD(4-WEEKDAY(ClockStart),7)+133 -> 46435 | AC47: =ClockStart+MOD(4-WEEKDAY(ClockStart),7)+140 -> 46442 | AD47: =ClockStart+MOD(4-WEEKDAY(ClockStart),7)+147 -> 46449 | AE47: =ClockStart+MOD(4-WEEKDAY(ClockStart),7)+154 -> 46456 | AF47: =ClockStart+MOD(4-WEEKDAY(ClockStart),7)+161 -> 46463 | AG47: =ClockStart+MOD(4-WEEKDAY(ClockStart),7)+168 -> 46470 | AH47: =ClockStart+MOD(4-WEEKDAY(ClockStart),7)+175 -> 46477
F48: Status
F49: COR accepted by
F50: COR date accepted
F51: J698 accepted by
F52: J698 date accepted
F53: Result | I53: =IF(AND(I50<>"",I52<>""),"Fully accepted",IF(I50<>"","COR only",IF(I52<>"","J698 only",""))) | J53: =IF(AND(J50<>"",J52<>""),"Fully accepted",IF(J50<>"","COR only",IF(J52<>"","J698 only",""))) | K53: =IF(AND(K50<>"",K52<>""),"Fully accepted",IF(K50<>"","COR only",IF(K52<>"","J698 only",""))) | L53: =IF(AND(L50<>"",L52<>""),"Fully accepted",IF(L50<>"","COR only",IF(L52<>"","J698 only",""))) | M53: =IF(AND(M50<>"",M52<>""),"Fully accepted",IF(M50<>"","COR only",IF(M52<>"","J698 only",""))) | N53: =IF(AND(N50<>"",N52<>""),"Fully accepted",IF(N50<>"","COR only",IF(N52<>"","J698 only",""))) | O53: =IF(AND(O50<>"",O52<>""),"Fully accepted",IF(O50<>"","COR only",IF(O52<>"","J698 only",""))) | P53: =IF(AND(P50<>"",P52<>""),"Fully accepted",IF(P50<>"","COR only",IF(P52<>"","J698 only",""))) | ... AH53: =IF(AND(AH50<>"",AH52<>""),"Fully accepted",IF(AH50<>"","COR only",IF(AH52<>"","J698 only","")))
A54: 6.5.5-06 | B54: ESS Baseline Report – 6.5.5 Endpoint Security Solutions (ESS) Support | C54: 6.5.5.e | D54: Christine Y. Shigeta | E54: Brian Abrigo | F54: Due date | G54: =SUMPRODUCT((I57:AH57<>"")*(I59:AH59<>"")) -> 0 | H54: =SUMPRODUCT((I54:AH54<TODAY())*(((I55:AH55="")+(I55:AH55="In Progress"))>0)*(((I57:AH57="")+(I59:AH59=""))>0)) -> 1 | I54: =ClockStart+MOD(4-WEEKDAY(ClockStart),7)+0 -> 46302 | J54: =ClockStart+MOD(4-WEEKDAY(ClockStart),7)+7 -> 46309 | K54: =ClockStart+MOD(4-WEEKDAY(ClockStart),7)+14 -> 46316 | L54: =ClockStart+MOD(4-WEEKDAY(ClockStart),7)+21 -> 46323 | M54: =ClockStart+MOD(4-WEEKDAY(ClockStart),7)+28 -> 46330 | N54: =ClockStart+MOD(4-WEEKDAY(ClockStart),7)+35 -> 46337 | O54: =ClockStart+MOD(4-WEEKDAY(ClockStart),7)+42 -> 46344 | P54: =ClockStart+MOD(4-WEEKDAY(ClockStart),7)+49 -> 46351 | Q54: =ClockStart+MOD(4-WEEKDAY(ClockStart),7)+56 -> 46358 | R54: =ClockStart+MOD(4-WEEKDAY(ClockStart),7)+63 -> 46365 | S54: =ClockStart+MOD(4-WEEKDAY(ClockStart),7)+70 -> 46372 | T54: =ClockStart+MOD(4-WEEKDAY(ClockStart),7)+77 -> 46379 | U54: =ClockStart+MOD(4-WEEKDAY(ClockStart),7)+84 -> 46386 | V54: =ClockStart+MOD(4-WEEKDAY(ClockStart),7)+91 -> 46393 | W54: =ClockStart+MOD(4-WEEKDAY(ClockStart),7)+98 -> 46400 | X54: =ClockStart+MOD(4-WEEKDAY(ClockStart),7)+105 -> 46407 | Y54: =ClockStart+MOD(4-WEEKDAY(ClockStart),7)+112 -> 46414 | Z54: =ClockStart+MOD(4-WEEKDAY(ClockStart),7)+119 -> 46421 | AA54: =ClockStart+MOD(4-WEEKDAY(ClockStart),7)+126 -> 46428 | AB54: =ClockStart+MOD(4-WEEKDAY(ClockStart),7)+133 -> 46435 | AC54: =ClockStart+MOD(4-WEEKDAY(ClockStart),7)+140 -> 46442 | AD54: =ClockStart+MOD(4-WEEKDAY(ClockStart),7)+147 -> 46449 | AE54: =ClockStart+MOD(4-WEEKDAY(ClockStart),7)+154 -> 46456 | AF54: =ClockStart+MOD(4-WEEKDAY(ClockStart),7)+161 -> 46463 | AG54: =ClockStart+MOD(4-WEEKDAY(ClockStart),7)+168 -> 46470 | AH54: =ClockStart+MOD(4-WEEKDAY(ClockStart),7)+175 -> 46477
F55: Status
F56: COR accepted by
F57: COR date accepted
F58: J698 accepted by
F59: J698 date accepted
F60: Result | I60: =IF(AND(I57<>"",I59<>""),"Fully accepted",IF(I57<>"","COR only",IF(I59<>"","J698 only",""))) | J60: =IF(AND(J57<>"",J59<>""),"Fully accepted",IF(J57<>"","COR only",IF(J59<>"","J698 only",""))) | K60: =IF(AND(K57<>"",K59<>""),"Fully accepted",IF(K57<>"","COR only",IF(K59<>"","J698 only",""))) | L60: =IF(AND(L57<>"",L59<>""),"Fully accepted",IF(L57<>"","COR only",IF(L59<>"","J698 only",""))) | M60: =IF(AND(M57<>"",M59<>""),"Fully accepted",IF(M57<>"","COR only",IF(M59<>"","J698 only",""))) | N60: =IF(AND(N57<>"",N59<>""),"Fully accepted",IF(N57<>"","COR only",IF(N59<>"","J698 only",""))) | O60: =IF(AND(O57<>"",O59<>""),"Fully accepted",IF(O57<>"","COR only",IF(O59<>"","J698 only",""))) | P60: =IF(AND(P57<>"",P59<>""),"Fully accepted",IF(P57<>"","COR only",IF(P59<>"","J698 only",""))) | ... AH60: =IF(AND(AH57<>"",AH59<>""),"Fully accepted",IF(AH57<>"","COR only",IF(AH59<>"","J698 only","")))
B62: Set Status, then record who accepted it and when. Weekly reports are due the last duty day of the week (Fri) or the 3rd business day of the following week (Wed), per Section 11.

Sheet Monthly
A1: Monthly Deliverables – MSRs and monthly reports (5th business day of the succeeding month)
A2: PWS as of 29 Sep 2023 | USINDOPACOM J6 | Tracking No. 712367735 | Follow-on to CS2 (GS00Q17GWD2133 / HC1019-19-F-0015) | Transition-in Jan 2024; Base Feb 2024 – Jan 2025; Option Years 1–4 to Jan 2029
A4: ID | B4: Deliverable | C4: PWS ¶ | D4: Primary POC | E4: Secondary POC | F4: Record | G4: Fully accepted | H4: Overdue | I4: =EDATE(DATE(YEAR(ClockStart),MONTH(ClockStart),1),0) -> 46296 | J4: =EDATE(DATE(YEAR(ClockStart),MONTH(ClockStart),1),1) -> 46327 | K4: =EDATE(DATE(YEAR(ClockStart),MONTH(ClockStart),1),2) -> 46357 | L4: =EDATE(DATE(YEAR(ClockStart),MONTH(ClockStart),1),3) -> 46388 | M4: =EDATE(DATE(YEAR(ClockStart),MONTH(ClockStart),1),4) -> 46419 | N4: =EDATE(DATE(YEAR(ClockStart),MONTH(ClockStart),1),5) -> 46447
A5: 6.1.1-03 | B5: MSR – 6.1.1 Enterprise Architecture Support | C5: 6.1.1.c | D5: Christine Y. Shigeta | E5: Brian Abrigo | F5: Due date | G5: =SUMPRODUCT((I8:N8<>"")*(I10:N10<>"")) -> 0 | H5: =SUMPRODUCT((I5:N5<TODAY())*(((I6:N6="")+(I6:N6="In Progress"))>0)*(((I8:N8="")+(I10:N10=""))>0)) -> 0 | I5: =WORKDAY(EOMONTH(I$4,0),5) -> 46332 | J5: =WORKDAY(EOMONTH(J$4,0),5) -> 46363 | K5: =WORKDAY(EOMONTH(K$4,0),5) -> 46394 | L5: =WORKDAY(EOMONTH(L$4,0),5) -> 46423 | M5: =WORKDAY(EOMONTH(M$4,0),5) -> 46451 | N5: =WORKDAY(EOMONTH(N$4,0),5) -> 46484
F6: Status
F7: COR accepted by
F8: COR date accepted
F9: J698 accepted by
F10: J698 date accepted
F11: Result | I11: =IF(AND(I8<>"",I10<>""),"Fully accepted",IF(I8<>"","COR only",IF(I10<>"","J698 only",""))) | J11: =IF(AND(J8<>"",J10<>""),"Fully accepted",IF(J8<>"","COR only",IF(J10<>"","J698 only",""))) | K11: =IF(AND(K8<>"",K10<>""),"Fully accepted",IF(K8<>"","COR only",IF(K10<>"","J698 only",""))) | L11: =IF(AND(L8<>"",L10<>""),"Fully accepted",IF(L8<>"","COR only",IF(L10<>"","J698 only",""))) | M11: =IF(AND(M8<>"",M10<>""),"Fully accepted",IF(M8<>"","COR only",IF(M10<>"","J698 only",""))) | N11: =IF(AND(N8<>"",N10<>""),"Fully accepted",IF(N8<>"","COR only",IF(N10<>"","J698 only","")))
A12: 6.1.3-03 | B12: MSR – 6.1.3 Business Process Analyst Support | C12: 6.1.3.f | D12: Christine Y. Shigeta | E12: Brian Abrigo | F12: Due date | G12: =SUMPRODUCT((I15:N15<>"")*(I17:N17<>"")) -> 0 | H12: =SUMPRODUCT((I12:N12<TODAY())*(((I13:N13="")+(I13:N13="In Progress"))>0)*(((I15:N15="")+(I17:N17=""))>0)) -> 0 | I12: =WORKDAY(EOMONTH(I$4,0),5) -> 46332 | J12: =WORKDAY(EOMONTH(J$4,0),5) -> 46363 | K12: =WORKDAY(EOMONTH(K$4,0),5) -> 46394 | L12: =WORKDAY(EOMONTH(L$4,0),5) -> 46423 | M12: =WORKDAY(EOMONTH(M$4,0),5) -> 46451 | N12: =WORKDAY(EOMONTH(N$4,0),5) -> 46484
F13: Status
F14: COR accepted by
F15: COR date accepted
F16: J698 accepted by
F17: J698 date accepted
F18: Result | I18: =IF(AND(I15<>"",I17<>""),"Fully accepted",IF(I15<>"","COR only",IF(I17<>"","J698 only",""))) | J18: =IF(AND(J15<>"",J17<>""),"Fully accepted",IF(J15<>"","COR only",IF(J17<>"","J698 only",""))) | K18: =IF(AND(K15<>"",K17<>""),"Fully accepted",IF(K15<>"","COR only",IF(K17<>"","J698 only",""))) | L18: =IF(AND(L15<>"",L17<>""),"Fully accepted",IF(L15<>"","COR only",IF(L17<>"","J698 only",""))) | M18: =IF(AND(M15<>"",M17<>""),"Fully accepted",IF(M15<>"","COR only",IF(M17<>"","J698 only",""))) | N18: =IF(AND(N15<>"",N17<>""),"Fully accepted",IF(N15<>"","COR only",IF(N17<>"","J698 only","")))
A19: 6.2.1-05 | B19: MSR – 6.2.1 Audio Visual Systems Engineering Support | C19: 6.2.1.o | D19: Christine Y. Shigeta | E19: Brian Abrigo | F19: Due date | G19: =SUMPRODUCT((I22:N22<>"")*(I24:N24<>"")) -> 0 | H19: =SUMPRODUCT((I19:N19<TODAY())*(((I20:N20="")+(I20:N20="In Progress"))>0)*(((I22:N22="")+(I24:N24=""))>0)) -> 0 | I19: =WORKDAY(EOMONTH(I$4,0),5) -> 46332 | J19: =WORKDAY(EOMONTH(J$4,0),5) -> 46363 | K19: =WORKDAY(EOMONTH(K$4,0),5) -> 46394 | L19: =WORKDAY(EOMONTH(L$4,0),5) -> 46423 | M19: =WORKDAY(EOMONTH(M$4,0),5) -> 46451 | N19: =WORKDAY(EOMONTH(N$4,0),5) -> 46484
F20: Status
F21: COR accepted by
F22: COR date accepted
F23: J698 accepted by
F24: J698 date accepted
F25: Result | I25: =IF(AND(I22<>"",I24<>""),"Fully accepted",IF(I22<>"","COR only",IF(I24<>"","J698 only",""))) | J25: =IF(AND(J22<>"",J24<>""),"Fully accepted",IF(J22<>"","COR only",IF(J24<>"","J698 only",""))) | K25: =IF(AND(K22<>"",K24<>""),"Fully accepted",IF(K22<>"","COR only",IF(K24<>"","J698 only",""))) | L25: =IF(AND(L22<>"",L24<>""),"Fully accepted",IF(L22<>"","COR only",IF(L24<>"","J698 only",""))) | M25: =IF(AND(M22<>"",M24<>""),"Fully accepted",IF(M22<>"","COR only",IF(M24<>"","J698 only",""))) | N25: =IF(AND(N22<>"",N24<>""),"Fully accepted",IF(N22<>"","COR only",IF(N24<>"","J698 only","")))
A26: 6.2.2-04 | B26: MSR – 6.2.2 Video Teleconferencing (VTC) Scheduling Support | C26: 6.2.2.e | D26: Christine Y. Shigeta | E26: Brian Abrigo | F26: Due date | G26: =SUMPRODUCT((I29:N29<>"")*(I31:N31<>"")) -> 0 | H26: =SUMPRODUCT((I26:N26<TODAY())*(((I27:N27="")+(I27:N27="In Progress"))>0)*(((I29:N29="")+(I31:N31=""))>0)) -> 0 | I26: =WORKDAY(EOMONTH(I$4,0),5) -> 46332 | J26: =WORKDAY(EOMONTH(J$4,0),5) -> 46363 | K26: =WORKDAY(EOMONTH(K$4,0),5) -> 46394 | L26: =WORKDAY(EOMONTH(L$4,0),5) -> 46423 | M26: =WORKDAY(EOMONTH(M$4,0),5) -> 46451 | N26: =WORKDAY(EOMONTH(N$4,0),5) -> 46484
F27: Status
F28: COR accepted by
F29: COR date accepted
F30: J698 accepted by
F31: J698 date accepted
F32: Result | I32: =IF(AND(I29<>"",I31<>""),"Fully accepted",IF(I29<>"","COR only",IF(I31<>"","J698 only",""))) | J32: =IF(AND(J29<>"",J31<>""),"Fully accepted",IF(J29<>"","COR only",IF(J31<>"","J698 only",""))) | K32: =IF(AND(K29<>"",K31<>""),"Fully accepted",IF(K29<>"","COR only",IF(K31<>"","J698 only",""))) | L32: =IF(AND(L29<>"",L31<>""),"Fully accepted",IF(L29<>"","COR only",IF(L31<>"","J698 only",""))) | M32: =IF(AND(M29<>"",M31<>""),"Fully accepted",IF(M29<>"","COR only",IF(M31<>"","J698 only",""))) | N32: =IF(AND(N29<>"",N31<>""),"Fully accepted",IF(N29<>"","COR only",IF(N31<>"","J698 only","")))
A33: 6.2.3-02 | B33: MSR – 6.2.3 Video Teleconferencing (VTC) Network Engineering Support | C33: 6.2.3.p | D33: Christine Y. Shigeta | E33: Brian Abrigo | F33: Due date | G33: =SUMPRODUCT((I36:N36<>"")*(I38:N38<>"")) -> 0 | H33: =SUMPRODUCT((I33:N33<TODAY())*(((I34:N34="")+(I34:N34="In Progress"))>0)*(((I36:N36="")+(I38:N38=""))>0)) -> 0 | I33: =WORKDAY(EOMONTH(I$4,0),5) -> 46332 | J33: =WORKDAY(EOMONTH(J$4,0),5) -> 46363 | K33: =WORKDAY(EOMONTH(K$4,0),5) -> 46394 | L33: =WORKDAY(EOMONTH(L$4,0),5) -> 46423 | M33: =WORKDAY(EOMONTH(M$4,0),5) -> 46451 | N33: =WORKDAY(EOMONTH(N$4,0),5) -> 46484
F34: Status
F35: COR accepted by
F36: COR date accepted
F37: J698 accepted by
F38: J698 date accepted
F39: Result | I39: =IF(AND(I36<>"",I38<>""),"Fully accepted",IF(I36<>"","COR only",IF(I38<>"","J698 only",""))) | J39: =IF(AND(J36<>"",J38<>""),"Fully accepted",IF(J36<>"","COR only",IF(J38<>"","J698 only",""))) | K39: =IF(AND(K36<>"",K38<>""),"Fully accepted",IF(K36<>"","COR only",IF(K38<>"","J698 only",""))) | L39: =IF(AND(L36<>"",L38<>""),"Fully accepted",IF(L36<>"","COR only",IF(L38<>"","J698 only",""))) | M39: =IF(AND(M36<>"",M38<>""),"Fully accepted",IF(M36<>"","COR only",IF(M38<>"","J698 only",""))) | N39: =IF(AND(N36<>"",N38<>""),"Fully accepted",IF(N36<>"","COR only",IF(N38<>"","J698 only","")))
A40: 6.2.4-04 | B40: STIG Implementation & Reporting – 6.2.4 Senior Cisco Networking Engineering Support | C40: 6.2.4.e | D40: Christine Y. Shigeta | E40: Brian Abrigo | F40: Due date | G40: =SUMPRODUCT((I43:N43<>"")*(I45:N45<>"")) -> 0 | H40: =SUMPRODUCT((I40:N40<TODAY())*(((I41:N41="")+(I41:N41="In Progress"))>0)*(((I43:N43="")+(I45:N45=""))>0)) -> 0 | I40: =WORKDAY(EOMONTH(I$4,0),5) -> 46332 | J40: =WORKDAY(EOMONTH(J$4,0),5) -> 46363 | K40: =WORKDAY(EOMONTH(K$4,0),5) -> 46394 | L40: =WORKDAY(EOMONTH(L$4,0),5) -> 46423 | M40: =WORKDAY(EOMONTH(M$4,0),5) -> 46451 | N40: =WORKDAY(EOMONTH(N$4,0),5) -> 46484
F41: Status
F42: COR accepted by
F43: COR date accepted
F44: J698 accepted by
F45: J698 date accepted
F46: Result | I46: =IF(AND(I43<>"",I45<>""),"Fully accepted",IF(I43<>"","COR only",IF(I45<>"","J698 only",""))) | J46: =IF(AND(J43<>"",J45<>""),"Fully accepted",IF(J43<>"","COR only",IF(J45<>"","J698 only",""))) | K46: =IF(AND(K43<>"",K45<>""),"Fully accepted",IF(K43<>"","COR only",IF(K45<>"","J698 only",""))) | L46: =IF(AND(L43<>"",L45<>""),"Fully accepted",IF(L43<>"","COR only",IF(L45<>"","J698 only",""))) | M46: =IF(AND(M43<>"",M45<>""),"Fully accepted",IF(M43<>"","COR only",IF(M45<>"","J698 only",""))) | N46: =IF(AND(N43<>"",N45<>""),"Fully accepted",IF(N43<>"","COR only",IF(N45<>"","J698 only","")))
A47: 6.2.4-09 | B47: MSR – 6.2.4 Senior Cisco Networking Engineering Support | C47: 6.2.4.r | D47: Christine Y. Shigeta | E47: Brian Abrigo | F47: Due date | G47: =SUMPRODUCT((I50:N50<>"")*(I52:N52<>"")) -> 0 | H47: =SUMPRODUCT((I47:N47<TODAY())*(((I48:N48="")+(I48:N48="In Progress"))>0)*(((I50:N50="")+(I52:N52=""))>0)) -> 0 | I47: =WORKDAY(EOMONTH(I$4,0),5) -> 46332 | J47: =WORKDAY(EOMONTH(J$4,0),5) -> 46363 | K47: =WORKDAY(EOMONTH(K$4,0),5) -> 46394 | L47: =WORKDAY(EOMONTH(L$4,0),5) -> 46423 | M47: =WORKDAY(EOMONTH(M$4,0),5) -> 46451 | N47: =WORKDAY(EOMONTH(N$4,0),5) -> 46484
F48: Status
F49: COR accepted by
F50: COR date accepted
F51: J698 accepted by
F52: J698 date accepted
F53: Result | I53: =IF(AND(I50<>"",I52<>""),"Fully accepted",IF(I50<>"","COR only",IF(I52<>"","J698 only",""))) | J53: =IF(AND(J50<>"",J52<>""),"Fully accepted",IF(J50<>"","COR only",IF(J52<>"","J698 only",""))) | K53: =IF(AND(K50<>"",K52<>""),"Fully accepted",IF(K50<>"","COR only",IF(K52<>"","J698 only",""))) | L53: =IF(AND(L50<>"",L52<>""),"Fully accepted",IF(L50<>"","COR only",IF(L52<>"","J698 only",""))) | M53: =IF(AND(M50<>"",M52<>""),"Fully accepted",IF(M50<>"","COR only",IF(M52<>"","J698 only",""))) | N53: =IF(AND(N50<>"",N52<>""),"Fully accepted",IF(N50<>"","COR only",IF(N52<>"","J698 only","")))
A54: 6.2.5-04 | B54: STIG Implementation & Reporting – 6.2.5 Cisco Network Engineering Support | C54: 6.2.5.e | D54: Christine Y. Shigeta | E54: Brian Abrigo | F54: Due date | G54: =SUMPRODUCT((I57:N57<>"")*(I59:N59<>"")) -> 0 | H54: =SUMPRODUCT((I54:N54<TODAY())*(((I55:N55="")+(I55:N55="In Progress"))>0)*(((I57:N57="")+(I59:N59=""))>0)) -> 0 | I54: =WORKDAY(EOMONTH(I$4,0),5) -> 46332 | J54: =WORKDAY(EOMONTH(J$4,0),5) -> 46363 | K54: =WORKDAY(EOMONTH(K$4,0),5) -> 46394 | L54: =WORKDAY(EOMONTH(L$4,0),5) -> 46423 | M54: =WORKDAY(EOMONTH(M$4,0),5) -> 46451 | N54: =WORKDAY(EOMONTH(N$4,0),5) -> 46484
F55: Status
F56: COR accepted by
F57: COR date accepted
F58: J698 accepted by
F59: J698 date accepted
F60: Result | I60: =IF(AND(I57<>"",I59<>""),"Fully accepted",IF(I57<>"","COR only",IF(I59<>"","J698 only",""))) | J60: =IF(AND(J57<>"",J59<>""),"Fully accepted",IF(J57<>"","COR only",IF(J59<>"","J698 only",""))) | K60: =IF(AND(K57<>"",K59<>""),"Fully accepted",IF(K57<>"","COR only",IF(K59<>"","J698 only",""))) | L60: =IF(AND(L57<>"",L59<>""),"Fully accepted",IF(L57<>"","COR only",IF(L59<>"","J698 only",""))) | M60: =IF(AND(M57<>"",M59<>""),"Fully accepted",IF(M57<>"","COR only",IF(M59<>"","J698 only",""))) | N60: =IF(AND(N57<>"",N59<>""),"Fully accepted",IF(N57<>"","COR only",IF(N59<>"","J698 only","")))
A61: 6.2.5-09 | B61: MSR – 6.2.5 Cisco Network Engineering Support | C61: 6.2.5.n | D61: Christine Y. Shigeta | E61: Brian Abrigo | F61: Due date | G61: =SUMPRODUCT((I64:N64<>"")*(I66:N66<>"")) -> 0 | H61: =SUMPRODUCT((I61:N61<TODAY())*(((I62:N62="")+(I62:N62="In Progress"))>0)*(((I64:N64="")+(I66:N66=""))>0)) -> 0 | I61: =WORKDAY(EOMONTH(I$4,0),5) -> 46332 | J61: =WORKDAY(EOMONTH(J$4,0),5) -> 46363 | K61: =WORKDAY(EOMONTH(K$4,0),5) -> 46394 | L61: =WORKDAY(EOMONTH(L$4,0),5) -> 46423 | M61: =WORKDAY(EOMONTH(M$4,0),5) -> 46451 | N61: =WORKDAY(EOMONTH(N$4,0),5) -> 46484
F62: Status
F63: COR accepted by
F64: COR date accepted
F65: J698 accepted by
F66: J698 date accepted
F67: Result | I67: =IF(AND(I64<>"",I66<>""),"Fully accepted",IF(I64<>"","COR only",IF(I66<>"","J698 only",""))) | J67: =IF(AND(J64<>"",J66<>""),"Fully accepted",IF(J64<>"","COR only",IF(J66<>"","J698 only",""))) | K67: =IF(AND(K64<>"",K66<>""),"Fully accepted",IF(K64<>"","COR only",IF(K66<>"","J698 only",""))) | L67: =IF(AND(L64<>"",L66<>""),"Fully accepted",IF(L64<>"","COR only",IF(L66<>"","J698 only",""))) | M67: =IF(AND(M64<>"",M66<>""),"Fully accepted",IF(M64<>"","COR only",IF(M66<>"","J698 only",""))) | N67: =IF(AND(N64<>"",N66<>""),"Fully accepted",IF(N64<>"","COR only",IF(N66<>"","J698 only","")))
A68: 6.3.1-09 | B68: MSR – 6.3.1 Linux System Administration Support | C68: 6.3.1.r | D68: Christine Y. Shigeta | E68: Brian Abrigo | F68: Due date | G68: =SUMPRODUCT((I71:N71<>"")*(I73:N73<>"")) -> 0 | H68: =SUMPRODUCT((I68:N68<TODAY())*(((I69:N69="")+(I69:N69="In Progress"))>0)*(((I71:N71="")+(I73:N73=""))>0)) -> 0 | I68: =WORKDAY(EOMONTH(I$4,0),5) -> 46332 | J68: =WORKDAY(EOMONTH(J$4,0),5) -> 46363 | K68: =WORKDAY(EOMONTH(K$4,0),5) -> 46394 | L68: =WORKDAY(EOMONTH(L$4,0),5) -> 46423 | M68: =WORKDAY(EOMONTH(M$4,0),5) -> 46451 | N68: =WORKDAY(EOMONTH(N$4,0),5) -> 46484
F69: Status
F70: COR accepted by
F71: COR date accepted
F72: J698 accepted by
F73: J698 date accepted
F74: Result | I74: =IF(AND(I71<>"",I73<>""),"Fully accepted",IF(I71<>"","COR only",IF(I73<>"","J698 only",""))) | J74: =IF(AND(J71<>"",J73<>""),"Fully accepted",IF(J71<>"","COR only",IF(J73<>"","J698 only",""))) | K74: =IF(AND(K71<>"",K73<>""),"Fully accepted",IF(K71<>"","COR only",IF(K73<>"","J698 only",""))) | L74: =IF(AND(L71<>"",L73<>""),"Fully accepted",IF(L71<>"","COR only",IF(L73<>"","J698 only",""))) | M74: =IF(AND(M71<>"",M73<>""),"Fully accepted",IF(M71<>"","COR only",IF(M73<>"","J698 only",""))) | N74: =IF(AND(N71<>"",N73<>""),"Fully accepted",IF(N71<>"","COR only",IF(N73<>"","J698 only","")))
A75: 6.3.2-08 | B75: MSR – 6.3.2 Virtual Desktop Infrastructure (VDI) System Administration Support | C75: 6.3.2.o | D75: Christine Y. Shigeta | E75: Brian Abrigo | F75: Due date | G75: =SUMPRODUCT((I78:N78<>"")*(I80:N80<>"")) -> 0 | H75: =SUMPRODUCT((I75:N75<TODAY())*(((I76:N76="")+(I76:N76="In Progress"))>0)*(((I78:N78="")+(I80:N80=""))>0)) -> 0 | I75: =WORKDAY(EOMONTH(I$4,0),5) -> 46332 | J75: =WORKDAY(EOMONTH(J$4,0),5) -> 46363 | K75: =WORKDAY(EOMONTH(K$4,0),5) -> 46394 | L75: =WORKDAY(EOMONTH(L$4,0),5) -> 46423 | M75: =WORKDAY(EOMONTH(M$4,0),5) -> 46451 | N75: =WORKDAY(EOMONTH(N$4,0),5) -> 46484
F76: Status
F77: COR accepted by
F78: COR date accepted
F79: J698 accepted by
F80: J698 date accepted
F81: Result | I81: =IF(AND(I78<>"",I80<>""),"Fully accepted",IF(I78<>"","COR only",IF(I80<>"","J698 only",""))) | J81: =IF(AND(J78<>"",J80<>""),"Fully accepted",IF(J78<>"","COR only",IF(J80<>"","J698 only",""))) | K81: =IF(AND(K78<>"",K80<>""),"Fully accepted",IF(K78<>"","COR only",IF(K80<>"","J698 only",""))) | L81: =IF(AND(L78<>"",L80<>""),"Fully accepted",IF(L78<>"","COR only",IF(L80<>"","J698 only",""))) | M81: =IF(AND(M78<>"",M80<>""),"Fully accepted",IF(M78<>"","COR only",IF(M80<>"","J698 only",""))) | N81: =IF(AND(N78<>"",N80<>""),"Fully accepted",IF(N78<>"","COR only",IF(N80<>"","J698 only","")))
A82: 6.3.3-10 | B82: MSR – 6.3.3 Virtual Infrastructure (VI) System Administration Support | C82: 6.3.3.p | D82: Christine Y. Shigeta | E82: Brian Abrigo | F82: Due date | G82: =SUMPRODUCT((I85:N85<>"")*(I87:N87<>"")) -> 0 | H82: =SUMPRODUCT((I82:N82<TODAY())*(((I83:N83="")+(I83:N83="In Progress"))>0)*(((I85:N85="")+(I87:N87=""))>0)) -> 0 | I82: =WORKDAY(EOMONTH(I$4,0),5) -> 46332 | J82: =WORKDAY(EOMONTH(J$4,0),5) -> 46363 | K82: =WORKDAY(EOMONTH(K$4,0),5) -> 46394 | L82: =WORKDAY(EOMONTH(L$4,0),5) -> 46423 | M82: =WORKDAY(EOMONTH(M$4,0),5) -> 46451 | N82: =WORKDAY(EOMONTH(N$4,0),5) -> 46484
F83: Status
F84: COR accepted by
F85: COR date accepted
F86: J698 accepted by
F87: J698 date accepted
F88: Result | I88: =IF(AND(I85<>"",I87<>""),"Fully accepted",IF(I85<>"","COR only",IF(I87<>"","J698 only",""))) | J88: =IF(AND(J85<>"",J87<>""),"Fully accepted",IF(J85<>"","COR only",IF(J87<>"","J698 only",""))) | K88: =IF(AND(K85<>"",K87<>""),"Fully accepted",IF(K85<>"","COR only",IF(K87<>"","J698 only",""))) | L88: =IF(AND(L85<>"",L87<>""),"Fully accepted",IF(L85<>"","COR only",IF(L87<>"","J698 only",""))) | M88: =IF(AND(M85<>"",M87<>""),"Fully accepted",IF(M85<>"","COR only",IF(M87<>"","J698 only",""))) | N88: =IF(AND(N85<>"",N87<>""),"Fully accepted",IF(N85<>"","COR only",IF(N87<>"","J698 only","")))
A89: 6.3.4-11 | B89: MSR – 6.3.4 Senior Windows System Administration Support | C89: 6.3.4.u | D89: Christine Y. Shigeta | E89: Brian Abrigo | F89: Due date | G89: =SUMPRODUCT((I92:N92<>"")*(I94:N94<>"")) -> 0 | H89: =SUMPRODUCT((I89:N89<TODAY())*(((I90:N90="")+(I90:N90="In Progress"))>0)*(((I92:N92="")+(I94:N94=""))>0)) -> 0 | I89: =WORKDAY(EOMONTH(I$4,0),5) -> 46332 | J89: =WORKDAY(EOMONTH(J$4,0),5) -> 46363 | K89: =WORKDAY(EOMONTH(K$4,0),5) -> 46394 | L89: =WORKDAY(EOMONTH(L$4,0),5) -> 46423 | M89: =WORKDAY(EOMONTH(M$4,0),5) -> 46451 | N89: =WORKDAY(EOMONTH(N$4,0),5) -> 46484
F90: Status
F91: COR accepted by
F92: COR date accepted
F93: J698 accepted by
F94: J698 date accepted
F95: Result | I95: =IF(AND(I92<>"",I94<>""),"Fully accepted",IF(I92<>"","COR only",IF(I94<>"","J698 only",""))) | J95: =IF(AND(J92<>"",J94<>""),"Fully accepted",IF(J92<>"","COR only",IF(J94<>"","J698 only",""))) | K95: =IF(AND(K92<>"",K94<>""),"Fully accepted",IF(K92<>"","COR only",IF(K94<>"","J698 only",""))) | L95: =IF(AND(L92<>"",L94<>""),"Fully accepted",IF(L92<>"","COR only",IF(L94<>"","J698 only",""))) | M95: =IF(AND(M92<>"",M94<>""),"Fully accepted",IF(M92<>"","COR only",IF(M94<>"","J698 only",""))) | N95: =IF(AND(N92<>"",N94<>""),"Fully accepted",IF(N92<>"","COR only",IF(N94<>"","J698 only","")))
A96: 6.3.5-11 | B96: MSR – 6.3.5 Windows System Administration Support | C96: 6.3.5.u | D96: Christine Y. Shigeta | E96: Brian Abrigo | F96: Due date | G96: =SUMPRODUCT((I99:N99<>"")*(I101:N101<>"")) -> 0 | H96: =SUMPRODUCT((I96:N96<TODAY())*(((I97:N97="")+(I97:N97="In Progress"))>0)*(((I99:N99="")+(I101:N101=""))>0)) -> 0 | I96: =WORKDAY(EOMONTH(I$4,0),5) -> 46332 | J96: =WORKDAY(EOMONTH(J$4,0),5) -> 46363 | K96: =WORKDAY(EOMONTH(K$4,0),5) -> 46394 | L96: =WORKDAY(EOMONTH(L$4,0),5) -> 46423 | M96: =WORKDAY(EOMONTH(M$4,0),5) -> 46451 | N96: =WORKDAY(EOMONTH(N$4,0),5) -> 46484
F97: Status
F98: COR accepted by
F99: COR date accepted
F100: J698 accepted by
F101: J698 date accepted
...

Sheet Quarterly
A1: Quarterly Deliverables – 5th business day of the quarter's first month
A2: PWS as of 29 Sep 2023 | USINDOPACOM J6 | Tracking No. 712367735 | Follow-on to CS2 (GS00Q17GWD2133 / HC1019-19-F-0015) | Transition-in Jan 2024; Base Feb 2024 – Jan 2025; Option Years 1–4 to Jan 2029
A4: ID | B4: Deliverable | C4: PWS ¶ | D4: Primary POC | E4: Secondary POC | F4: Record | G4: Fully accepted | H4: Overdue | I4: =EDATE(DATE(YEAR(ClockStart),MONTH(ClockStart)-MOD(MONTH(ClockStart)-1,3),1),0) -> 46296 | J4: =EDATE(DATE(YEAR(ClockStart),MONTH(ClockStart)-MOD(MONTH(ClockStart)-1,3),1),3) -> 46388 | K4: =EDATE(DATE(YEAR(ClockStart),MONTH(ClockStart)-MOD(MONTH(ClockStart)-1,3),1),6) -> 46478
A5: 6.2.1-01 | B5: AV Recommendations – 6.2.1 Audio Visual Systems Engineering Support | C5: 6.2.1.d & 6.2.1.l | D5: Christine Y. Shigeta | E5: Brian Abrigo | F5: Due date | G5: =SUMPRODUCT((I8:K8<>"")*(I10:K10<>"")) -> 0 | H5: =SUMPRODUCT((I5:K5<TODAY())*(((I6:K6="")+(I6:K6="In Progress"))>0)*(((I8:K8="")+(I10:K10=""))>0)) -> 1 | I5: =WORKDAY(I$4-1,5) -> 46302 | J5: =WORKDAY(J$4-1,5) -> 46394 | K5: =WORKDAY(K$4-1,5) -> 46484
F6: Status
F7: COR accepted by
F8: COR date accepted
F9: J698 accepted by
F10: J698 date accepted
F11: Result | I11: =IF(AND(I8<>"",I10<>""),"Fully accepted",IF(I8<>"","COR only",IF(I10<>"","J698 only",""))) | J11: =IF(AND(J8<>"",J10<>""),"Fully accepted",IF(J8<>"","COR only",IF(J10<>"","J698 only",""))) | K11: =IF(AND(K8<>"",K10<>""),"Fully accepted",IF(K8<>"","COR only",IF(K10<>"","J698 only","")))
A12: 6.2.1-03 | B12: AV Audits – 6.2.1 Audio Visual Systems Engineering Support | C12: 6.2.1.k | D12: Christine Y. Shigeta | E12: Brian Abrigo | F12: Due date | G12: =SUMPRODUCT((I15:K15<>"")*(I17:K17<>"")) -> 0 | H12: =SUMPRODUCT((I12:K12<TODAY())*(((I13:K13="")+(I13:K13="In Progress"))>0)*(((I15:K15="")+(I17:K17=""))>0)) -> 1 | I12: =WORKDAY(I$4-1,5) -> 46302 | J12: =WORKDAY(J$4-1,5) -> 46394 | K12: =WORKDAY(K$4-1,5) -> 46484
F13: Status
F14: COR accepted by
F15: COR date accepted
F16: J698 accepted by
F17: J698 date accepted
F18: Result | I18: =IF(AND(I15<>"",I17<>""),"Fully accepted",IF(I15<>"","COR only",IF(I17<>"","J698 only",""))) | J18: =IF(AND(J15<>"",J17<>""),"Fully accepted",IF(J15<>"","COR only",IF(J17<>"","J698 only",""))) | K18: =IF(AND(K15<>"",K17<>""),"Fully accepted",IF(K15<>"","COR only",IF(K17<>"","J698 only","")))
A19: 6.2.3-01 | B19: VTC Recommendations – 6.2.3 Video Teleconferencing (VTC) Network Engineering Support | C19: 6.2.3.d & 6.2.3.g & 6.2.3.m | D19: Christine Y. Shigeta | E19: Brian Abrigo | F19: Due date | G19: =SUMPRODUCT((I22:K22<>"")*(I24:K24<>"")) -> 0 | H19: =SUMPRODUCT((I19:K19<TODAY())*(((I20:K20="")+(I20:K20="In Progress"))>0)*(((I22:K22="")+(I24:K24=""))>0)) -> 1 | I19: =WORKDAY(I$4-1,5) -> 46302 | J19: =WORKDAY(J$4-1,5) -> 46394 | K19: =WORKDAY(K$4-1,5) -> 46484
F20: Status
F21: COR accepted by
F22: COR date accepted
F23: J698 accepted by
F24: J698 date accepted
F25: Result | I25: =IF(AND(I22<>"",I24<>""),"Fully accepted",IF(I22<>"","COR only",IF(I24<>"","J698 only",""))) | J25: =IF(AND(J22<>"",J24<>""),"Fully accepted",IF(J22<>"","COR only",IF(J24<>"","J698 only",""))) | K25: =IF(AND(K22<>"",K24<>""),"Fully accepted",IF(K22<>"","COR only",IF(K24<>"","J698 only","")))
A26: 6.3.1-08 | B26: Standard Operating Procedures (SOP) – 6.3.1 Linux System Administration Support | C26: 6.3.1.p | D26: Christine Y. Shigeta | E26: Brian Abrigo | F26: Due date | G26: =SUMPRODUCT((I29:K29<>"")*(I31:K31<>"")) -> 0 | H26: =SUMPRODUCT((I26:K26<TODAY())*(((I27:K27="")+(I27:K27="In Progress"))>0)*(((I29:K29="")+(I31:K31=""))>0)) -> 1 | I26: =WORKDAY(I$4-1,5) -> 46302 | J26: =WORKDAY(J$4-1,5) -> 46394 | K26: =WORKDAY(K$4-1,5) -> 46484
F27: Status
F28: COR accepted by
F29: COR date accepted
F30: J698 accepted by
F31: J698 date accepted
F32: Result | I32: =IF(AND(I29<>"",I31<>""),"Fully accepted",IF(I29<>"","COR only",IF(I31<>"","J698 only",""))) | J32: =IF(AND(J29<>"",J31<>""),"Fully accepted",IF(J29<>"","COR only",IF(J31<>"","J698 only",""))) | K32: =IF(AND(K29<>"",K31<>""),"Fully accepted",IF(K29<>"","COR only",IF(K31<>"","J698 only","")))
A33: 6.3.2-07 | B33: Standard Operating Procedures (SOP) – 6.3.2 Virtual Desktop Infrastructure (VDI) System Administration Support | C33: 6.3.2.m | D33: Christine Y. Shigeta | E33: Brian Abrigo | F33: Due date | G33: =SUMPRODUCT((I36:K36<>"")*(I38:K38<>"")) -> 0 | H33: =SUMPRODUCT((I33:K33<TODAY())*(((I34:K34="")+(I34:K34="In Progress"))>0)*(((I36:K36="")+(I38:K38=""))>0)) -> 1 | I33: =WORKDAY(I$4-1,5) -> 46302 | J33: =WORKDAY(J$4-1,5) -> 46394 | K33: =WORKDAY(K$4-1,5) -> 46484
F34: Status
F35: COR accepted by
F36: COR date accepted
F37: J698 accepted by
F38: J698 date accepted
F39: Result | I39: =IF(AND(I36<>"",I38<>""),"Fully accepted",IF(I36<>"","COR only",IF(I38<>"","J698 only",""))) | J39: =IF(AND(J36<>"",J38<>""),"Fully accepted",IF(J36<>"","COR only",IF(J38<>"","J698 only",""))) | K39: =IF(AND(K36<>"",K38<>""),"Fully accepted",IF(K36<>"","COR only",IF(K38<>"","J698 only","")))
A40: 6.3.3-09 | B40: Standard Operating Procedures (SOP) – 6.3.3 Virtual Infrastructure (VI) System Administration Support | C40: 6.3.3.n | D40: Christine Y. Shigeta | E40: Brian Abrigo | F40: Due date | G40: =SUMPRODUCT((I43:K43<>"")*(I45:K45<>"")) -> 0 | H40: =SUMPRODUCT((I40:K40<TODAY())*(((I41:K41="")+(I41:K41="In Progress"))>0)*(((I43:K43="")+(I45:K45=""))>0)) -> 1 | I40: =WORKDAY(I$4-1,5) -> 46302 | J40: =WORKDAY(J$4-1,5) -> 46394 | K40: =WORKDAY(K$4-1,5) -> 46484
F41: Status
F42: COR accepted by
F43: COR date accepted
F44: J698 accepted by
F45: J698 date accepted
F46: Result | I46: =IF(AND(I43<>"",I45<>""),"Fully accepted",IF(I43<>"","COR only",IF(I45<>"","J698 only",""))) | J46: =IF(AND(J43<>"",J45<>""),"Fully accepted",IF(J43<>"","COR only",IF(J45<>"","J698 only",""))) | K46: =IF(AND(K43<>"",K45<>""),"Fully accepted",IF(K43<>"","COR only",IF(K45<>"","J698 only","")))
A47: 6.3.4-10 | B47: Standard Operating Procedures (SOP) – 6.3.4 Senior Windows System Administration Support | C47: 6.3.4.s | D47: Christine Y. Shigeta | E47: Brian Abrigo | F47: Due date | G47: =SUMPRODUCT((I50:K50<>"")*(I52:K52<>"")) -> 0 | H47: =SUMPRODUCT((I47:K47<TODAY())*(((I48:K48="")+(I48:K48="In Progress"))>0)*(((I50:K50="")+(I52:K52=""))>0)) -> 1 | I47: =WORKDAY(I$4-1,5) -> 46302 | J47: =WORKDAY(J$4-1,5) -> 46394 | K47: =WORKDAY(K$4-1,5) -> 46484
F48: Status
F49: COR accepted by
F50: COR date accepted
F51: J698 accepted by
F52: J698 date accepted
F53: Result | I53: =IF(AND(I50<>"",I52<>""),"Fully accepted",IF(I50<>"","COR only",IF(I52<>"","J698 only",""))) | J53: =IF(AND(J50<>"",J52<>""),"Fully accepted",IF(J50<>"","COR only",IF(J52<>"","J698 only",""))) | K53: =IF(AND(K50<>"",K52<>""),"Fully accepted",IF(K50<>"","COR only",IF(K52<>"","J698 only","")))
A54: 6.3.5-10 | B54: Standard Operating Procedures (SOP) – 6.3.5 Windows System Administration Support | C54: 6.3.5.s | D54: Christine Y. Shigeta | E54: Brian Abrigo | F54: Due date | G54: =SUMPRODUCT((I57:K57<>"")*(I59:K59<>"")) -> 0 | H54: =SUMPRODUCT((I54:K54<TODAY())*(((I55:K55="")+(I55:K55="In Progress"))>0)*(((I57:K57="")+(I59:K59=""))>0)) -> 1 | I54: =WORKDAY(I$4-1,5) -> 46302 | J54: =WORKDAY(J$4-1,5) -> 46394 | K54: =WORKDAY(K$4-1,5) -> 46484
F55: Status
F56: COR accepted by
F57: COR date accepted
F58: J698 accepted by
F59: J698 date accepted
F60: Result | I60: =IF(AND(I57<>"",I59<>""),"Fully accepted",IF(I57<>"","COR only",IF(I59<>"","J698 only",""))) | J60: =IF(AND(J57<>"",J59<>""),"Fully accepted",IF(J57<>"","COR only",IF(J59<>"","J698 only",""))) | K60: =IF(AND(K57<>"",K59<>""),"Fully accepted",IF(K57<>"","COR only",IF(K59<>"","J698 only","")))
A61: 6.3.6-09 | B61: Standard Operating Procedures (SOP) – 6.3.6 Global Command & Control System (GCCS) System Administration Suppo | C61: 6.3.6.r | D61: Christine Y. Shigeta | E61: Brian Abrigo | F61: Due date | G61: =SUMPRODUCT((I64:K64<>"")*(I66:K66<>"")) -> 0 | H61: =SUMPRODUCT((I61:K61<TODAY())*(((I62:K62="")+(I62:K62="In Progress"))>0)*(((I64:K64="")+(I66:K66=""))>0)) -> 1 | I61: =WORKDAY(I$4-1,5) -> 46302 | J61: =WORKDAY(J$4-1,5) -> 46394 | K61: =WORKDAY(K$4-1,5) -> 46484
F62: Status
F63: COR accepted by
F64: COR date accepted
F65: J698 accepted by
F66: J698 date accepted
F67: Result | I67: =IF(AND(I64<>"",I66<>""),"Fully accepted",IF(I64<>"","COR only",IF(I66<>"","J698 only",""))) | J67: =IF(AND(J64<>"",J66<>""),"Fully accepted",IF(J64<>"","COR only",IF(J66<>"","J698 only",""))) | K67: =IF(AND(K64<>"",K66<>""),"Fully accepted",IF(K64<>"","COR only",IF(K66<>"","J698 only","")))
A68: 6.3.7-17 | B68: Standard Operating Procedures (SOP) – 6.3.7 SCCM/MECH Administration Support | C68: 6.3.7.x | D68: Christine Y. Shigeta | E68: Brian Abrigo | F68: Due date | G68: =SUMPRODUCT((I71:K71<>"")*(I73:K73<>"")) -> 0 | H68: =SUMPRODUCT((I68:K68<TODAY())*(((I69:K69="")+(I69:K69="In Progress"))>0)*(((I71:K71="")+(I73:K73=""))>0)) -> 1 | I68: =WORKDAY(I$4-1,5) -> 46302 | J68: =WORKDAY(J$4-1,5) -> 46394 | K68: =WORKDAY(K$4-1,5) -> 46484
F69: Status
F70: COR accepted by
F71: COR date accepted
F72: J698 accepted by
F73: J698 date accepted
F74: Result | I74: =IF(AND(I71<>"",I73<>""),"Fully accepted",IF(I71<>"","COR only",IF(I73<>"","J698 only",""))) | J74: =IF(AND(J71<>"",J73<>""),"Fully accepted",IF(J71<>"","COR only",IF(J73<>"","J698 only",""))) | K74: =IF(AND(K71<>"",K73<>""),"Fully accepted",IF(K71<>"","COR only",IF(K73<>"","J698 only","")))
A75: 6.5.7-10 | B75: Standard Operating Procedures (SOP) – 6.5.7 Security Information Event Manager (SIEM) Administrator Support | C75: 6.5.7 | D75: Christine Y. Shigeta | E75: Brian Abrigo | F75: Due date | G75: =SUMPRODUCT((I78:K78<>"")*(I80:K80<>"")) -> 0 | H75: =SUMPRODUCT((I75:K75<TODAY())*(((I76:K76="")+(I76:K76="In Progress"))>0)*(((I78:K78="")+(I80:K80=""))>0)) -> 1 | I75: =WORKDAY(I$4-1,5) -> 46302 | J75: =WORKDAY(J$4-1,5) -> 46394 | K75: =WORKDAY(K$4-1,5) -> 46484
F76: Status
F77: COR accepted by
F78: COR date accepted
F79: J698 accepted by
F80: J698 date accepted
F81: Result | I81: =IF(AND(I78<>"",I80<>""),"Fully accepted",IF(I78<>"","COR only",IF(I80<>"","J698 only",""))) | J81: =IF(AND(J78<>"",J80<>""),"Fully accepted",IF(J78<>"","COR only",IF(J80<>"","J698 only",""))) | K81: =IF(AND(K78<>"",K80<>""),"Fully accepted",IF(K78<>"","COR only",IF(K80<>"","J698 only","")))
A82: 6.5.8-10 | B82: Standard Operating Procedures (SOP) – 6.5.8 Compliance Administrator Support | C82: 6.5.8 | D82: Christine Y. Shigeta | E82: Brian Abrigo | F82: Due date | G82: =SUMPRODUCT((I85:K85<>"")*(I87:K87<>"")) -> 0 | H82: =SUMPRODUCT((I82:K82<TODAY())*(((I83:K83="")+(I83:K83="In Progress"))>0)*(((I85:K85="")+(I87:K87=""))>0)) -> 1 | I82: =WORKDAY(I$4-1,5) -> 46302 | J82: =WORKDAY(J$4-1,5) -> 46394 | K82: =WORKDAY(K$4-1,5) -> 46484
F83: Status
F84: COR accepted by
F85: COR date accepted
F86: J698 accepted by
F87: J698 date accepted
F88: Result | I88: =IF(AND(I85<>"",I87<>""),"Fully accepted",IF(I85<>"","COR only",IF(I87<>"","J698 only",""))) | J88: =IF(AND(J85<>"",J87<>""),"Fully accepted",IF(J85<>"","COR only",IF(J87<>"","J698 only",""))) | K88: =IF(AND(K85<>"",K87<>""),"Fully accepted",IF(K85<>"","COR only",IF(K87<>"","J698 only","")))
B90: Set Status, then record who accepted it and when. Quarters are calendar quarters (Jan, Apr, Jul, Oct), which are also the federal fiscal quarter starts.

Sheet Daily Duties
A1: Daily Duties – standing requirements, confirmed monthly
A2: PWS as of 29 Sep 2023 | USINDOPACOM J6 | Tracking No. 712367735 | Follow-on to CS2 (GS00Q17GWD2133 / HC1019-19-F-0015) | Transition-in Jan 2024; Base Feb 2024 – Jan 2025; Option Years 1–4 to Jan 2029
A4: ID | B4: Deliverable | C4: PWS ¶ | D4: Primary POC | E4: Secondary POC | F4: Record | G4: Fully accepted | H4: Overdue | I4: =EDATE(DATE(YEAR(ClockStart),MONTH(ClockStart),1),0) -> 46296 | J4: =EDATE(DATE(YEAR(ClockStart),MONTH(ClockStart),1),1) -> 46327 | K4: =EDATE(DATE(YEAR(ClockStart),MONTH(ClockStart),1),2) -> 46357 | L4: =EDATE(DATE(YEAR(ClockStart),MONTH(ClockStart),1),3) -> 46388 | M4: =EDATE(DATE(YEAR(ClockStart),MONTH(ClockStart),1),4) -> 46419 | N4: =EDATE(DATE(YEAR(ClockStart),MONTH(ClockStart),1),5) -> 46447
A5: 6.2.4-02 | B5: Network Engineering Troubleshooting and Operations – 6.2.4 Senior Cisco Networking Engineering Support | C5: 6.2.4.a 6.2.4.g 6.2.4.h 6.2.4.i 6.2.4.j 6.2.4.k 6.2.4.l 6.2.4.m | D5: Christine Y. Shigeta | E5: Brian Abrigo | F5: Due date | G5: =SUMPRODUCT((I8:N8<>"")*(I10:N10<>"")) -> 0 | H5: =SUMPRODUCT((I5:N5<TODAY())*(((I6:N6="")+(I6:N6="In Progress"))>0)*(((I8:N8="")+(I10:N10=""))>0)) -> 0 | I5: =WORKDAY(EOMONTH(I$4,0),5) -> 46332 | J5: =WORKDAY(EOMONTH(J$4,0),5) -> 46363 | K5: =WORKDAY(EOMONTH(K$4,0),5) -> 46394 | L5: =WORKDAY(EOMONTH(L$4,0),5) -> 46423 | M5: =WORKDAY(EOMONTH(M$4,0),5) -> 46451 | N5: =WORKDAY(EOMONTH(N$4,0),5) -> 46484
F6: Status
F7: COR accepted by
F8: COR date accepted
F9: J698 accepted by
F10: J698 date accepted
F11: Result | I11: =IF(AND(I8<>"",I10<>""),"Fully accepted",IF(I8<>"","COR only",IF(I10<>"","J698 only",""))) | J11: =IF(AND(J8<>"",J10<>""),"Fully accepted",IF(J8<>"","COR only",IF(J10<>"","J698 only",""))) | K11: =IF(AND(K8<>"",K10<>""),"Fully accepted",IF(K8<>"","COR only",IF(K10<>"","J698 only",""))) | L11: =IF(AND(L8<>"",L10<>""),"Fully accepted",IF(L8<>"","COR only",IF(L10<>"","J698 only",""))) | M11: =IF(AND(M8<>"",M10<>""),"Fully accepted",IF(M8<>"","COR only",IF(M10<>"","J698 only",""))) | N11: =IF(AND(N8<>"",N10<>""),"Fully accepted",IF(N8<>"","COR only",IF(N10<>"","J698 only","")))
A12: 6.2.4-05 | B12: Security Scans – 6.2.4 Senior Cisco Networking Engineering Support | C12: 6.2.4.h | D12: Christine Y. Shigeta | E12: Brian Abrigo | F12: Due date | G12: =SUMPRODUCT((I15:N15<>"")*(I17:N17<>"")) -> 0 | H12: =SUMPRODUCT((I12:N12<TODAY())*(((I13:N13="")+(I13:N13="In Progress"))>0)*(((I15:N15="")+(I17:N17=""))>0)) -> 0 | I12: =WORKDAY(EOMONTH(I$4,0),5) -> 46332 | J12: =WORKDAY(EOMONTH(J$4,0),5) -> 46363 | K12: =WORKDAY(EOMONTH(K$4,0),5) -> 46394 | L12: =WORKDAY(EOMONTH(L$4,0),5) -> 46423 | M12: =WORKDAY(EOMONTH(M$4,0),5) -> 46451 | N12: =WORKDAY(EOMONTH(N$4,0),5) -> 46484
F13: Status
F14: COR accepted by
F15: COR date accepted
F16: J698 accepted by
F17: J698 date accepted
F18: Result | I18: =IF(AND(I15<>"",I17<>""),"Fully accepted",IF(I15<>"","COR only",IF(I17<>"","J698 only",""))) | J18: =IF(AND(J15<>"",J17<>""),"Fully accepted",IF(J15<>"","COR only",IF(J17<>"","J698 only",""))) | K18: =IF(AND(K15<>"",K17<>""),"Fully accepted",IF(K15<>"","COR only",IF(K17<>"","J698 only",""))) | L18: =IF(AND(L15<>"",L17<>""),"Fully accepted",IF(L15<>"","COR only",IF(L17<>"","J698 only",""))) | M18: =IF(AND(M15<>"",M17<>""),"Fully accepted",IF(M15<>"","COR only",IF(M17<>"","J698 only",""))) | N18: =IF(AND(N15<>"",N17<>""),"Fully accepted",IF(N15<>"","COR only",IF(N17<>"","J698 only","")))
A19: 6.2.5-02 | B19: Network Engineering Troubleshooting and Operations – 6.2.5 Cisco Network Engineering Support | C19: 6.2.5.a 6.2.5.g 6.2.5.h 6.2.5.i 6.2.5.j 6.2.5.k 6.2.5.l 6.2.5.m | D19: Christine Y. Shigeta | E19: Brian Abrigo | F19: Due date | G19: =SUMPRODUCT((I22:N22<>"")*(I24:N24<>"")) -> 0 | H19: =SUMPRODUCT((I19:N19<TODAY())*(((I20:N20="")+(I20:N20="In Progress"))>0)*(((I22:N22="")+(I24:N24=""))>0)) -> 0 | I19: =WORKDAY(EOMONTH(I$4,0),5) -> 46332 | J19: =WORKDAY(EOMONTH(J$4,0),5) -> 46363 | K19: =WORKDAY(EOMONTH(K$4,0),5) -> 46394 | L19: =WORKDAY(EOMONTH(L$4,0),5) -> 46423 | M19: =WORKDAY(EOMONTH(M$4,0),5) -> 46451 | N19: =WORKDAY(EOMONTH(N$4,0),5) -> 46484
F20: Status
F21: COR accepted by
F22: COR date accepted
F23: J698 accepted by
F24: J698 date accepted
F25: Result | I25: =IF(AND(I22<>"",I24<>""),"Fully accepted",IF(I22<>"","COR only",IF(I24<>"","J698 only",""))) | J25: =IF(AND(J22<>"",J24<>""),"Fully accepted",IF(J22<>"","COR only",IF(J24<>"","J698 only",""))) | K25: =IF(AND(K22<>"",K24<>""),"Fully accepted",IF(K22<>"","COR only",IF(K24<>"","J698 only",""))) | L25: =IF(AND(L22<>"",L24<>""),"Fully accepted",IF(L22<>"","COR only",IF(L24<>"","J698 only",""))) | M25: =IF(AND(M22<>"",M24<>""),"Fully accepted",IF(M22<>"","COR only",IF(M24<>"","J698 only",""))) | N25: =IF(AND(N22<>"",N24<>""),"Fully accepted",IF(N22<>"","COR only",IF(N24<>"","J698 only","")))
A26: 6.2.5-05 | B26: Security Scans – 6.2.5 Cisco Network Engineering Support | C26: 6.2.5.h | D26: Christine Y. Shigeta | E26: Brian Abrigo | F26: Due date | G26: =SUMPRODUCT((I29:N29<>"")*(I31:N31<>"")) -> 0 | H26: =SUMPRODUCT((I26:N26<TODAY())*(((I27:N27="")+(I27:N27="In Progress"))>0)*(((I29:N29="")+(I31:N31=""))>0)) -> 0 | I26: =WORKDAY(EOMONTH(I$4,0),5) -> 46332 | J26: =WORKDAY(EOMONTH(J$4,0),5) -> 46363 | K26: =WORKDAY(EOMONTH(K$4,0),5) -> 46394 | L26: =WORKDAY(EOMONTH(L$4,0),5) -> 46423 | M26: =WORKDAY(EOMONTH(M$4,0),5) -> 46451 | N26: =WORKDAY(EOMONTH(N$4,0),5) -> 46484
F27: Status
F28: COR accepted by
F29: COR date accepted
F30: J698 accepted by
F31: J698 date accepted
F32: Result | I32: =IF(AND(I29<>"",I31<>""),"Fully accepted",IF(I29<>"","COR only",IF(I31<>"","J698 only",""))) | J32: =IF(AND(J29<>"",J31<>""),"Fully accepted",IF(J29<>"","COR only",IF(J31<>"","J698 only",""))) | K32: =IF(AND(K29<>"",K31<>""),"Fully accepted",IF(K29<>"","COR only",IF(K31<>"","J698 only",""))) | L32: =IF(AND(L29<>"",L31<>""),"Fully accepted",IF(L29<>"","COR only",IF(L31<>"","J698 only",""))) | M32: =IF(AND(M29<>"",M31<>""),"Fully accepted",IF(M29<>"","COR only",IF(M31<>"","J698 only",""))) | N32: =IF(AND(N29<>"",N31<>""),"Fully accepted",IF(N29<>"","COR only",IF(N31<>"","J698 only","")))
A33: 6.3.1-01 | B33: System Administration {Operating Systems & Applications} – 6.3.1 Linux System Administration Support | C33: 6.3.1.a 6.3.1.e 6.3.1.f 6.3.1.h 6.3.1.i 6.3.1.j 6.3.1.k 6.3.1.n 6.3.1.o | D33: Christine Y. Shigeta | E33: Brian Abrigo | F33: Due date | G33: =SUMPRODUCT((I36:N36<>"")*(I38:N38<>"")) -> 0 | H33: =SUMPRODUCT((I33:N33<TODAY())*(((I34:N34="")+(I34:N34="In Progress"))>0)*(((I36:N36="")+(I38:N38=""))>0)) -> 0 | I33: =WORKDAY(EOMONTH(I$4,0),5) -> 46332 | J33: =WORKDAY(EOMONTH(J$4,0),5) -> 46363 | K33: =WORKDAY(EOMONTH(K$4,0),5) -> 46394 | L33: =WORKDAY(EOMONTH(L$4,0),5) -> 46423 | M33: =WORKDAY(EOMONTH(M$4,0),5) -> 46451 | N33: =WORKDAY(EOMONTH(N$4,0),5) -> 46484
F34: Status
F35: COR accepted by
F36: COR date accepted
F37: J698 accepted by
F38: J698 date accepted
F39: Result | I39: =IF(AND(I36<>"",I38<>""),"Fully accepted",IF(I36<>"","COR only",IF(I38<>"","J698 only",""))) | J39: =IF(AND(J36<>"",J38<>""),"Fully accepted",IF(J36<>"","COR only",IF(J38<>"","J698 only",""))) | K39: =IF(AND(K36<>"",K38<>""),"Fully accepted",IF(K36<>"","COR only",IF(K38<>"","J698 only",""))) | L39: =IF(AND(L36<>"",L38<>""),"Fully accepted",IF(L36<>"","COR only",IF(L38<>"","J698 only",""))) | M39: =IF(AND(M36<>"",M38<>""),"Fully accepted",IF(M36<>"","COR only",IF(M38<>"","J698 only",""))) | N39: =IF(AND(N36<>"",N38<>""),"Fully accepted",IF(N36<>"","COR only",IF(N38<>"","J698 only","")))
A40: 6.3.1-02 | B40: Patching – 6.3.1 Linux System Administration Support | C40: 6.3.1.b | D40: Christine Y. Shigeta | E40: Brian Abrigo | F40: Due date | G40: =SUMPRODUCT((I43:N43<>"")*(I45:N45<>"")) -> 0 | H40: =SUMPRODUCT((I40:N40<TODAY())*(((I41:N41="")+(I41:N41="In Progress"))>0)*(((I43:N43="")+(I45:N45=""))>0)) -> 0 | I40: =WORKDAY(EOMONTH(I$4,0),5) -> 46332 | J40: =WORKDAY(EOMONTH(J$4,0),5) -> 46363 | K40: =WORKDAY(EOMONTH(K$4,0),5) -> 46394 | L40: =WORKDAY(EOMONTH(L$4,0),5) -> 46423 | M40: =WORKDAY(EOMONTH(M$4,0),5) -> 46451 | N40: =WORKDAY(EOMONTH(N$4,0),5) -> 46484
F41: Status
F42: COR accepted by
F43: COR date accepted
F44: J698 accepted by
F45: J698 date accepted
F46: Result | I46: =IF(AND(I43<>"",I45<>""),"Fully accepted",IF(I43<>"","COR only",IF(I45<>"","J698 only",""))) | J46: =IF(AND(J43<>"",J45<>""),"Fully accepted",IF(J43<>"","COR only",IF(J45<>"","J698 only",""))) | K46: =IF(AND(K43<>"",K45<>""),"Fully accepted",IF(K43<>"","COR only",IF(K45<>"","J698 only",""))) | L46: =IF(AND(L43<>"",L45<>""),"Fully accepted",IF(L43<>"","COR only",IF(L45<>"","J698 only",""))) | M46: =IF(AND(M43<>"",M45<>""),"Fully accepted",IF(M43<>"","COR only",IF(M45<>"","J698 only",""))) | N46: =IF(AND(N43<>"",N45<>""),"Fully accepted",IF(N43<>"","COR only",IF(N45<>"","J698 only","")))
A47: 6.3.1-03 | B47: STIG Compliance – 6.3.1 Linux System Administration Support | C47: 6.3.1.c | D47: Christine Y. Shigeta | E47: Brian Abrigo | F47: Due date | G47: =SUMPRODUCT((I50:N50<>"")*(I52:N52<>"")) -> 0 | H47: =SUMPRODUCT((I47:N47<TODAY())*(((I48:N48="")+(I48:N48="In Progress"))>0)*(((I50:N50="")+(I52:N52=""))>0)) -> 0 | I47: =WORKDAY(EOMONTH(I$4,0),5) -> 46332 | J47: =WORKDAY(EOMONTH(J$4,0),5) -> 46363 | K47: =WORKDAY(EOMONTH(K$4,0),5) -> 46394 | L47: =WORKDAY(EOMONTH(L$4,0),5) -> 46423 | M47: =WORKDAY(EOMONTH(M$4,0),5) -> 46451 | N47: =WORKDAY(EOMONTH(N$4,0),5) -> 46484
F48: Status
F49: COR accepted by
F50: COR date accepted
F51: J698 accepted by
F52: J698 date accepted
F53: Result | I53: =IF(AND(I50<>"",I52<>""),"Fully accepted",IF(I50<>"","COR only",IF(I52<>"","J698 only",""))) | J53: =IF(AND(J50<>"",J52<>""),"Fully accepted",IF(J50<>"","COR only",IF(J52<>"","J698 only",""))) | K53: =IF(AND(K50<>"",K52<>""),"Fully accepted",IF(K50<>"","COR only",IF(K52<>"","J698 only",""))) | L53: =IF(AND(L50<>"",L52<>""),"Fully accepted",IF(L50<>"","COR only",IF(L52<>"","J698 only",""))) | M53: =IF(AND(M50<>"",M52<>""),"Fully accepted",IF(M50<>"","COR only",IF(M52<>"","J698 only",""))) | N53: =IF(AND(N50<>"",N52<>""),"Fully accepted",IF(N50<>"","COR only",IF(N52<>"","J698 only","")))
A54: 6.3.1-04 | B54: PKI Compliance – 6.3.1 Linux System Administration Support | C54: 6.3.1.d | D54: Christine Y. Shigeta | E54: Brian Abrigo | F54: Due date | G54: =SUMPRODUCT((I57:N57<>"")*(I59:N59<>"")) -> 0 | H54: =SUMPRODUCT((I54:N54<TODAY())*(((I55:N55="")+(I55:N55="In Progress"))>0)*(((I57:N57="")+(I59:N59=""))>0)) -> 0 | I54: =WORKDAY(EOMONTH(I$4,0),5) -> 46332 | J54: =WORKDAY(EOMONTH(J$4,0),5) -> 46363 | K54: =WORKDAY(EOMONTH(K$4,0),5) -> 46394 | L54: =WORKDAY(EOMONTH(L$4,0),5) -> 46423 | M54: =WORKDAY(EOMONTH(M$4,0),5) -> 46451 | N54: =WORKDAY(EOMONTH(N$4,0),5) -> 46484
F55: Status
F56: COR accepted by
F57: COR date accepted
F58: J698 accepted by
F59: J698 date accepted
F60: Result | I60: =IF(AND(I57<>"",I59<>""),"Fully accepted",IF(I57<>"","COR only",IF(I59<>"","J698 only",""))) | J60: =IF(AND(J57<>"",J59<>""),"Fully accepted",IF(J57<>"","COR only",IF(J59<>"","J698 only",""))) | K60: =IF(AND(K57<>"",K59<>""),"Fully accepted",IF(K57<>"","COR only",IF(K59<>"","J698 only",""))) | L60: =IF(AND(L57<>"",L59<>""),"Fully accepted",IF(L57<>"","COR only",IF(L59<>"","J698 only",""))) | M60: =IF(AND(M57<>"",M59<>""),"Fully accepted",IF(M57<>"","COR only",IF(M59<>"","J698 only",""))) | N60: =IF(AND(N57<>"",N59<>""),"Fully accepted",IF(N57<>"","COR only",IF(N59<>"","J698 only","")))
A61: 6.3.1-05 | B61: ESS Compliance – 6.3.1 Linux System Administration Support | C61: 6.3.1.g | D61: Christine Y. Shigeta | E61: Brian Abrigo | F61: Due date | G61: =SUMPRODUCT((I64:N64<>"")*(I66:N66<>"")) -> 0 | H61: =SUMPRODUCT((I61:N61<TODAY())*(((I62:N62="")+(I62:N62="In Progress"))>0)*(((I64:N64="")+(I66:N66=""))>0)) -> 0 | I61: =WORKDAY(EOMONTH(I$4,0),5) -> 46332 | J61: =WORKDAY(EOMONTH(J$4,0),5) -> 46363 | K61: =WORKDAY(EOMONTH(K$4,0),5) -> 46394 | L61: =WORKDAY(EOMONTH(L$4,0),5) -> 46423 | M61: =WORKDAY(EOMONTH(M$4,0),5) -> 46451 | N61: =WORKDAY(EOMONTH(N$4,0),5) -> 46484
F62: Status
F63: COR accepted by
F64: COR date accepted
F65: J698 accepted by
F66: J698 date accepted
F67: Result | I67: =IF(AND(I64<>"",I66<>""),"Fully accepted",IF(I64<>"","COR only",IF(I66<>"","J698 only",""))) | J67: =IF(AND(J64<>"",J66<>""),"Fully accepted",IF(J64<>"","COR only",IF(J66<>"","J698 only",""))) | K67: =IF(AND(K64<>"",K66<>""),"Fully accepted",IF(K64<>"","COR only",IF(K66<>"","J698 only",""))) | L67: =IF(AND(L64<>"",L66<>""),"Fully accepted",IF(L64<>"","COR only",IF(L66<>"","J698 only",""))) | M67: =IF(AND(M64<>"",M66<>""),"Fully accepted",IF(M64<>"","COR only",IF(M66<>"","J698 only",""))) | N67: =IF(AND(N64<>"",N66<>""),"Fully accepted",IF(N64<>"","COR only",IF(N66<>"","J698 only","")))
A68: 6.3.1-06 | B68: Security Scans – 6.3.1 Linux System Administration Support | C68: 6.3.1.h 6.3.1.l | D68: Christine Y. Shigeta | E68: Brian Abrigo | F68: Due date | G68: =SUMPRODUCT((I71:N71<>"")*(I73:N73<>"")) -> 0 | H68: =SUMPRODUCT((I68:N68<TODAY())*(((I69:N69="")+(I69:N69="In Progress"))>0)*(((I71:N71="")+(I73:N73=""))>0)) -> 0 | I68: =WORKDAY(EOMONTH(I$4,0),5) -> 46332 | J68: =WORKDAY(EOMONTH(J$4,0),5) -> 46363 | K68: =WORKDAY(EOMONTH(K$4,0),5) -> 46394 | L68: =WORKDAY(EOMONTH(L$4,0),5) -> 46423 | M68: =WORKDAY(EOMONTH(M$4,0),5) -> 46451 | N68: =WORKDAY(EOMONTH(N$4,0),5) -> 46484
F69: Status
F70: COR accepted by
F71: COR date accepted
F72: J698 accepted by
F73: J698 date accepted
F74: Result | I74: =IF(AND(I71<>"",I73<>""),"Fully accepted",IF(I71<>"","COR only",IF(I73<>"","J698 only",""))) | J74: =IF(AND(J71<>"",J73<>""),"Fully accepted",IF(J71<>"","COR only",IF(J73<>"","J698 only",""))) | K74: =IF(AND(K71<>"",K73<>""),"Fully accepted",IF(K71<>"","COR only",IF(K73<>"","J698 only",""))) | L74: =IF(AND(L71<>"",L73<>""),"Fully accepted",IF(L71<>"","COR only",IF(L73<>"","J698 only",""))) | M74: =IF(AND(M71<>"",M73<>""),"Fully accepted",IF(M71<>"","COR only",IF(M73<>"","J698 only",""))) | N74: =IF(AND(N71<>"",N73<>""),"Fully accepted",IF(N71<>"","COR only",IF(N73<>"","J698 only","")))
A75: 6.3.1-07 | B75: Backup / Restore – 6.3.1 Linux System Administration Support | C75: 6.3.1.m | D75: Christine Y. Shigeta | E75: Brian Abrigo | F75: Due date | G75: =SUMPRODUCT((I78:N78<>"")*(I80:N80<>"")) -> 0 | H75: =SUMPRODUCT((I75:N75<TODAY())*(((I76:N76="")+(I76:N76="In Progress"))>0)*(((I78:N78="")+(I80:N80=""))>0)) -> 0 | I75: =WORKDAY(EOMONTH(I$4,0),5) -> 46332 | J75: =WORKDAY(EOMONTH(J$4,0),5) -> 46363 | K75: =WORKDAY(EOMONTH(K$4,0),5) -> 46394 | L75: =WORKDAY(EOMONTH(L$4,0),5) -> 46423 | M75: =WORKDAY(EOMONTH(M$4,0),5) -> 46451 | N75: =WORKDAY(EOMONTH(N$4,0),5) -> 46484
F76: Status
F77: COR accepted by
F78: COR date accepted
F79: J698 accepted by
F80: J698 date accepted
F81: Result | I81: =IF(AND(I78<>"",I80<>""),"Fully accepted",IF(I78<>"","COR only",IF(I80<>"","J698 only",""))) | J81: =IF(AND(J78<>"",J80<>""),"Fully accepted",IF(J78<>"","COR only",IF(J80<>"","J698 only",""))) | K81: =IF(AND(K78<>"",K80<>""),"Fully accepted",IF(K78<>"","COR only",IF(K80<>"","J698 only",""))) | L81: =IF(AND(L78<>"",L80<>""),"Fully accepted",IF(L78<>"","COR only",IF(L80<>"","J698 only",""))) | M81: =IF(AND(M78<>"",M80<>""),"Fully accepted",IF(M78<>"","COR only",IF(M80<>"","J698 only",""))) | N81: =IF(AND(N78<>"",N80<>""),"Fully accepted",IF(N78<>"","COR only",IF(N80<>"","J698 only","")))
A82: 6.3.2-01 | B82: System Administration {Operating Systems & Applications} – 6.3.2 Virtual Desktop Infrastructure (VDI) System A | C82: 6.3.2.a 6.3.2.f 6.3.2.g 6.3.2.h 6.3.2.k 6.3.2.l | D82: Christine Y. Shigeta | E82: Brian Abrigo | F82: Due date | G82: =SUMPRODUCT((I85:N85<>"")*(I87:N87<>"")) -> 0 | H82: =SUMPRODUCT((I82:N82<TODAY())*(((I83:N83="")+(I83:N83="In Progress"))>0)*(((I85:N85="")+(I87:N87=""))>0)) -> 0 | I82: =WORKDAY(EOMONTH(I$4,0),5) -> 46332 | J82: =WORKDAY(EOMONTH(J$4,0),5) -> 46363 | K82: =WORKDAY(EOMONTH(K$4,0),5) -> 46394 | L82: =WORKDAY(EOMONTH(L$4,0),5) -> 46423 | M82: =WORKDAY(EOMONTH(M$4,0),5) -> 46451 | N82: =WORKDAY(EOMONTH(N$4,0),5) -> 46484
F83: Status
F84: COR accepted by
F85: COR date accepted
F86: J698 accepted by
F87: J698 date accepted
F88: Result | I88: =IF(AND(I85<>"",I87<>""),"Fully accepted",IF(I85<>"","COR only",IF(I87<>"","J698 only",""))) | J88: =IF(AND(J85<>"",J87<>""),"Fully accepted",IF(J85<>"","COR only",IF(J87<>"","J698 only",""))) | K88: =IF(AND(K85<>"",K87<>""),"Fully accepted",IF(K85<>"","COR only",IF(K87<>"","J698 only",""))) | L88: =IF(AND(L85<>"",L87<>""),"Fully accepted",IF(L85<>"","COR only",IF(L87<>"","J698 only",""))) | M88: =IF(AND(M85<>"",M87<>""),"Fully accepted",IF(M85<>"","COR only",IF(M87<>"","J698 only",""))) | N88: =IF(AND(N85<>"",N87<>""),"Fully accepted",IF(N85<>"","COR only",IF(N87<>"","J698 only","")))
A89: 6.3.2-02 | B89: STIG Compliance – 6.3.2 Virtual Desktop Infrastructure (VDI) System Administration Support | C89: 6.3.2.b | D89: Christine Y. Shigeta | E89: Brian Abrigo | F89: Due date | G89: =SUMPRODUCT((I92:N92<>"")*(I94:N94<>"")) -> 0 | H89: =SUMPRODUCT((I89:N89<TODAY())*(((I90:N90="")+(I90:N90="In Progress"))>0)*(((I92:N92="")+(I94:N94=""))>0)) -> 0 | I89: =WORKDAY(EOMONTH(I$4,0),5) -> 46332 | J89: =WORKDAY(EOMONTH(J$4,0),5) -> 46363 | K89: =WORKDAY(EOMONTH(K$4,0),5) -> 46394 | L89: =WORKDAY(EOMONTH(L$4,0),5) -> 46423 | M89: =WORKDAY(EOMONTH(M$4,0),5) -> 46451 | N89: =WORKDAY(EOMONTH(N$4,0),5) -> 46484
F90: Status
F91: COR accepted by
F92: COR date accepted
F93: J698 accepted by
F94: J698 date accepted
F95: Result | I95: =IF(AND(I92<>"",I94<>""),"Fully accepted",IF(I92<>"","COR only",IF(I94<>"","J698 only",""))) | J95: =IF(AND(J92<>"",J94<>""),"Fully accepted",IF(J92<>"","COR only",IF(J94<>"","J698 only",""))) | K95: =IF(AND(K92<>"",K94<>""),"Fully accepted",IF(K92<>"","COR only",IF(K94<>"","J698 only",""))) | L95: =IF(AND(L92<>"",L94<>""),"Fully accepted",IF(L92<>"","COR only",IF(L94<>"","J698 only",""))) | M95: =IF(AND(M92<>"",M94<>""),"Fully accepted",IF(M92<>"","COR only",IF(M94<>"","J698 only",""))) | N95: =IF(AND(N92<>"",N94<>""),"Fully accepted",IF(N92<>"","COR only",IF(N94<>"","J698 only","")))
A96: 6.3.2-03 | B96: PKI Compliance – 6.3.2 Virtual Desktop Infrastructure (VDI) System Administration Support | C96: 6.3.2.c | D96: Christine Y. Shigeta | E96: Brian Abrigo | F96: Due date | G96: =SUMPRODUCT((I99:N99<>"")*(I101:N101<>"")) -> 0 | H96: =SUMPRODUCT((I96:N96<TODAY())*(((I97:N97="")+(I97:N97="In Progress"))>0)*(((I99:N99="")+(I101:N101=""))>0)) -> 0 | I96: =WORKDAY(EOMONTH(I$4,0),5) -> 46332 | J96: =WORKDAY(EOMONTH(J$4,0),5) -> 46363 | K96: =WORKDAY(EOMONTH(K$4,0),5) -> 46394 | L96: =WORKDAY(EOMONTH(L$4,0),5) -> 46423 | M96: =WORKDAY(EOMONTH(M$4,0),5) -> 46451 | N96: =WORKDAY(EOMONTH(N$4,0),5) -> 46484
F97: Status
F98: COR accepted by
F99: COR date accepted
F100: J698 accepted by
F101: J698 date accepted
...

Sheet Daily Agenda
A1: Daily Agenda – what is due, in date order
A2: PWS as of 29 Sep 2023 | USINDOPACOM J6 | Tracking No. 712367735 | Follow-on to CS2 (GS00Q17GWD2133 / HC1019-19-F-0015) | Transition-in Jan 2024; Base Feb 2024 – Jan 2025; Option Years 1–4 to Jan 2029
P3: Settings (edit the yellow cells)
A4: Due Date | B4: Day | C4: ID | D4: Deliverable | E4: Source | F4: Status | G4: COR Accepted By | H4: COR Date Accepted | I4: J698 Accepted By | J4: J698 Date Accepted | K4: Result | L4: Days Until Due | M4: Flag | N4: Notes | P4: Clock start (tracking window; current option year is OY2) | Q4: 46296
A5: =Weekly!I5 -> 46297 | B5: =TEXT(A5,"ddd") -> Fri | C5: 6.3.4-08 | D5: Active Directory Management – 6.3.4 Senior Windows System Administration Support – Wk 1 | E5: Weekly | F5: =IF(Weekly!I6="","",Weekly!I6) | G5: =IF(Weekly!I7="","",Weekly!I7) | H5: =IF(Weekly!I8="","",Weekly!I8) | I5: =IF(Weekly!I9="","",Weekly!I9) | J5: =IF(Weekly!I10="","",Weekly!I10) | K5: =IF(AND(H5<>"",J5<>""),"Fully accepted",IF(H5<>"","COR only",IF(J5<>"","J698 only",""))) | L5: =A5-TodayD -> -11 | M5: =IF(K5="Fully accepted","Done",IF(F5="N/A","N/A",IF(F5="Returned","Returned: resubmit",IF(K5="J698 only","Awaiting J698",IF(K5="COR only","Awaiting COR",IF(F5="Submitted","Awaiting COR + J698",IF(A5<TodayD,"OVERDUE",IF(A5-TodayD<=7,"Due within 7 days","")))))))) -> OVERDUE | P5: End of current option year (OY2) | Q5: 46418
A6: =Weekly!I12 -> 46297 | B6: =TEXT(A6,"ddd") -> Fri | C6: 6.3.5-08 | D6: Active Directory Management – 6.3.5 Windows System Administration Support – Wk 1 | E6: Weekly | F6: =IF(Weekly!I13="","",Weekly!I13) | G6: =IF(Weekly!I14="","",Weekly!I14) | H6: =IF(Weekly!I15="","",Weekly!I15) | I6: =IF(Weekly!I16="","",Weekly!I16) | J6: =IF(Weekly!I17="","",Weekly!I17) | K6: =IF(AND(H6<>"",J6<>""),"Fully accepted",IF(H6<>"","COR only",IF(J6<>"","J698 only",""))) | L6: =A6-TodayD -> -11 | M6: =IF(K6="Fully accepted","Done",IF(F6="N/A","N/A",IF(F6="Returned","Returned: resubmit",IF(K6="J698 only","Awaiting J698",IF(K6="COR only","Awaiting COR",IF(F6="Submitted","Awaiting COR + J698",IF(A6<TodayD,"OVERDUE",IF(A6-TodayD<=7,"Due within 7 days","")))))))) -> OVERDUE | P6: End of final option year (OY4) | Q6: 47149
A7: =Weekly!I19 -> 46297 | B7: =TEXT(A7,"ddd") -> Fri | C7: 6.5.2-01 | D7: Compliance Tracking & Reporting – 6.5.2 Cybersecurity Compliance Support – Wk 1 | E7: Weekly | F7: =IF(Weekly!I20="","",Weekly!I20) | G7: =IF(Weekly!I21="","",Weekly!I21) | H7: =IF(Weekly!I22="","",Weekly!I22) | I7: =IF(Weekly!I23="","",Weekly!I23) | J7: =IF(Weekly!I24="","",Weekly!I24) | K7: =IF(AND(H7<>"",J7<>""),"Fully accepted",IF(H7<>"","COR only",IF(J7<>"","J698 only",""))) | L7: =A7-TodayD -> -11 | M7: =IF(K7="Fully accepted","Done",IF(F7="N/A","N/A",IF(F7="Returned","Returned: resubmit",IF(K7="J698 only","Awaiting J698",IF(K7="COR only","Awaiting COR",IF(F7="Submitted","Awaiting COR + J698",IF(A7<TodayD,"OVERDUE",IF(A7-TodayD<=7,"Due within 7 days","")))))))) -> OVERDUE | P7: Gov inspection window (business days) | Q7: 5
A8: =Weekly!I26 -> 46297 | B8: =TEXT(A8,"ddd") -> Fri | C8: 6.5.2-02 | D8: Risk Analysis – 6.5.2 Cybersecurity Compliance Support – Wk 1 | E8: Weekly | F8: =IF(Weekly!I27="","",Weekly!I27) | G8: =IF(Weekly!I28="","",Weekly!I28) | H8: =IF(Weekly!I29="","",Weekly!I29) | I8: =IF(Weekly!I30="","",Weekly!I30) | J8: =IF(Weekly!I31="","",Weekly!I31) | K8: =IF(AND(H8<>"",J8<>""),"Fully accepted",IF(H8<>"","COR only",IF(J8<>"","J698 only",""))) | L8: =A8-TodayD -> -11 | M8: =IF(K8="Fully accepted","Done",IF(F8="N/A","N/A",IF(F8="Returned","Returned: resubmit",IF(K8="J698 only","Awaiting J698",IF(K8="COR only","Awaiting COR",IF(F8="Submitted","Awaiting COR + J698",IF(A8<TodayD,"OVERDUE",IF(A8-TodayD<=7,"Due within 7 days","")))))))) -> OVERDUE | P8: Resubmission window (business days) | Q8: 10
A9: =Quarterly!I5 -> 46302 | B9: =TEXT(A9,"ddd") -> Wed | C9: 6.2.1-01 | D9: AV Recommendations – 6.2.1 Audio Visual Systems Engineering Support – Qtr from 01 Oct 2026 | E9: Quarterly | F9: =IF(Quarterly!I6="","",Quarterly!I6) | G9: =IF(Quarterly!I7="","",Quarterly!I7) | H9: =IF(Quarterly!I8="","",Quarterly!I8) | I9: =IF(Quarterly!I9="","",Quarterly!I9) | J9: =IF(Quarterly!I10="","",Quarterly!I10) | K9: =IF(AND(H9<>"",J9<>""),"Fully accepted",IF(H9<>"","COR only",IF(J9<>"","J698 only",""))) | L9: =A9-TodayD -> -6 | M9: =IF(K9="Fully accepted","Done",IF(F9="N/A","N/A",IF(F9="Returned","Returned: resubmit",IF(K9="J698 only","Awaiting J698",IF(K9="COR only","Awaiting COR",IF(F9="Submitted","Awaiting COR + J698",IF(A9<TodayD,"OVERDUE",IF(A9-TodayD<=7,"Due within 7 days","")))))))) -> OVERDUE | P9: Today | Q9: =TODAY() -> 46308
A10: =Quarterly!I12 -> 46302 | B10: =TEXT(A10,"ddd") -> Wed | C10: 6.2.1-03 | D10: AV Audits – 6.2.1 Audio Visual Systems Engineering Support – Qtr from 01 Oct 2026 | E10: Quarterly | F10: =IF(Quarterly!I13="","",Quarterly!I13) | G10: =IF(Quarterly!I14="","",Quarterly!I14) | H10: =IF(Quarterly!I15="","",Quarterly!I15) | I10: =IF(Quarterly!I16="","",Quarterly!I16) | J10: =IF(Quarterly!I17="","",Quarterly!I17) | K10: =IF(AND(H10<>"",J10<>""),"Fully accepted",IF(H10<>"","COR only",IF(J10<>"","J698 only",""))) | L10: =A10-TodayD -> -6 | M10: =IF(K10="Fully accepted","Done",IF(F10="N/A","N/A",IF(F10="Returned","Returned: resubmit",IF(K10="J698 only","Awaiting J698",IF(K10="COR only","Awaiting COR",IF(F10="Submitted","Awaiting COR + J698",IF(A10<TodayD,"OVERDUE",IF(A10-TodayD<=7,"Due within 7 days","")))))))) -> OVERDUE
A11: =Quarterly!I19 -> 46302 | B11: =TEXT(A11,"ddd") -> Wed | C11: 6.2.3-01 | D11: VTC Recommendations – 6.2.3 Video Teleconferencing (VTC) Network Engineering Support – Qtr from 01 Oct 2026 | E11: Quarterly | F11: =IF(Quarterly!I20="","",Quarterly!I20) | G11: =IF(Quarterly!I21="","",Quarterly!I21) | H11: =IF(Quarterly!I22="","",Quarterly!I22) | I11: =IF(Quarterly!I23="","",Quarterly!I23) | J11: =IF(Quarterly!I24="","",Quarterly!I24) | K11: =IF(AND(H11<>"",J11<>""),"Fully accepted",IF(H11<>"","COR only",IF(J11<>"","J698 only",""))) | L11: =A11-TodayD -> -6 | M11: =IF(K11="Fully accepted","Done",IF(F11="N/A","N/A",IF(F11="Returned","Returned: resubmit",IF(K11="J698 only","Awaiting J698",IF(K11="COR only","Awaiting COR",IF(F11="Submitted","Awaiting COR + J698",IF(A11<TodayD,"OVERDUE",IF(A11-TodayD<=7,"Due within 7 days","")))))))) -> OVERDUE | P11: Option year dates (PWS Section 10): OY1 Feb 2025–Jan 2026, OY2 Feb 2026–Jan 2027, OY3 Feb 2027–Jan 2028, OY4 Feb 2028–Jan 2029.
A12: =Quarterly!I26 -> 46302 | B12: =TEXT(A12,"ddd") -> Wed | C12: 6.3.1-08 | D12: Standard Operating Procedures (SOP) – 6.3.1 Linux System Administration Support – Qtr from 01 Oct 2026 | E12: Quarterly | F12: =IF(Quarterly!I27="","",Quarterly!I27) | G12: =IF(Quarterly!I28="","",Quarterly!I28) | H12: =IF(Quarterly!I29="","",Quarterly!I29) | I12: =IF(Quarterly!I30="","",Quarterly!I30) | J12: =IF(Quarterly!I31="","",Quarterly!I31) | K12: =IF(AND(H12<>"",J12<>""),"Fully accepted",IF(H12<>"","COR only",IF(J12<>"","J698 only",""))) | L12: =A12-TodayD -> -6 | M12: =IF(K12="Fully accepted","Done",IF(F12="N/A","N/A",IF(F12="Returned","Returned: resubmit",IF(K12="J698 only","Awaiting J698",IF(K12="COR only","Awaiting COR",IF(F12="Submitted","Awaiting COR + J698",IF(A12<TodayD,"OVERDUE",IF(A12-TodayD<=7,"Due within 7 days","")))))))) -> OVERDUE | P12: The PWS does not state an inspection or resubmission window; 5 and 10 business days are placeholders.
A13: =Quarterly!I33 -> 46302 | B13: =TEXT(A13,"ddd") -> Wed | C13: 6.3.2-07 | D13: Standard Operating Procedures (SOP) – 6.3.2 Virtual Desktop Infrastructure (VDI) System Administration Support – Qtr from 01 Oct 2026 | E13: Quarterly | F13: =IF(Quarterly!I34="","",Quarterly!I34) | G13: =IF(Quarterly!I35="","",Quarterly!I35) | H13: =IF(Quarterly!I36="","",Quarterly!I36) | I13: =IF(Quarterly!I37="","",Quarterly!I37) | J13: =IF(Quarterly!I38="","",Quarterly!I38) | K13: =IF(AND(H13<>"",J13<>""),"Fully accepted",IF(H13<>"","COR only",IF(J13<>"","J698 only",""))) | L13: =A13-TodayD -> -6 | M13: =IF(K13="Fully accepted","Done",IF(F13="N/A","N/A",IF(F13="Returned","Returned: resubmit",IF(K13="J698 only","Awaiting J698",IF(K13="COR only","Awaiting COR",IF(F13="Submitted","Awaiting COR + J698",IF(A13<TodayD,"OVERDUE",IF(A13-TodayD<=7,"Due within 7 days","")))))))) -> OVERDUE | P13: Daily Duties are not listed here; they are confirmed monthly on the Daily Duties tab.
A14: =Quarterly!I40 -> 46302 | B14: =TEXT(A14,"ddd") -> Wed | C14: 6.3.3-09 | D14: Standard Operating Procedures (SOP) – 6.3.3 Virtual Infrastructure (VI) System Administration Support – Qtr from 01 Oct 2026 | E14: Quarterly | F14: =IF(Quarterly!I41="","",Quarterly!I41) | G14: =IF(Quarterly!I42="","",Quarterly!I42) | H14: =IF(Quarterly!I43="","",Quarterly!I43) | I14: =IF(Quarterly!I44="","",Quarterly!I44) | J14: =IF(Quarterly!I45="","",Quarterly!I45) | K14: =IF(AND(H14<>"",J14<>""),"Fully accepted",IF(H14<>"","COR only",IF(J14<>"","J698 only",""))) | L14: =A14-TodayD -> -6 | M14: =IF(K14="Fully accepted","Done",IF(F14="N/A","N/A",IF(F14="Returned","Returned: resubmit",IF(K14="J698 only","Awaiting J698",IF(K14="COR only","Awaiting COR",IF(F14="Submitted","Awaiting COR + J698",IF(A14<TodayD,"OVERDUE",IF(A14-TodayD<=7,"Due within 7 days","")))))))) -> OVERDUE | P14: Holidays are not excluded from business-day math.
A15: =Quarterly!I47 -> 46302 | B15: =TEXT(A15,"ddd") -> Wed | C15: 6.3.4-10 | D15: Standard Operating Procedures (SOP) – 6.3.4 Senior Windows System Administration Support – Qtr from 01 Oct 2026 | E15: Quarterly | F15: =IF(Quarterly!I48="","",Quarterly!I48) | G15: =IF(Quarterly!I49="","",Quarterly!I49) | H15: =IF(Quarterly!I50="","",Quarterly!I50) | I15: =IF(Quarterly!I51="","",Quarterly!I51) | J15: =IF(Quarterly!I52="","",Quarterly!I52) | K15: =IF(AND(H15<>"",J15<>""),"Fully accepted",IF(H15<>"","COR only",IF(J15<>"","J698 only",""))) | L15: =A15-TodayD -> -6 | M15: =IF(K15="Fully accepted","Done",IF(F15="N/A","N/A",IF(F15="Returned","Returned: resubmit",IF(K15="J698 only","Awaiting J698",IF(K15="COR only","Awaiting COR",IF(F15="Submitted","Awaiting COR + J698",IF(A15<TodayD,"OVERDUE",IF(A15-TodayD<=7,"Due within 7 days","")))))))) -> OVERDUE
A16: =Quarterly!I54 -> 46302 | B16: =TEXT(A16,"ddd") -> Wed | C16: 6.3.5-10 | D16: Standard Operating Procedures (SOP) – 6.3.5 Windows System Administration Support – Qtr from 01 Oct 2026 | E16: Quarterly | F16: =IF(Quarterly!I55="","",Quarterly!I55) | G16: =IF(Quarterly!I56="","",Quarterly!I56) | H16: =IF(Quarterly!I57="","",Quarterly!I57) | I16: =IF(Quarterly!I58="","",Quarterly!I58) | J16: =IF(Quarterly!I59="","",Quarterly!I59) | K16: =IF(AND(H16<>"",J16<>""),"Fully accepted",IF(H16<>"","COR only",IF(J16<>"","J698 only",""))) | L16: =A16-TodayD -> -6 | M16: =IF(K16="Fully accepted","Done",IF(F16="N/A","N/A",IF(F16="Returned","Returned: resubmit",IF(K16="J698 only","Awaiting J698",IF(K16="COR only","Awaiting COR",IF(F16="Submitted","Awaiting COR + J698",IF(A16<TodayD,"OVERDUE",IF(A16-TodayD<=7,"Due within 7 days","")))))))) -> OVERDUE
A17: =Quarterly!I61 -> 46302 | B17: =TEXT(A17,"ddd") -> Wed | C17: 6.3.6-09 | D17: Standard Operating Procedures (SOP) – 6.3.6 Global Command & Control System (GCCS) System Administration Suppo – Qtr from 01 Oct 2026 | E17: Quarterly | F17: =IF(Quarterly!I62="","",Quarterly!I62) | G17: =IF(Quarterly!I63="","",Quarterly!I63) | H17: =IF(Quarterly!I64="","",Quarterly!I64) | I17: =IF(Quarterly!I65="","",Quarterly!I65) | J17: =IF(Quarterly!I66="","",Quarterly!I66) | K17: =IF(AND(H17<>"",J17<>""),"Fully accepted",IF(H17<>"","COR only",IF(J17<>"","J698 only",""))) | L17: =A17-TodayD -> -6 | M17: =IF(K17="Fully accepted","Done",IF(F17="N/A","N/A",IF(F17="Returned","Returned: resubmit",IF(K17="J698 only","Awaiting J698",IF(K17="COR only","Awaiting COR",IF(F17="Submitted","Awaiting COR + J698",IF(A17<TodayD,"OVERDUE",IF(A17-TodayD<=7,"Due within 7 days","")))))))) -> OVERDUE
A18: =Quarterly!I68 -> 46302 | B18: =TEXT(A18,"ddd") -> Wed | C18: 6.3.7-17 | D18: Standard Operating Procedures (SOP) – 6.3.7 SCCM/MECH Administration Support – Qtr from 01 Oct 2026 | E18: Quarterly | F18: =IF(Quarterly!I69="","",Quarterly!I69) | G18: =IF(Quarterly!I70="","",Quarterly!I70) | H18: =IF(Quarterly!I71="","",Quarterly!I71) | I18: =IF(Quarterly!I72="","",Quarterly!I72) | J18: =IF(Quarterly!I73="","",Quarterly!I73) | K18: =IF(AND(H18<>"",J18<>""),"Fully accepted",IF(H18<>"","COR only",IF(J18<>"","J698 only",""))) | L18: =A18-TodayD -> -6 | M18: =IF(K18="Fully accepted","Done",IF(F18="N/A","N/A",IF(F18="Returned","Returned: resubmit",IF(K18="J698 only","Awaiting J698",IF(K18="COR only","Awaiting COR",IF(F18="Submitted","Awaiting COR + J698",IF(A18<TodayD,"OVERDUE",IF(A18-TodayD<=7,"Due within 7 days","")))))))) -> OVERDUE
A19: =Weekly!I33 -> 46302 | B19: =TEXT(A19,"ddd") -> Wed | C19: 6.5.4-04 | D19: Configuration Management Summary of Changes – 6.5.4 Network Defense Administrator Support – Wk 1 | E19: Weekly | F19: =IF(Weekly!I34="","",Weekly!I34) | G19: =IF(Weekly!I35="","",Weekly!I35) | H19: =IF(Weekly!I36="","",Weekly!I36) | I19: =IF(Weekly!I37="","",Weekly!I37) | J19: =IF(Weekly!I38="","",Weekly!I38) | K19: =IF(AND(H19<>"",J19<>""),"Fully accepted",IF(H19<>"","COR only",IF(J19<>"","J698 only",""))) | L19: =A19-TodayD -> -6 | M19: =IF(K19="Fully accepted","Done",IF(F19="N/A","N/A",IF(F19="Returned","Returned: resubmit",IF(K19="J698 only","Awaiting J698",IF(K19="COR only","Awaiting COR",IF(F19="Submitted","Awaiting COR + J698",IF(A19<TodayD,"OVERDUE",IF(A19-TodayD<=7,"Due within 7 days","")))))))) -> OVERDUE
A20: =Weekly!I40 -> 46302 | B20: =TEXT(A20,"ddd") -> Wed | C20: 6.5.4-05 | D20: Cyber Threat Summaries – 6.5.4 Network Defense Administrator Support – Wk 1 | E20: Weekly | F20: =IF(Weekly!I41="","",Weekly!I41) | G20: =IF(Weekly!I42="","",Weekly!I42) | H20: =IF(Weekly!I43="","",Weekly!I43) | I20: =IF(Weekly!I44="","",Weekly!I44) | J20: =IF(Weekly!I45="","",Weekly!I45) | K20: =IF(AND(H20<>"",J20<>""),"Fully accepted",IF(H20<>"","COR only",IF(J20<>"","J698 only",""))) | L20: =A20-TodayD -> -6 | M20: =IF(K20="Fully accepted","Done",IF(F20="N/A","N/A",IF(F20="Returned","Returned: resubmit",IF(K20="J698 only","Awaiting J698",IF(K20="COR only","Awaiting COR",IF(F20="Submitted","Awaiting COR + J698",IF(A20<TodayD,"OVERDUE",IF(A20-TodayD<=7,"Due within 7 days","")))))))) -> OVERDUE
A21: =Weekly!I47 -> 46302 | B21: =TEXT(A21,"ddd") -> Wed | C21: 6.5.5-05 | D21: Configuration management summary of changes – 6.5.5 Endpoint Security Solutions (ESS) Support – Wk 1 | E21: Weekly | F21: =IF(Weekly!I48="","",Weekly!I48) | G21: =IF(Weekly!I49="","",Weekly!I49) | H21: =IF(Weekly!I50="","",Weekly!I50) | I21: =IF(Weekly!I51="","",Weekly!I51) | J21: =IF(Weekly!I52="","",Weekly!I52) | K21: =IF(AND(H21<>"",J21<>""),"Fully accepted",IF(H21<>"","COR only",IF(J21<>"","J698 only",""))) | L21: =A21-TodayD -> -6 | M21: =IF(K21="Fully accepted","Done",IF(F21="N/A","N/A",IF(F21="Returned","Returned: resubmit",IF(K21="J698 only","Awaiting J698",IF(K21="COR only","Awaiting COR",IF(F21="Submitted","Awaiting COR + J698",IF(A21<TodayD,"OVERDUE",IF(A21-TodayD<=7,"Due within 7 days","")))))))) -> OVERDUE
A22: =Weekly!I54 -> 46302 | B22: =TEXT(A22,"ddd") -> Wed | C22: 6.5.5-06 | D22: ESS Baseline Report – 6.5.5 Endpoint Security Solutions (ESS) Support – Wk 1 | E22: Weekly | F22: =IF(Weekly!I55="","",Weekly!I55) | G22: =IF(Weekly!I56="","",Weekly!I56) | H22: =IF(Weekly!I57="","",Weekly!I57) | I22: =IF(Weekly!I58="","",Weekly!I58) | J22: =IF(Weekly!I59="","",Weekly!I59) | K22: =IF(AND(H22<>"",J22<>""),"Fully accepted",IF(H22<>"","COR only",IF(J22<>"","J698 only",""))) | L22: =A22-TodayD -> -6 | M22: =IF(K22="Fully accepted","Done",IF(F22="N/A","N/A",IF(F22="Returned","Returned: resubmit",IF(K22="J698 only","Awaiting J698",IF(K22="COR only","Awaiting COR",IF(F22="Submitted","Awaiting COR + J698",IF(A22<TodayD,"OVERDUE",IF(A22-TodayD<=7,"Due within 7 days","")))))))) -> OVERDUE
A23: =Quarterly!I75 -> 46302 | B23: =TEXT(A23,"ddd") -> Wed | C23: 6.5.7-10 | D23: Standard Operating Procedures (SOP) – 6.5.7 Security Information Event Manager (SIEM) Administrator Support – Qtr from 01 Oct 2026 | E23: Quarterly | F23: =IF(Quarterly!I76="","",Quarterly!I76) | G23: =IF(Quarterly!I77="","",Quarterly!I77) | H23: =IF(Quarterly!I78="","",Quarterly!I78) | I23: =IF(Quarterly!I79="","",Quarterly!I79) | J23: =IF(Quarterly!I80="","",Quarterly!I80) | K23: =IF(AND(H23<>"",J23<>""),"Fully accepted",IF(H23<>"","COR only",IF(J23<>"","J698 only",""))) | L23: =A23-TodayD -> -6 | M23: =IF(K23="Fully accepted","Done",IF(F23="N/A","N/A",IF(F23="Returned","Returned: resubmit",IF(K23="J698 only","Awaiting J698",IF(K23="COR only","Awaiting COR",IF(F23="Submitted","Awaiting COR + J698",IF(A23<TodayD,"OVERDUE",IF(A23-TodayD<=7,"Due within 7 days","")))))))) -> OVERDUE
A24: =Quarterly!I82 -> 46302 | B24: =TEXT(A24,"ddd") -> Wed | C24: 6.5.8-10 | D24: Standard Operating Procedures (SOP) – 6.5.8 Compliance Administrator Support – Qtr from 01 Oct 2026 | E24: Quarterly | F24: =IF(Quarterly!I83="","",Quarterly!I83) | G24: =IF(Quarterly!I84="","",Quarterly!I84) | H24: =IF(Quarterly!I85="","",Quarterly!I85) | I24: =IF(Quarterly!I86="","",Quarterly!I86) | J24: =IF(Quarterly!I87="","",Quarterly!I87) | K24: =IF(AND(H24<>"",J24<>""),"Fully accepted",IF(H24<>"","COR only",IF(J24<>"","J698 only",""))) | L24: =A24-TodayD -> -6 | M24: =IF(K24="Fully accepted","Done",IF(F24="N/A","N/A",IF(F24="Returned","Returned: resubmit",IF(K24="J698 only","Awaiting J698",IF(K24="COR only","Awaiting COR",IF(F24="Submitted","Awaiting COR + J698",IF(A24<TodayD,"OVERDUE",IF(A24-TodayD<=7,"Due within 7 days","")))))))) -> OVERDUE
A25: =Weekly!J5 -> 46304 | B25: =TEXT(A25,"ddd") -> Fri | C25: 6.3.4-08 | D25: Active Directory Management – 6.3.4 Senior Windows System Administration Support – Wk 2 | E25: Weekly | F25: =IF(Weekly!J6="","",Weekly!J6) | G25: =IF(Weekly!J7="","",Weekly!J7) | H25: =IF(Weekly!J8="","",Weekly!J8) | I25: =IF(Weekly!J9="","",Weekly!J9) | J25: =IF(Weekly!J10="","",Weekly!J10) | K25: =IF(AND(H25<>"",J25<>""),"Fully accepted",IF(H25<>"","COR only",IF(J25<>"","J698 only",""))) | L25: =A25-TodayD -> -4 | M25: =IF(K25="Fully accepted","Done",IF(F25="N/A","N/A",IF(F25="Returned","Returned: resubmit",IF(K25="J698 only","Awaiting J698",IF(K25="COR only","Awaiting COR",IF(F25="Submitted","Awaiting COR + J698",IF(A25<TodayD,"OVERDUE",IF(A25-TodayD<=7,"Due within 7 days","")))))))) -> OVERDUE
A26: =Weekly!J12 -> 46304 | B26: =TEXT(A26,"ddd") -> Fri | C26: 6.3.5-08 | D26: Active Directory Management – 6.3.5 Windows System Administration Support – Wk 2 | E26: Weekly | F26: =IF(Weekly!J13="","",Weekly!J13) | G26: =IF(Weekly!J14="","",Weekly!J14) | H26: =IF(Weekly!J15="","",Weekly!J15) | I26: =IF(Weekly!J16="","",Weekly!J16) | J26: =IF(Weekly!J17="","",Weekly!J17) | K26: =IF(AND(H26<>"",J26<>""),"Fully accepted",IF(H26<>"","COR only",IF(J26<>"","J698 only",""))) | L26: =A26-TodayD -> -4 | M26: =IF(K26="Fully accepted","Done",IF(F26="N/A","N/A",IF(F26="Returned","Returned: resubmit",IF(K26="J698 only","Awaiting J698",IF(K26="COR only","Awaiting COR",IF(F26="Submitted","Awaiting COR + J698",IF(A26<TodayD,"OVERDUE",IF(A26-TodayD<=7,"Due within 7 days","")))))))) -> OVERDUE
A27: =Weekly!J19 -> 46304 | B27: =TEXT(A27,"ddd") -> Fri | C27: 6.5.2-01 | D27: Compliance Tracking & Reporting – 6.5.2 Cybersecurity Compliance Support – Wk 2 | E27: Weekly | F27: =IF(Weekly!J20="","",Weekly!J20) | G27: =IF(Weekly!J21="","",Weekly!J21) | H27: =IF(Weekly!J22="","",Weekly!J22) | I27: =IF(Weekly!J23="","",Weekly!J23) | J27: =IF(Weekly!J24="","",Weekly!J24) | K27: =IF(AND(H27<>"",J27<>""),"Fully accepted",IF(H27<>"","COR only",IF(J27<>"","J698 only",""))) | L27: =A27-TodayD -> -4 | M27: =IF(K27="Fully accepted","Done",IF(F27="N/A","N/A",IF(F27="Returned","Returned: resubmit",IF(K27="J698 only","Awaiting J698",IF(K27="COR only","Awaiting COR",IF(F27="Submitted","Awaiting COR + J698",IF(A27<TodayD,"OVERDUE",IF(A27-TodayD<=7,"Due within 7 days","")))))))) -> OVERDUE
A28: =Weekly!J26 -> 46304 | B28: =TEXT(A28,"ddd") -> Fri | C28: 6.5.2-02 | D28: Risk Analysis – 6.5.2 Cybersecurity Compliance Support – Wk 2 | E28: Weekly | F28: =IF(Weekly!J27="","",Weekly!J27) | G28: =IF(Weekly!J28="","",Weekly!J28) | H28: =IF(Weekly!J29="","",Weekly!J29) | I28: =IF(Weekly!J30="","",Weekly!J30) | J28: =IF(Weekly!J31="","",Weekly!J31) | K28: =IF(AND(H28<>"",J28<>""),"Fully accepted",IF(H28<>"","COR only",IF(J28<>"","J698 only",""))) | L28: =A28-TodayD -> -4 | M28: =IF(K28="Fully accepted","Done",IF(F28="N/A","N/A",IF(F28="Returned","Returned: resubmit",IF(K28="J698 only","Awaiting J698",IF(K28="COR only","Awaiting COR",IF(F28="Submitted","Awaiting COR + J698",IF(A28<TodayD,"OVERDUE",IF(A28-TodayD<=7,"Due within 7 days","")))))))) -> OVERDUE
A29: =Weekly!J33 -> 46309 | B29: =TEXT(A29,"ddd") -> Wed | C29: 6.5.4-04 | D29: Configuration Management Summary of Changes – 6.5.4 Network Defense Administrator Support – Wk 2 | E29: Weekly | F29: =IF(Weekly!J34="","",Weekly!J34) | G29: =IF(Weekly!J35="","",Weekly!J35) | H29: =IF(Weekly!J36="","",Weekly!J36) | I29: =IF(Weekly!J37="","",Weekly!J37) | J29: =IF(Weekly!J38="","",Weekly!J38) | K29: =IF(AND(H29<>"",J29<>""),"Fully accepted",IF(H29<>"","COR only",IF(J29<>"","J698 only",""))) | L29: =A29-TodayD -> 1 | M29: =IF(K29="Fully accepted","Done",IF(F29="N/A","N/A",IF(F29="Returned","Returned: resubmit",IF(K29="J698 only","Awaiting J698",IF(K29="COR only","Awaiting COR",IF(F29="Submitted","Awaiting COR + J698",IF(A29<TodayD,"OVERDUE",IF(A29-TodayD<=7,"Due within 7 days","")))))))) -> Due within 7 days
A30: =Weekly!J40 -> 46309 | B30: =TEXT(A30,"ddd") -> Wed | C30: 6.5.4-05 | D30: Cyber Threat Summaries – 6.5.4 Network Defense Administrator Support – Wk 2 | E30: Weekly | F30: =IF(Weekly!J41="","",Weekly!J41) | G30: =IF(Weekly!J42="","",Weekly!J42) | H30: =IF(Weekly!J43="","",Weekly!J43) | I30: =IF(Weekly!J44="","",Weekly!J44) | J30: =IF(Weekly!J45="","",Weekly!J45) | K30: =IF(AND(H30<>"",J30<>""),"Fully accepted",IF(H30<>"","COR only",IF(J30<>"","J698 only",""))) | L30: =A30-TodayD -> 1 | M30: =IF(K30="Fully accepted","Done",IF(F30="N/A","N/A",IF(F30="Returned","Returned: resubmit",IF(K30="J698 only","Awaiting J698",IF(K30="COR only","Awaiting COR",IF(F30="Submitted","Awaiting COR + J698",IF(A30<TodayD,"OVERDUE",IF(A30-TodayD<=7,"Due within 7 days","")))))))) -> Due within 7 days
A31: =Weekly!J47 -> 46309 | B31: =TEXT(A31,"ddd") -> Wed | C31: 6.5.5-05 | D31: Configuration management summary of changes – 6.5.5 Endpoint Security Solutions (ESS) Support – Wk 2 | E31: Weekly | F31: =IF(Weekly!J48="","",Weekly!J48) | G31: =IF(Weekly!J49="","",Weekly!J49) | H31: =IF(Weekly!J50="","",Weekly!J50) | I31: =IF(Weekly!J51="","",Weekly!J51) | J31: =IF(Weekly!J52="","",Weekly!J52) | K31: =IF(AND(H31<>"",J31<>""),"Fully accepted",IF(H31<>"","COR only",IF(J31<>"","J698 only",""))) | L31: =A31-TodayD -> 1 | M31: =IF(K31="Fully accepted","Done",IF(F31="N/A","N/A",IF(F31="Returned","Returned: resubmit",IF(K31="J698 only","Awaiting J698",IF(K31="COR only","Awaiting COR",IF(F31="Submitted","Awaiting COR + J698",IF(A31<TodayD,"OVERDUE",IF(A31-TodayD<=7,"Due within 7 days","")))))))) -> Due within 7 days
A32: =Weekly!J54 -> 46309 | B32: =TEXT(A32,"ddd") -> Wed | C32: 6.5.5-06 | D32: ESS Baseline Report – 6.5.5 Endpoint Security Solutions (ESS) Support – Wk 2 | E32: Weekly | F32: =IF(Weekly!J55="","",Weekly!J55) | G32: =IF(Weekly!J56="","",Weekly!J56) | H32: =IF(Weekly!J57="","",Weekly!J57) | I32: =IF(Weekly!J58="","",Weekly!J58) | J32: =IF(Weekly!J59="","",Weekly!J59) | K32: =IF(AND(H32<>"",J32<>""),"Fully accepted",IF(H32<>"","COR only",IF(J32<>"","J698 only",""))) | L32: =A32-TodayD -> 1 | M32: =IF(K32="Fully accepted","Done",IF(F32="N/A","N/A",IF(F32="Returned","Returned: resubmit",IF(K32="J698 only","Awaiting J698",IF(K32="COR only","Awaiting COR",IF(F32="Submitted","Awaiting COR + J698",IF(A32<TodayD,"OVERDUE",IF(A32-TodayD<=7,"Due within 7 days","")))))))) -> Due within 7 days
A33: =Weekly!K5 -> 46311 | B33: =TEXT(A33,"ddd") -> Fri | C33: 6.3.4-08 | D33: Active Directory Management – 6.3.4 Senior Windows System Administration Support – Wk 3 | E33: Weekly | F33: =IF(Weekly!K6="","",Weekly!K6) | G33: =IF(Weekly!K7="","",Weekly!K7) | H33: =IF(Weekly!K8="","",Weekly!K8) | I33: =IF(Weekly!K9="","",Weekly!K9) | J33: =IF(Weekly!K10="","",Weekly!K10) | K33: =IF(AND(H33<>"",J33<>""),"Fully accepted",IF(H33<>"","COR only",IF(J33<>"","J698 only",""))) | L33: =A33-TodayD -> 3 | M33: =IF(K33="Fully accepted","Done",IF(F33="N/A","N/A",IF(F33="Returned","Returned: resubmit",IF(K33="J698 only","Awaiting J698",IF(K33="COR only","Awaiting COR",IF(F33="Submitted","Awaiting COR + J698",IF(A33<TodayD,"OVERDUE",IF(A33-TodayD<=7,"Due within 7 days","")))))))) -> Due within 7 days
A34: =Weekly!K12 -> 46311 | B34: =TEXT(A34,"ddd") -> Fri | C34: 6.3.5-08 | D34: Active Directory Management – 6.3.5 Windows System Administration Support – Wk 3 | E34: Weekly | F34: =IF(Weekly!K13="","",Weekly!K13) | G34: =IF(Weekly!K14="","",Weekly!K14) | H34: =IF(Weekly!K15="","",Weekly!K15) | I34: =IF(Weekly!K16="","",Weekly!K16) | J34: =IF(Weekly!K17="","",Weekly!K17) | K34: =IF(AND(H34<>"",J34<>""),"Fully accepted",IF(H34<>"","COR only",IF(J34<>"","J698 only",""))) | L34: =A34-TodayD -> 3 | M34: =IF(K34="Fully accepted","Done",IF(F34="N/A","N/A",IF(F34="Returned","Returned: resubmit",IF(K34="J698 only","Awaiting J698",IF(K34="COR only","Awaiting COR",IF(F34="Submitted","Awaiting COR + J698",IF(A34<TodayD,"OVERDUE",IF(A34-TodayD<=7,"Due within 7 days","")))))))) -> Due within 7 days
A35: =Weekly!K19 -> 46311 | B35: =TEXT(A35,"ddd") -> Fri | C35: 6.5.2-01 | D35: Compliance Tracking & Reporting – 6.5.2 Cybersecurity Compliance Support – Wk 3 | E35: Weekly | F35: =IF(Weekly!K20="","",Weekly!K20) | G35: =IF(Weekly!K21="","",Weekly!K21) | H35: =IF(Weekly!K22="","",Weekly!K22) | I35: =IF(Weekly!K23="","",Weekly!K23) | J35: =IF(Weekly!K24="","",Weekly!K24) | K35: =IF(AND(H35<>"",J35<>""),"Fully accepted",IF(H35<>"","COR only",IF(J35<>"","J698 only",""))) | L35: =A35-TodayD -> 3 | M35: =IF(K35="Fully accepted","Done",IF(F35="N/A","N/A",IF(F35="Returned","Returned: resubmit",IF(K35="J698 only","Awaiting J698",IF(K35="COR only","Awaiting COR",IF(F35="Submitted","Awaiting COR + J698",IF(A35<TodayD,"OVERDUE",IF(A35-TodayD<=7,"Due within 7 days","")))))))) -> Due within 7 days
A36: =Weekly!K26 -> 46311 | B36: =TEXT(A36,"ddd") -> Fri | C36: 6.5.2-02 | D36: Risk Analysis – 6.5.2 Cybersecurity Compliance Support – Wk 3 | E36: Weekly | F36: =IF(Weekly!K27="","",Weekly!K27) | G36: =IF(Weekly!K28="","",Weekly!K28) | H36: =IF(Weekly!K29="","",Weekly!K29) | I36: =IF(Weekly!K30="","",Weekly!K30) | J36: =IF(Weekly!K31="","",Weekly!K31) | K36: =IF(AND(H36<>"",J36<>""),"Fully accepted",IF(H36<>"","COR only",IF(J36<>"","J698 only",""))) | L36: =A36-TodayD -> 3 | M36: =IF(K36="Fully accepted","Done",IF(F36="N/A","N/A",IF(F36="Returned","Returned: resubmit",IF(K36="J698 only","Awaiting J698",IF(K36="COR only","Awaiting COR",IF(F36="Submitted","Awaiting COR + J698",IF(A36<TodayD,"OVERDUE",IF(A36-TodayD<=7,"Due within 7 days","")))))))) -> Due within 7 days
A37: =Weekly!K33 -> 46316 | B37: =TEXT(A37,"ddd") -> Wed | C37: 6.5.4-04 | D37: Configuration Management Summary of Changes – 6.5.4 Network Defense Administrator Support – Wk 3 | E37: Weekly | F37: =IF(Weekly!K34="","",Weekly!K34) | G37: =IF(Weekly!K35="","",Weekly!K35) | H37: =IF(Weekly!K36="","",Weekly!K36) | I37: =IF(Weekly!K37="","",Weekly!K37) | J37: =IF(Weekly!K38="","",Weekly!K38) | K37: =IF(AND(H37<>"",J37<>""),"Fully accepted",IF(H37<>"","COR only",IF(J37<>"","J698 only",""))) | L37: =A37-TodayD -> 8 | M37: =IF(K37="Fully accepted","Done",IF(F37="N/A","N/A",IF(F37="Returned","Returned: resubmit",IF(K37="J698 only","Awaiting J698",IF(K37="COR only","Awaiting COR",IF(F37="Submitted","Awaiting COR + J698",IF(A37<TodayD,"OVERDUE",IF(A37-TodayD<=7,"Due within 7 days",""))))))))
A38: =Weekly!K40 -> 46316 | B38: =TEXT(A38,"ddd") -> Wed | C38: 6.5.4-05 | D38: Cyber Threat Summaries – 6.5.4 Network Defense Administrator Support – Wk 3 | E38: Weekly | F38: =IF(Weekly!K41="","",Weekly!K41) | G38: =IF(Weekly!K42="","",Weekly!K42) | H38: =IF(Weekly!K43="","",Weekly!K43) | I38: =IF(Weekly!K44="","",Weekly!K44) | J38: =IF(Weekly!K45="","",Weekly!K45) | K38: =IF(AND(H38<>"",J38<>""),"Fully accepted",IF(H38<>"","COR only",IF(J38<>"","J698 only",""))) | L38: =A38-TodayD -> 8 | M38: =IF(K38="Fully accepted","Done",IF(F38="N/A","N/A",IF(F38="Returned","Returned: resubmit",IF(K38="J698 only","Awaiting J698",IF(K38="COR only","Awaiting COR",IF(F38="Submitted","Awaiting COR + J698",IF(A38<TodayD,"OVERDUE",IF(A38-TodayD<=7,"Due within 7 days",""))))))))
A39: =Weekly!K47 -> 46316 | B39: =TEXT(A39,"ddd") -> Wed | C39: 6.5.5-05 | D39: Configuration management summary of changes – 6.5.5 Endpoint Security Solutions (ESS) Support – Wk 3 | E39: Weekly | F39: =IF(Weekly!K48="","",Weekly!K48) | G39: =IF(Weekly!K49="","",Weekly!K49) | H39: =IF(Weekly!K50="","",Weekly!K50) | I39: =IF(Weekly!K51="","",Weekly!K51) | J39: =IF(Weekly!K52="","",Weekly!K52) | K39: =IF(AND(H39<>"",J39<>""),"Fully accepted",IF(H39<>"","COR only",IF(J39<>"","J698 only",""))) | L39: =A39-TodayD -> 8 | M39: =IF(K39="Fully accepted","Done",IF(F39="N/A","N/A",IF(F39="Returned","Returned: resubmit",IF(K39="J698 only","Awaiting J698",IF(K39="COR only","Awaiting COR",IF(F39="Submitted","Awaiting COR + J698",IF(A39<TodayD,"OVERDUE",IF(A39-TodayD<=7,"Due within 7 days",""))))))))
A40: =Weekly!K54 -> 46316 | B40: =TEXT(A40,"ddd") -> Wed | C40: 6.5.5-06 | D40: ESS Baseline Report – 6.5.5 Endpoint Security Solutions (ESS) Support – Wk 3 | E40: Weekly | F40: =IF(Weekly!K55="","",Weekly!K55) | G40: =IF(Weekly!K56="","",Weekly!K56) | H40: =IF(Weekly!K57="","",Weekly!K57) | I40: =IF(Weekly!K58="","",Weekly!K58) | J40: =IF(Weekly!K59="","",Weekly!K59) | K40: =IF(AND(H40<>"",J40<>""),"Fully accepted",IF(H40<>"","COR only",IF(J40<>"","J698 only",""))) | L40: =A40-TodayD -> 8 | M40: =IF(K40="Fully accepted","Done",IF(F40="N/A","N/A",IF(F40="Returned","Returned: resubmit",IF(K40="J698 only","Awaiting J698",IF(K40="COR only","Awaiting COR",IF(F40="Submitted","Awaiting COR + J698",IF(A40<TodayD,"OVERDUE",IF(A40-TodayD<=7,"Due within 7 days",""))))))))
A41: =Weekly!L5 -> 46318 | B41: =TEXT(A41,"ddd") -> Fri | C41: 6.3.4-08 | D41: Active Directory Management – 6.3.4 Senior Windows System Administration Support – Wk 4 | E41: Weekly | F41: =IF(Weekly!L6="","",Weekly!L6) | G41: =IF(Weekly!L7="","",Weekly!L7) | H41: =IF(Weekly!L8="","",Weekly!L8) | I41: =IF(Weekly!L9="","",Weekly!L9) | J41: =IF(Weekly!L10="","",Weekly!L10) | K41: =IF(AND(H41<>"",J41<>""),"Fully accepted",IF(H41<>"","COR only",IF(J41<>"","J698 only",""))) | L41: =A41-TodayD -> 10 | M41: =IF(K41="Fully accepted","Done",IF(F41="N/A","N/A",IF(F41="Returned","Returned: resubmit",IF(K41="J698 only","Awaiting J698",IF(K41="COR only","Awaiting COR",IF(F41="Submitted","Awaiting COR + J698",IF(A41<TodayD,"OVERDUE",IF(A41-TodayD<=7,"Due within 7 days",""))))))))
A42: =Weekly!L12 -> 46318 | B42: =TEXT(A42,"ddd") -> Fri | C42: 6.3.5-08 | D42: Active Directory Management – 6.3.5 Windows System Administration Support – Wk 4 | E42: Weekly | F42: =IF(Weekly!L13="","",Weekly!L13) | G42: =IF(Weekly!L14="","",Weekly!L14) | H42: =IF(Weekly!L15="","",Weekly!L15) | I42: =IF(Weekly!L16="","",Weekly!L16) | J42: =IF(Weekly!L17="","",Weekly!L17) | K42: =IF(AND(H42<>"",J42<>""),"Fully accepted",IF(H42<>"","COR only",IF(J42<>"","J698 only",""))) | L42: =A42-TodayD -> 10 | M42: =IF(K42="Fully accepted","Done",IF(F42="N/A","N/A",IF(F42="Returned","Returned: resubmit",IF(K42="J698 only","Awaiting J698",IF(K42="COR only","Awaiting COR",IF(F42="Submitted","Awaiting COR + J698",IF(A42<TodayD,"OVERDUE",IF(A42-TodayD<=7,"Due within 7 days",""))))))))
A43: =Weekly!L19 -> 46318 | B43: =TEXT(A43,"ddd") -> Fri | C43: 6.5.2-01 | D43: Compliance Tracking & Reporting – 6.5.2 Cybersecurity Compliance Support – Wk 4 | E43: Weekly | F43: =IF(Weekly!L20="","",Weekly!L20) | G43: =IF(Weekly!L21="","",Weekly!L21) | H43: =IF(Weekly!L22="","",Weekly!L22) | I43: =IF(Weekly!L23="","",Weekly!L23) | J43: =IF(Weekly!L24="","",Weekly!L24) | K43: =IF(AND(H43<>"",J43<>""),"Fully accepted",IF(H43<>"","COR only",IF(J43<>"","J698 only",""))) | L43: =A43-TodayD -> 10 | M43: =IF(K43="Fully accepted","Done",IF(F43="N/A","N/A",IF(F43="Returned","Returned: resubmit",IF(K43="J698 only","Awaiting J698",IF(K43="COR only","Awaiting COR",IF(F43="Submitted","Awaiting COR + J698",IF(A43<TodayD,"OVERDUE",IF(A43-TodayD<=7,"Due within 7 days",""))))))))
A44: =Weekly!L26 -> 46318 | B44: =TEXT(A44,"ddd") -> Fri | C44: 6.5.2-02 | D44: Risk Analysis – 6.5.2 Cybersecurity Compliance Support – Wk 4 | E44: Weekly | F44: =IF(Weekly!L27="","",Weekly!L27) | G44: =IF(Weekly!L28="","",Weekly!L28) | H44: =IF(Weekly!L29="","",Weekly!L29) | I44: =IF(Weekly!L30="","",Weekly!L30) | J44: =IF(Weekly!L31="","",Weekly!L31) | K44: =IF(AND(H44<>"",J44<>""),"Fully accepted",IF(H44<>"","COR only",IF(J44<>"","J698 only",""))) | L44: =A44-TodayD -> 10 | M44: =IF(K44="Fully accepted","Done",IF(F44="N/A","N/A",IF(F44="Returned","Returned: resubmit",IF(K44="J698 only","Awaiting J698",IF(K44="COR only","Awaiting COR",IF(F44="Submitted","Awaiting COR + J698",IF(A44<TodayD,"OVERDUE",IF(A44-TodayD<=7,"Due within 7 days",""))))))))
A45: =Monthly!I152 -> 46321 | B45: =TEXT(A45,"ddd") -> Mon | C45: 6.5.2-07 | D45: Cyber Scorecard & Defense CyberScope Web Tool – 6.5.2 Cybersecurity Compliance Support – Oct 2026 | E45: Monthly | F45: =IF(Monthly!I153="","",Monthly!I153) | G45: =IF(Monthly!I154="","",Monthly!I154) | H45: =IF(Monthly!I155="","",Monthly!I155) | I45: =IF(Monthly!I156="","",Monthly!I156) | J45: =IF(Monthly!I157="","",Monthly!I157) | K45: =IF(AND(H45<>"",J45<>""),"Fully accepted",IF(H45<>"","COR only",IF(J45<>"","J698 only",""))) | L45: =A45-TodayD -> 13 | M45: =IF(K45="Fully accepted","Done",IF(F45="N/A","N/A",IF(F45="Returned","Returned: resubmit",IF(K45="J698 only","Awaiting J698",IF(K45="COR only","Awaiting COR",IF(F45="Submitted","Awaiting COR + J698",IF(A45<TodayD,"OVERDUE",IF(A45-TodayD<=7,"Due within 7 days",""))))))))
A46: =Weekly!L33 -> 46323 | B46: =TEXT(A46,"ddd") -> Wed | C46: 6.5.4-04 | D46: Configuration Management Summary of Changes – 6.5.4 Network Defense Administrator Support – Wk 4 | E46: Weekly | F46: =IF(Weekly!L34="","",Weekly!L34) | G46: =IF(Weekly!L35="","",Weekly!L35) | H46: =IF(Weekly!L36="","",Weekly!L36) | I46: =IF(Weekly!L37="","",Weekly!L37) | J46: =IF(Weekly!L38="","",Weekly!L38) | K46: =IF(AND(H46<>"",J46<>""),"Fully accepted",IF(H46<>"","COR only",IF(J46<>"","J698 only",""))) | L46: =A46-TodayD -> 15 | M46: =IF(K46="Fully accepted","Done",IF(F46="N/A","N/A",IF(F46="Returned","Returned: resubmit",IF(K46="J698 only","Awaiting J698",IF(K46="COR only","Awaiting COR",IF(F46="Submitted","Awaiting COR + J698",IF(A46<TodayD,"OVERDUE",IF(A46-TodayD<=7,"Due within 7 days",""))))))))
A47: =Weekly!L40 -> 46323 | B47: =TEXT(A47,"ddd") -> Wed | C47: 6.5.4-05 | D47: Cyber Threat Summaries – 6.5.4 Network Defense Administrator Support – Wk 4 | E47: Weekly | F47: =IF(Weekly!L41="","",Weekly!L41) | G47: =IF(Weekly!L42="","",Weekly!L42) | H47: =IF(Weekly!L43="","",Weekly!L43) | I47: =IF(Weekly!L44="","",Weekly!L44) | J47: =IF(Weekly!L45="","",Weekly!L45) | K47: =IF(AND(H47<>"",J47<>""),"Fully accepted",IF(H47<>"","COR only",IF(J47<>"","J698 only",""))) | L47: =A47-TodayD -> 15 | M47: =IF(K47="Fully accepted","Done",IF(F47="N/A","N/A",IF(F47="Returned","Returned: resubmit",IF(K47="J698 only","Awaiting J698",IF(K47="COR only","Awaiting COR",IF(F47="Submitted","Awaiting COR + J698",IF(A47<TodayD,"OVERDUE",IF(A47-TodayD<=7,"Due within 7 days",""))))))))
A48: =Weekly!L47 -> 46323 | B48: =TEXT(A48,"ddd") -> Wed | C48: 6.5.5-05 | D48: Configuration management summary of changes – 6.5.5 Endpoint Security Solutions (ESS) Support – Wk 4 | E48: Weekly | F48: =IF(Weekly!L48="","",Weekly!L48) | G48: =IF(Weekly!L49="","",Weekly!L49) | H48: =IF(Weekly!L50="","",Weekly!L50) | I48: =IF(Weekly!L51="","",Weekly!L51) | J48: =IF(Weekly!L52="","",Weekly!L52) | K48: =IF(AND(H48<>"",J48<>""),"Fully accepted",IF(H48<>"","COR only",IF(J48<>"","J698 only",""))) | L48: =A48-TodayD -> 15 | M48: =IF(K48="Fully accepted","Done",IF(F48="N/A","N/A",IF(F48="Returned","Returned: resubmit",IF(K48="J698 only","Awaiting J698",IF(K48="COR only","Awaiting COR",IF(F48="Submitted","Awaiting COR + J698",IF(A48<TodayD,"OVERDUE",IF(A48-TodayD<=7,"Due within 7 days",""))))))))
A49: =Weekly!L54 -> 46323 | B49: =TEXT(A49,"ddd") -> Wed | C49: 6.5.5-06 | D49: ESS Baseline Report – 6.5.5 Endpoint Security Solutions (ESS) Support – Wk 4 | E49: Weekly | F49: =IF(Weekly!L55="","",Weekly!L55) | G49: =IF(Weekly!L56="","",Weekly!L56) | H49: =IF(Weekly!L57="","",Weekly!L57) | I49: =IF(Weekly!L58="","",Weekly!L58) | J49: =IF(Weekly!L59="","",Weekly!L59) | K49: =IF(AND(H49<>"",J49<>""),"Fully accepted",IF(H49<>"","COR only",IF(J49<>"","J698 only",""))) | L49: =A49-TodayD -> 15 | M49: =IF(K49="Fully accepted","Done",IF(F49="N/A","N/A",IF(F49="Returned","Returned: resubmit",IF(K49="J698 only","Awaiting J698",IF(K49="COR only","Awaiting COR",IF(F49="Submitted","Awaiting COR + J698",IF(A49<TodayD,"OVERDUE",IF(A49-TodayD<=7,"Due within 7 days",""))))))))
A50: =Weekly!M5 -> 46325 | B50: =TEXT(A50,"ddd") -> Fri | C50: 6.3.4-08 | D50: Active Directory Management – 6.3.4 Senior Windows System Administration Support – Wk 5 | E50: Weekly | F50: =IF(Weekly!M6="","",Weekly!M6) | G50: =IF(Weekly!M7="","",Weekly!M7) | H50: =IF(Weekly!M8="","",Weekly!M8) | I50: =IF(Weekly!M9="","",Weekly!M9) | J50: =IF(Weekly!M10="","",Weekly!M10) | K50: =IF(AND(H50<>"",J50<>""),"Fully accepted",IF(H50<>"","COR only",IF(J50<>"","J698 only",""))) | L50: =A50-TodayD -> 17 | M50: =IF(K50="Fully accepted","Done",IF(F50="N/A","N/A",IF(F50="Returned","Returned: resubmit",IF(K50="J698 only","Awaiting J698",IF(K50="COR only","Awaiting COR",IF(F50="Submitted","Awaiting COR + J698",IF(A50<TodayD,"OVERDUE",IF(A50-TodayD<=7,"Due within 7 days",""))))))))
A51: =Weekly!M12 -> 46325 | B51: =TEXT(A51,"ddd") -> Fri | C51: 6.3.5-08 | D51: Active Directory Management – 6.3.5 Windows System Administration Support – Wk 5 | E51: Weekly | F51: =IF(Weekly!M13="","",Weekly!M13) | G51: =IF(Weekly!M14="","",Weekly!M14) | H51: =IF(Weekly!M15="","",Weekly!M15) | I51: =IF(Weekly!M16="","",Weekly!M16) | J51: =IF(Weekly!M17="","",Weekly!M17) | K51: =IF(AND(H51<>"",J51<>""),"Fully accepted",IF(H51<>"","COR only",IF(J51<>"","J698 only",""))) | L51: =A51-TodayD -> 17 | M51: =IF(K51="Fully accepted","Done",IF(F51="N/A","N/A",IF(F51="Returned","Returned: resubmit",IF(K51="J698 only","Awaiting J698",IF(K51="COR only","Awaiting COR",IF(F51="Submitted","Awaiting COR + J698",IF(A51<TodayD,"OVERDUE",IF(A51-TodayD<=7,"Due within 7 days",""))))))))
A52: =Weekly!M19 -> 46325 | B52: =TEXT(A52,"ddd") -> Fri | C52: 6.5.2-01 | D52: Compliance Tracking & Reporting – 6.5.2 Cybersecurity Compliance Support – Wk 5 | E52: Weekly | F52: =IF(Weekly!M20="","",Weekly!M20) | G52: =IF(Weekly!M21="","",Weekly!M21) | H52: =IF(Weekly!M22="","",Weekly!M22) | I52: =IF(Weekly!M23="","",Weekly!M23) | J52: =IF(Weekly!M24="","",Weekly!M24) | K52: =IF(AND(H52<>"",J52<>""),"Fully accepted",IF(H52<>"","COR only",IF(J52<>"","J698 only",""))) | L52: =A52-TodayD -> 17 | M52: =IF(K52="Fully accepted","Done",IF(F52="N/A","N/A",IF(F52="Returned","Returned: resubmit",IF(K52="J698 only","Awaiting J698",IF(K52="COR only","Awaiting COR",IF(F52="Submitted","Awaiting COR + J698",IF(A52<TodayD,"OVERDUE",IF(A52-TodayD<=7,"Due within 7 days",""))))))))
A53: =Weekly!M26 -> 46325 | B53: =TEXT(A53,"ddd") -> Fri | C53: 6.5.2-02 | D53: Risk Analysis – 6.5.2 Cybersecurity Compliance Support – Wk 5 | E53: Weekly | F53: =IF(Weekly!M27="","",Weekly!M27) | G53: =IF(Weekly!M28="","",Weekly!M28) | H53: =IF(Weekly!M29="","",Weekly!M29) | I53: =IF(Weekly!M30="","",Weekly!M30) | J53: =IF(Weekly!M31="","",Weekly!M31) | K53: =IF(AND(H53<>"",J53<>""),"Fully accepted",IF(H53<>"","COR only",IF(J53<>"","J698 only",""))) | L53: =A53-TodayD -> 17 | M53: =IF(K53="Fully accepted","Done",IF(F53="N/A","N/A",IF(F53="Returned","Returned: resubmit",IF(K53="J698 only","Awaiting J698",IF(K53="COR only","Awaiting COR",IF(F53="Submitted","Awaiting COR + J698",IF(A53<TodayD,"OVERDUE",IF(A53-TodayD<=7,"Due within 7 days",""))))))))
A54: =Weekly!M33 -> 46330 | B54: =TEXT(A54,"ddd") -> Wed | C54: 6.5.4-04 | D54: Configuration Management Summary of Changes – 6.5.4 Network Defense Administrator Support – Wk 5 | E54: Weekly | F54: =IF(Weekly!M34="","",Weekly!M34) | G54: =IF(Weekly!M35="","",Weekly!M35) | H54: =IF(Weekly!M36="","",Weekly!M36) | I54: =IF(Weekly!M37="","",Weekly!M37) | J54: =IF(Weekly!M38="","",Weekly!M38) | K54: =IF(AND(H54<>"",J54<>""),"Fully accepted",IF(H54<>"","COR only",IF(J54<>"","J698 only",""))) | L54: =A54-TodayD -> 22 | M54: =IF(K54="Fully accepted","Done",IF(F54="N/A","N/A",IF(F54="Returned","Returned: resubmit",IF(K54="J698 only","Awaiting J698",IF(K54="COR only","Awaiting COR",IF(F54="Submitted","Awaiting COR + J698",IF(A54<TodayD,"OVERDUE",IF(A54-TodayD<=7,"Due within 7 days",""))))))))
A55: =Weekly!M40 -> 46330 | B55: =TEXT(A55,"ddd") -> Wed | C55: 6.5.4-05 | D55: Cyber Threat Summaries – 6.5.4 Network Defense Administrator Support – Wk 5 | E55: Weekly | F55: =IF(Weekly!M41="","",Weekly!M41) | G55: =IF(Weekly!M42="","",Weekly!M42) | H55: =IF(Weekly!M43="","",Weekly!M43) | I55: =IF(Weekly!M44="","",Weekly!M44) | J55: =IF(Weekly!M45="","",Weekly!M45) | K55: =IF(AND(H55<>"",J55<>""),"Fully accepted",IF(H55<>"","COR only",IF(J55<>"","J698 only",""))) | L55: =A55-TodayD -> 22 | M55: =IF(K55="Fully accepted","Done",IF(F55="N/A","N/A",IF(F55="Returned","Returned: resubmit",IF(K55="J698 only","Awaiting J698",IF(K55="COR only","Awaiting COR",IF(F55="Submitted","Awaiting COR + J698",IF(A55<TodayD,"OVERDUE",IF(A55-TodayD<=7,"Due within 7 days",""))))))))
A56: =Weekly!M47 -> 46330 | B56: =TEXT(A56,"ddd") -> Wed | C56: 6.5.5-05 | D56: Configuration management summary of changes – 6.5.5 Endpoint Security Solutions (ESS) Support – Wk 5 | E56: Weekly | F56: =IF(Weekly!M48="","",Weekly!M48) | G56: =IF(Weekly!M49="","",Weekly!M49) | H56: =IF(Weekly!M50="","",Weekly!M50) | I56: =IF(Weekly!M51="","",Weekly!M51) | J56: =IF(Weekly!M52="","",Weekly!M52) | K56: =IF(AND(H56<>"",J56<>""),"Fully accepted",IF(H56<>"","COR only",IF(J56<>"","J698 only",""))) | L56: =A56-TodayD -> 22 | M56: =IF(K56="Fully accepted","Done",IF(F56="N/A","N/A",IF(F56="Returned","Returned: resubmit",IF(K56="J698 only","Awaiting J698",IF(K56="COR only","Awaiting COR",IF(F56="Submitted","Awaiting COR + J698",IF(A56<TodayD,"OVERDUE",IF(A56-TodayD<=7,"Due within 7 days",""))))))))
A57: =Weekly!M54 -> 46330 | B57: =TEXT(A57,"ddd") -> Wed | C57: 6.5.5-06 | D57: ESS Baseline Report – 6.5.5 Endpoint Security Solutions (ESS) Support – Wk 5 | E57: Weekly | F57: =IF(Weekly!M55="","",Weekly!M55) | G57: =IF(Weekly!M56="","",Weekly!M56) | H57: =IF(Weekly!M57="","",Weekly!M57) | I57: =IF(Weekly!M58="","",Weekly!M58) | J57: =IF(Weekly!M59="","",Weekly!M59) | K57: =IF(AND(H57<>"",J57<>""),"Fully accepted",IF(H57<>"","COR only",IF(J57<>"","J698 only",""))) | L57: =A57-TodayD -> 22 | M57: =IF(K57="Fully accepted","Done",IF(F57="N/A","N/A",IF(F57="Returned","Returned: resubmit",IF(K57="J698 only","Awaiting J698",IF(K57="COR only","Awaiting COR",IF(F57="Submitted","Awaiting COR + J698",IF(A57<TodayD,"OVERDUE",IF(A57-TodayD<=7,"Due within 7 days",""))))))))
A58: =Monthly!I5 -> 46332 | B58: =TEXT(A58,"ddd") -> Fri | C58: 6.1.1-03 | D58: MSR – 6.1.1 Enterprise Architecture Support – Oct 2026 | E58: Monthly | F58: =IF(Monthly!I6="","",Monthly!I6) | G58: =IF(Monthly!I7="","",Monthly!I7) | H58: =IF(Monthly!I8="","",Monthly!I8) | I58: =IF(Monthly!I9="","",Monthly!I9) | J58: =IF(Monthly!I10="","",Monthly!I10) | K58: =IF(AND(H58<>"",J58<>""),"Fully accepted",IF(H58<>"","COR only",IF(J58<>"","J698 only",""))) | L58: =A58-TodayD -> 24 | M58: =IF(K58="Fully accepted","Done",IF(F58="N/A","N/A",IF(F58="Returned","Returned: resubmit",IF(K58="J698 only","Awaiting J698",IF(K58="COR only","Awaiting COR",IF(F58="Submitted","Awaiting COR + J698",IF(A58<TodayD,"OVERDUE",IF(A58-TodayD<=7,"Due within 7 days",""))))))))
A59: =Monthly!I12 -> 46332 | B59: =TEXT(A59,"ddd") -> Fri | C59: 6.1.3-03 | D59: MSR – 6.1.3 Business Process Analyst Support – Oct 2026 | E59: Monthly | F59: =IF(Monthly!I13="","",Monthly!I13) | G59: =IF(Monthly!I14="","",Monthly!I14) | H59: =IF(Monthly!I15="","",Monthly!I15) | I59: =IF(Monthly!I16="","",Monthly!I16) | J59: =IF(Monthly!I17="","",Monthly!I17) | K59: =IF(AND(H59<>"",J59<>""),"Fully accepted",IF(H59<>"","COR only",IF(J59<>"","J698 only",""))) | L59: =A59-TodayD -> 24 | M59: =IF(K59="Fully accepted","Done",IF(F59="N/A","N/A",IF(F59="Returned","Returned: resubmit",IF(K59="J698 only","Awaiting J698",IF(K59="COR only","Awaiting COR",IF(F59="Submitted","Awaiting COR + J698",IF(A59<TodayD,"OVERDUE",IF(A59-TodayD<=7,"Due within 7 days",""))))))))
A60: =Monthly!I19 -> 46332 | B60: =TEXT(A60,"ddd") -> Fri | C60: 6.2.1-05 | D60: MSR – 6.2.1 Audio Visual Systems Engineering Support – Oct 2026 | E60: Monthly | F60: =IF(Monthly!I20="","",Monthly!I20) | G60: =IF(Monthly!I21="","",Monthly!I21) | H60: =IF(Monthly!I22="","",Monthly!I22) | I60: =IF(Monthly!I23="","",Monthly!I23) | J60: =IF(Monthly!I24="","",Monthly!I24) | K60: =IF(AND(H60<>"",J60<>""),"Fully accepted",IF(H60<>"","COR only",IF(J60<>"","J698 only",""))) | L60: =A60-TodayD -> 24 | M60: =IF(K60="Fully accepted","Done",IF(F60="N/A","N/A",IF(F60="Returned","Returned: resubmit",IF(K60="J698 only","Awaiting J698",IF(K60="COR only","Awaiting COR",IF(F60="Submitted","Awaiting COR + J698",IF(A60<TodayD,"OVERDUE",IF(A60-TodayD<=7,"Due within 7 days",""))))))))
A61: =Monthly!I26 -> 46332 | B61: =TEXT(A61,"ddd") -> Fri | C61: 6.2.2-04 | D61: MSR – 6.2.2 Video Teleconferencing (VTC) Scheduling Support – Oct 2026 | E61: Monthly | F61: =IF(Monthly!I27="","",Monthly!I27) | G61: =IF(Monthly!I28="","",Monthly!I28) | H61: =IF(Monthly!I29="","",Monthly!I29) | I61: =IF(Monthly!I30="","",Monthly!I30) | J61: =IF(Monthly!I31="","",Monthly!I31) | K61: =IF(AND(H61<>"",J61<>""),"Fully accepted",IF(H61<>"","COR only",IF(J61<>"","J698 only",""))) | L61: =A61-TodayD -> 24 | M61: =IF(K61="Fully accepted","Done",IF(F61="N/A","N/A",IF(F61="Returned","Returned: resubmit",IF(K61="J698 only","Awaiting J698",IF(K61="COR only","Awaiting COR",IF(F61="Submitted","Awaiting COR + J698",IF(A61<TodayD,"OVERDUE",IF(A61-TodayD<=7,"Due within 7 days",""))))))))
A62: =Monthly!I33 -> 46332 | B62: =TEXT(A62,"ddd") -> Fri | C62: 6.2.3-02 | D62: MSR – 6.2.3 Video Teleconferencing (VTC) Network Engineering Support – Oct 2026 | E62: Monthly | F62: =IF(Monthly!I34="","",Monthly!I34) | G62: =IF(Monthly!I35="","",Monthly!I35) | H62: =IF(Monthly!I36="","",Monthly!I36) | I62: =IF(Monthly!I37="","",Monthly!I37) | J62: =IF(Monthly!I38="","",Monthly!I38) | K62: =IF(AND(H62<>"",J62<>""),"Fully accepted",IF(H62<>"","COR only",IF(J62<>"","J698 only",""))) | L62: =A62-TodayD -> 24 | M62: =IF(K62="Fully accepted","Done",IF(F62="N/A","N/A",IF(F62="Returned","Returned: resubmit",IF(K62="J698 only","Awaiting J698",IF(K62="COR only","Awaiting COR",IF(F62="Submitted","Awaiting COR + J698",IF(A62<TodayD,"OVERDUE",IF(A62-TodayD<=7,"Due within 7 days",""))))))))
A63: =Monthly!I40 -> 46332 | B63: =TEXT(A63,"ddd") -> Fri | C63: 6.2.4-04 | D63: STIG Implementation & Reporting – 6.2.4 Senior Cisco Networking Engineering Support – Oct 2026 | E63: Monthly | F63: =IF(Monthly!I41="","",Monthly!I41) | G63: =IF(Monthly!I42="","",Monthly!I42) | H63: =IF(Monthly!I43="","",Monthly!I43) | I63: =IF(Monthly!I44="","",Monthly!I44) | J63: =IF(Monthly!I45="","",Monthly!I45) | K63: =IF(AND(H63<>"",J63<>""),"Fully accepted",IF(H63<>"","COR only",IF(J63<>"","J698 only",""))) | L63: =A63-TodayD -> 24 | M63: =IF(K63="Fully accepted","Done",IF(F63="N/A","N/A",IF(F63="Returned","Returned: resubmit",IF(K63="J698 only","Awaiting J698",IF(K63="COR only","Awaiting COR",IF(F63="Submitted","Awaiting COR + J698",IF(A63<TodayD,"OVERDUE",IF(A63-TodayD<=7,"Due within 7 days",""))))))))
A64: =Monthly!I47 -> 46332 | B64: =TEXT(A64,"ddd") -> Fri | C64: 6.2.4-09 | D64: MSR – 6.2.4 Senior Cisco Networking Engineering Support – Oct 2026 | E64: Monthly | F64: =IF(Monthly!I48="","",Monthly!I48) | G64: =IF(Monthly!I49="","",Monthly!I49) | H64: =IF(Monthly!I50="","",Monthly!I50) | I64: =IF(Monthly!I51="","",Monthly!I51) | J64: =IF(Monthly!I52="","",Monthly!I52) | K64: =IF(AND(H64<>"",J64<>""),"Fully accepted",IF(H64<>"","COR only",IF(J64<>"","J698 only",""))) | L64: =A64-TodayD -> 24 | M64: =IF(K64="Fully accepted","Done",IF(F64="N/A","N/A",IF(F64="Returned","Returned: resubmit",IF(K64="J698 only","Awaiting J698",IF(K64="COR only","Awaiting COR",IF(F64="Submitted","Awaiting COR + J698",IF(A64<TodayD,"OVERDUE",IF(A64-TodayD<=7,"Due within 7 days",""))))))))
A65: =Monthly!I54 -> 46332 | B65: =TEXT(A65,"ddd") -> Fri | C65: 6.2.5-04 | D65: STIG Implementation & Reporting – 6.2.5 Cisco Network Engineering Support – Oct 2026 | E65: Monthly | F65: =IF(Monthly!I55="","",Monthly!I55) | G65: =IF(Monthly!I56="","",Monthly!I56) | H65: =IF(Monthly!I57="","",Monthly!I57) | I65: =IF(Monthly!I58="","",Monthly!I58) | J65: =IF(Monthly!I59="","",Monthly!I59) | K65: =IF(AND(H65<>"",J65<>""),"Fully accepted",IF(H65<>"","COR only",IF(J65<>"","J698 only",""))) | L65: =A65-TodayD -> 24 | M65: =IF(K65="Fully accepted","Done",IF(F65="N/A","N/A",IF(F65="Returned","Returned: resubmit",IF(K65="J698 only","Awaiting J698",IF(K65="COR only","Awaiting COR",IF(F65="Submitted","Awaiting COR + J698",IF(A65<TodayD,"OVERDUE",IF(A65-TodayD<=7,"Due within 7 days",""))))))))
A66: =Monthly!I61 -> 46332 | B66: =TEXT(A66,"ddd") -> Fri | C66: 6.2.5-09 | D66: MSR – 6.2.5 Cisco Network Engineering Support – Oct 2026 | E66: Monthly | F66: =IF(Monthly!I62="","",Monthly!I62) | G66: =IF(Monthly!I63="","",Monthly!I63) | H66: =IF(Monthly!I64="","",Monthly!I64) | I66: =IF(Monthly!I65="","",Monthly!I65) | J66: =IF(Monthly!I66="","",Monthly!I66) | K66: =IF(AND(H66<>"",J66<>""),"Fully accepted",IF(H66<>"","COR only",IF(J66<>"","J698 only",""))) | L66: =A66-TodayD -> 24 | M66: =IF(K66="Fully accepted","Done",IF(F66="N/A","N/A",IF(F66="Returned","Returned: resubmit",IF(K66="J698 only","Awaiting J698",IF(K66="COR only","Awaiting COR",IF(F66="Submitted","Awaiting COR + J698",IF(A66<TodayD,"OVERDUE",IF(A66-TodayD<=7,"Due within 7 days",""))))))))
A67: =Monthly!I68 -> 46332 | B67: =TEXT(A67,"ddd") -> Fri | C67: 6.3.1-09 | D67: MSR – 6.3.1 Linux System Administration Support – Oct 2026 | E67: Monthly | F67: =IF(Monthly!I69="","",Monthly!I69) | G67: =IF(Monthly!I70="","",Monthly!I70) | H67: =IF(Monthly!I71="","",Monthly!I71) | I67: =IF(Monthly!I72="","",Monthly!I72) | J67: =IF(Monthly!I73="","",Monthly!I73) | K67: =IF(AND(H67<>"",J67<>""),"Fully accepted",IF(H67<>"","COR only",IF(J67<>"","J698 only",""))) | L67: =A67-TodayD -> 24 | M67: =IF(K67="Fully accepted","Done",IF(F67="N/A","N/A",IF(F67="Returned","Returned: resubmit",IF(K67="J698 only","Awaiting J698",IF(K67="COR only","Awaiting COR",IF(F67="Submitted","Awaiting COR + J698",IF(A67<TodayD,"OVERDUE",IF(A67-TodayD<=7,"Due within 7 days",""))))))))
A68: =Monthly!I75 -> 46332 | B68: =TEXT(A68,"ddd") -> Fri | C68: 6.3.2-08 | D68: MSR – 6.3.2 Virtual Desktop Infrastructure (VDI) System Administration Support – Oct 2026 | E68: Monthly | F68: =IF(Monthly!I76="","",Monthly!I76) | G68: =IF(Monthly!I77="","",Monthly!I77) | H68: =IF(Monthly!I78="","",Monthly!I78) | I68: =IF(Monthly!I79="","",Monthly!I79) | J68: =IF(Monthly!I80="","",Monthly!I80) | K68: =IF(AND(H68<>"",J68<>""),"Fully accepted",IF(H68<>"","COR only",IF(J68<>"","J698 only",""))) | L68: =A68-TodayD -> 24 | M68: =IF(K68="Fully accepted","Done",IF(F68="N/A","N/A",IF(F68="Returned","Returned: resubmit",IF(K68="J698 only","Awaiting J698",IF(K68="COR only","Awaiting COR",IF(F68="Submitted","Awaiting COR + J698",IF(A68<TodayD,"OVERDUE",IF(A68-TodayD<=7,"Due within 7 days",""))))))))
A69: =Monthly!I82 -> 46332 | B69: =TEXT(A69,"ddd") -> Fri | C69: 6.3.3-10 | D69: MSR – 6.3.3 Virtual Infrastructure (VI) System Administration Support – Oct 2026 | E69: Monthly | F69: =IF(Monthly!I83="","",Monthly!I83) | G69: =IF(Monthly!I84="","",Monthly!I84) | H69: =IF(Monthly!I85="","",Monthly!I85) | I69: =IF(Monthly!I86="","",Monthly!I86) | J69: =IF(Monthly!I87="","",Monthly!I87) | K69: =IF(AND(H69<>"",J69<>""),"Fully accepted",IF(H69<>"","COR only",IF(J69<>"","J698 only",""))) | L69: =A69-TodayD -> 24 | M69: =IF(K69="Fully accepted","Done",IF(F69="N/A","N/A",IF(F69="Returned","Returned: resubmit",IF(K69="J698 only","Awaiting J698",IF(K69="COR only","Awaiting COR",IF(F69="Submitted","Awaiting COR + J698",IF(A69<TodayD,"OVERDUE",IF(A69-TodayD<=7,"Due within 7 days",""))))))))
A70: =Weekly!N5 -> 46332 | B70: =TEXT(A70,"ddd") -> Fri | C70: 6.3.4-08 | D70: Active Directory Management – 6.3.4 Senior Windows System Administration Support – Wk 6 | E70: Weekly | F70: =IF(Weekly!N6="","",Weekly!N6) | G70: =IF(Weekly!N7="","",Weekly!N7) | H70: =IF(Weekly!N8="","",Weekly!N8) | I70: =IF(Weekly!N9="","",Weekly!N9) | J70: =IF(Weekly!N10="","",Weekly!N10) | K70: =IF(AND(H70<>"",J70<>""),"Fully accepted",IF(H70<>"","COR only",IF(J70<>"","J698 only",""))) | L70: =A70-TodayD -> 24 | M70: =IF(K70="Fully accepted","Done",IF(F70="N/A","N/A",IF(F70="Returned","Returned: resubmit",IF(K70="J698 only","Awaiting J698",IF(K70="COR only","Awaiting COR",IF(F70="Submitted","Awaiting COR + J698",IF(A70<TodayD,"OVERDUE",IF(A70-TodayD<=7,"Due within 7 days",""))))))))
A71: =Monthly!I89 -> 46332 | B71: =TEXT(A71,"ddd") -> Fri | C71: 6.3.4-11 | D71: MSR – 6.3.4 Senior Windows System Administration Support – Oct 2026 | E71: Monthly | F71: =IF(Monthly!I90="","",Monthly!I90) | G71: =IF(Monthly!I91="","",Monthly!I91) | H71: =IF(Monthly!I92="","",Monthly!I92) | I71: =IF(Monthly!I93="","",Monthly!I93) | J71: =IF(Monthly!I94="","",Monthly!I94) | K71: =IF(AND(H71<>"",J71<>""),"Fully accepted",IF(H71<>"","COR only",IF(J71<>"","J698 only",""))) | L71: =A71-TodayD -> 24 | M71: =IF(K71="Fully accepted","Done",IF(F71="N/A","N/A",IF(F71="Returned","Returned: resubmit",IF(K71="J698 only","Awaiting J698",IF(K71="COR only","Awaiting COR",IF(F71="Submitted","Awaiting COR + J698",IF(A71<TodayD,"OVERDUE",IF(A71-TodayD<=7,"Due within 7 days",""))))))))
A72: =Weekly!N12 -> 46332 | B72: =TEXT(A72,"ddd") -> Fri | C72: 6.3.5-08 | D72: Active Directory Management – 6.3.5 Windows System Administration Support – Wk 6 | E72: Weekly | F72: =IF(Weekly!N13="","",Weekly!N13) | G72: =IF(Weekly!N14="","",Weekly!N14) | H72: =IF(Weekly!N15="","",Weekly!N15) | I72: =IF(Weekly!N16="","",Weekly!N16) | J72: =IF(Weekly!N17="","",Weekly!N17) | K72: =IF(AND(H72<>"",J72<>""),"Fully accepted",IF(H72<>"","COR only",IF(J72<>"","J698 only",""))) | L72: =A72-TodayD -> 24 | M72: =IF(K72="Fully accepted","Done",IF(F72="N/A","N/A",IF(F72="Returned","Returned: resubmit",IF(K72="J698 only","Awaiting J698",IF(K72="COR only","Awaiting COR",IF(F72="Submitted","Awaiting COR + J698",IF(A72<TodayD,"OVERDUE",IF(A72-TodayD<=7,"Due within 7 days",""))))))))
A73: =Monthly!I96 -> 46332 | B73: =TEXT(A73,"ddd") -> Fri | C73: 6.3.5-11 | D73: MSR – 6.3.5 Windows System Administration Support – Oct 2026 | E73: Monthly | F73: =IF(Monthly!I97="","",Monthly!I97) | G73: =IF(Monthly!I98="","",Monthly!I98) | H73: =IF(Monthly!I99="","",Monthly!I99) | I73: =IF(Monthly!I100="","",Monthly!I100) | J73: =IF(Monthly!I101="","",Monthly!I101) | K73: =IF(AND(H73<>"",J73<>""),"Fully accepted",IF(H73<>"","COR only",IF(J73<>"","J698 only",""))) | L73: =A73-TodayD -> 24 | M73: =IF(K73="Fully accepted","Done",IF(F73="N/A","N/A",IF(F73="Returned","Returned: resubmit",IF(K73="J698 only","Awaiting J698",IF(K73="COR only","Awaiting COR",IF(F73="Submitted","Awaiting COR + J698",IF(A73<TodayD,"OVERDUE",IF(A73-TodayD<=7,"Due within 7 days",""))))))))
A74: =Monthly!I103 -> 46332 | B74: =TEXT(A74,"ddd") -> Fri | C74: 6.3.6-11 | D74: MSR – 6.3.6 Global Command & Control System (GCCS) System Administration Support – Oct 2026 | E74: Monthly | F74: =IF(Monthly!I104="","",Monthly!I104) | G74: =IF(Monthly!I105="","",Monthly!I105) | H74: =IF(Monthly!I106="","",Monthly!I106) | I74: =IF(Monthly!I107="","",Monthly!I107) | J74: =IF(Monthly!I108="","",Monthly!I108) | K74: =IF(AND(H74<>"",J74<>""),"Fully accepted",IF(H74<>"","COR only",IF(J74<>"","J698 only",""))) | L74: =A74-TodayD -> 24 | M74: =IF(K74="Fully accepted","Done",IF(F74="N/A","N/A",IF(F74="Returned","Returned: resubmit",IF(K74="J698 only","Awaiting J698",IF(K74="COR only","Awaiting COR",IF(F74="Submitted","Awaiting COR + J698",IF(A74<TodayD,"OVERDUE",IF(A74-TodayD<=7,"Due within 7 days",""))))))))
A75: =Monthly!I110 -> 46332 | B75: =TEXT(A75,"ddd") -> Fri | C75: 6.3.7-18 | D75: MSR – 6.3.7 SCCM/MECH Administration Support – Oct 2026 | E75: Monthly | F75: =IF(Monthly!I111="","",Monthly!I111) | G75: =IF(Monthly!I112="","",Monthly!I112) | H75: =IF(Monthly!I113="","",Monthly!I113) | I75: =IF(Monthly!I114="","",Monthly!I114) | J75: =IF(Monthly!I115="","",Monthly!I115) | K75: =IF(AND(H75<>"",J75<>""),"Fully accepted",IF(H75<>"","COR only",IF(J75<>"","J698 only",""))) | L75: =A75-TodayD -> 24 | M75: =IF(K75="Fully accepted","Done",IF(F75="N/A","N/A",IF(F75="Returned","Returned: resubmit",IF(K75="J698 only","Awaiting J698",IF(K75="COR only","Awaiting COR",IF(F75="Submitted","Awaiting COR + J698",IF(A75<TodayD,"OVERDUE",IF(A75-TodayD<=7,"Due within 7 days",""))))))))
A76: =Monthly!I117 -> 46332 | B76: =TEXT(A76,"ddd") -> Fri | C76: 6.4.1-09 | D76: MSR – 6.4.1 Senior Web Application Development Support – Oct 2026 | E76: Monthly | F76: =IF(Monthly!I118="","",Monthly!I118) | G76: =IF(Monthly!I119="","",Monthly!I119) | H76: =IF(Monthly!I120="","",Monthly!I120) | I76: =IF(Monthly!I121="","",Monthly!I121) | J76: =IF(Monthly!I122="","",Monthly!I122) | K76: =IF(AND(H76<>"",J76<>""),"Fully accepted",IF(H76<>"","COR only",IF(J76<>"","J698 only",""))) | L76: =A76-TodayD -> 24 | M76: =IF(K76="Fully accepted","Done",IF(F76="N/A","N/A",IF(F76="Returned","Returned: resubmit",IF(K76="J698 only","Awaiting J698",IF(K76="COR only","Awaiting COR",IF(F76="Submitted","Awaiting COR + J698",IF(A76<TodayD,"OVERDUE",IF(A76-TodayD<=7,"Due within 7 days",""))))))))
A77: =Monthly!I124 -> 46332 | B77: =TEXT(A77,"ddd") -> Fri | C77: 6.4.2-07 | D77: MSR – 6.4.2 Web Application Development Support – Oct 2026 | E77: Monthly | F77: =IF(Monthly!I125="","",Monthly!I125) | G77: =IF(Monthly!I126="","",Monthly!I126) | H77: =IF(Monthly!I127="","",Monthly!I127) | I77: =IF(Monthly!I128="","",Monthly!I128) | J77: =IF(Monthly!I129="","",Monthly!I129) | K77: =IF(AND(H77<>"",J77<>""),"Fully accepted",IF(H77<>"","COR only",IF(J77<>"","J698 only",""))) | L77: =A77-TodayD -> 24 | M77: =IF(K77="Fully accepted","Done",IF(F77="N/A","N/A",IF(F77="Returned","Returned: resubmit",IF(K77="J698 only","Awaiting J698",IF(K77="COR only","Awaiting COR",IF(F77="Submitted","Awaiting COR + J698",IF(A77<TodayD,"OVERDUE",IF(A77-TodayD<=7,"Due within 7 days",""))))))))
A78: =Monthly!I131 -> 46332 | B78: =TEXT(A78,"ddd") -> Fri | C78: 6.4.3-06 | D78: MSR – 6.4.3 Senior Web Portal Development Support – Oct 2026 | E78: Monthly | F78: =IF(Monthly!I132="","",Monthly!I132) | G78: =IF(Monthly!I133="","",Monthly!I133) | H78: =IF(Monthly!I134="","",Monthly!I134) | I78: =IF(Monthly!I135="","",Monthly!I135) | J78: =IF(Monthly!I136="","",Monthly!I136) | K78: =IF(AND(H78<>"",J78<>""),"Fully accepted",IF(H78<>"","COR only",IF(J78<>"","J698 only",""))) | L78: =A78-TodayD -> 24 | M78: =IF(K78="Fully accepted","Done",IF(F78="N/A","N/A",IF(F78="Returned","Returned: resubmit",IF(K78="J698 only","Awaiting J698",IF(K78="COR only","Awaiting COR",IF(F78="Submitted","Awaiting COR + J698",IF(A78<TodayD,"OVERDUE",IF(A78-TodayD<=7,"Due within 7 days",""))))))))
A79: =Monthly!I138 -> 46332 | B79: =TEXT(A79,"ddd") -> Fri | C79: 6.4.4-05 | D79: MSR – 6.4.4 Web Portal Development Support – Oct 2026 | E79: Monthly | F79: =IF(Monthly!I139="","",Monthly!I139) | G79: =IF(Monthly!I140="","",Monthly!I140) | H79: =IF(Monthly!I141="","",Monthly!I141) | I79: =IF(Monthly!I142="","",Monthly!I142) | J79: =IF(Monthly!I143="","",Monthly!I143) | K79: =IF(AND(H79<>"",J79<>""),"Fully accepted",IF(H79<>"","COR only",IF(J79<>"","J698 only",""))) | L79: =A79-TodayD -> 24 | M79: =IF(K79="Fully accepted","Done",IF(F79="N/A","N/A",IF(F79="Returned","Returned: resubmit",IF(K79="J698 only","Awaiting J698",IF(K79="COR only","Awaiting COR",IF(F79="Submitted","Awaiting COR + J698",IF(A79<TodayD,"OVERDUE",IF(A79-TodayD<=7,"Due within 7 days",""))))))))
A80: =Monthly!I145 -> 46332 | B80: =TEXT(A80,"ddd") -> Fri | C80: 6.5.1-05 | D80: MSR – 6.5.1 Assessment and Authorization Support – Oct 2026 | E80: Monthly | F80: =IF(Monthly!I146="","",Monthly!I146) | G80: =IF(Monthly!I147="","",Monthly!I147) | H80: =IF(Monthly!I148="","",Monthly!I148) | I80: =IF(Monthly!I149="","",Monthly!I149) | J80: =IF(Monthly!I150="","",Monthly!I150) | K80: =IF(AND(H80<>"",J80<>""),"Fully accepted",IF(H80<>"","COR only",IF(J80<>"","J698 only",""))) | L80: =A80-TodayD -> 24 | M80: =IF(K80="Fully accepted","Done",IF(F80="N/A","N/A",IF(F80="Returned","Returned: resubmit",IF(K80="J698 only","Awaiting J698",IF(K80="COR only","Awaiting COR",IF(F80="Submitted","Awaiting COR + J698",IF(A80<TodayD,"OVERDUE",IF(A80-TodayD<=7,"Due within 7 days",""))))))))
A81: =Weekly!N19 -> 46332 | B81: =TEXT(A81,"ddd") -> Fri | C81: 6.5.2-01 | D81: Compliance Tracking & Reporting – 6.5.2 Cybersecurity Compliance Support – Wk 6 | E81: Weekly | F81: =IF(Weekly!N20="","",Weekly!N20) | G81: =IF(Weekly!N21="","",Weekly!N21) | H81: =IF(Weekly!N22="","",Weekly!N22) | I81: =IF(Weekly!N23="","",Weekly!N23) | J81: =IF(Weekly!N24="","",Weekly!N24) | K81: =IF(AND(H81<>"",J81<>""),"Fully accepted",IF(H81<>"","COR only",IF(J81<>"","J698 only",""))) | L81: =A81-TodayD -> 24 | M81: =IF(K81="Fully accepted","Done",IF(F81="N/A","N/A",IF(F81="Returned","Returned: resubmit",IF(K81="J698 only","Awaiting J698",IF(K81="COR only","Awaiting COR",IF(F81="Submitted","Awaiting COR + J698",IF(A81<TodayD,"OVERDUE",IF(A81-TodayD<=7,"Due within 7 days",""))))))))
A82: =Weekly!N26 -> 46332 | B82: =TEXT(A82,"ddd") -> Fri | C82: 6.5.2-02 | D82: Risk Analysis – 6.5.2 Cybersecurity Compliance Support – Wk 6 | E82: Weekly | F82: =IF(Weekly!N27="","",Weekly!N27) | G82: =IF(Weekly!N28="","",Weekly!N28) | H82: =IF(Weekly!N29="","",Weekly!N29) | I82: =IF(Weekly!N30="","",Weekly!N30) | J82: =IF(Weekly!N31="","",Weekly!N31) | K82: =IF(AND(H82<>"",J82<>""),"Fully accepted",IF(H82<>"","COR only",IF(J82<>"","J698 only",""))) | L82: =A82-TodayD -> 24 | M82: =IF(K82="Fully accepted","Done",IF(F82="N/A","N/A",IF(F82="Returned","Returned: resubmit",IF(K82="J698 only","Awaiting J698",IF(K82="COR only","Awaiting COR",IF(F82="Submitted","Awaiting COR + J698",IF(A82<TodayD,"OVERDUE",IF(A82-TodayD<=7,"Due within 7 days",""))))))))
A83: =Monthly!I159 -> 46332 | B83: =TEXT(A83,"ddd") -> Fri | C83: 6.5.2-08 | D83: MSR – 6.5.2 Cybersecurity Compliance Support – Oct 2026 | E83: Monthly | F83: =IF(Monthly!I160="","",Monthly!I160) | G83: =IF(Monthly!I161="","",Monthly!I161) | H83: =IF(Monthly!I162="","",Monthly!I162) | I83: =IF(Monthly!I163="","",Monthly!I163) | J83: =IF(Monthly!I164="","",Monthly!I164) | K83: =IF(AND(H83<>"",J83<>""),"Fully accepted",IF(H83<>"","COR only",IF(J83<>"","J698 only",""))) | L83: =A83-TodayD -> 24 | M83: =IF(K83="Fully accepted","Done",IF(F83="N/A","N/A",IF(F83="Returned","Returned: resubmit",IF(K83="J698 only","Awaiting J698",IF(K83="COR only","Awaiting COR",IF(F83="Submitted","Awaiting COR + J698",IF(A83<TodayD,"OVERDUE",IF(A83-TodayD<=7,"Due within 7 days",""))))))))
A84: =Monthly!I166 -> 46332 | B84: =TEXT(A84,"ddd") -> Fri | C84: 6.5.3-05 | D84: MSR – 6.5.3 Cybersecurity Governance Support – Oct 2026 | E84: Monthly | F84: =IF(Monthly!I167="","",Monthly!I167) | G84: =IF(Monthly!I168="","",Monthly!I168) | H84: =IF(Monthly!I169="","",Monthly!I169) | I84: =IF(Monthly!I170="","",Monthly!I170) | J84: =IF(Monthly!I171="","",Monthly!I171) | K84: =IF(AND(H84<>"",J84<>""),"Fully accepted",IF(H84<>"","COR only",IF(J84<>"","J698 only",""))) | L84: =A84-TodayD -> 24 | M84: =IF(K84="Fully accepted","Done",IF(F84="N/A","N/A",IF(F84="Returned","Returned: resubmit",IF(K84="J698 only","Awaiting J698",IF(K84="COR only","Awaiting COR",IF(F84="Submitted","Awaiting COR + J698",IF(A84<TodayD,"OVERDUE",IF(A84-TodayD<=7,"Due within 7 days",""))))))))
A85: =Monthly!I173 -> 46332 | B85: =TEXT(A85,"ddd") -> Fri | C85: 6.5.4-09 | D85: MSR – 6.5.4 Network Defense Administrator Support – Oct 2026 | E85: Monthly | F85: =IF(Monthly!I174="","",Monthly!I174) | G85: =IF(Monthly!I175="","",Monthly!I175) | H85: =IF(Monthly!I176="","",Monthly!I176) | I85: =IF(Monthly!I177="","",Monthly!I177) | J85: =IF(Monthly!I178="","",Monthly!I178) | K85: =IF(AND(H85<>"",J85<>""),"Fully accepted",IF(H85<>"","COR only",IF(J85<>"","J698 only",""))) | L85: =A85-TodayD -> 24 | M85: =IF(K85="Fully accepted","Done",IF(F85="N/A","N/A",IF(F85="Returned","Returned: resubmit",IF(K85="J698 only","Awaiting J698",IF(K85="COR only","Awaiting COR",IF(F85="Submitted","Awaiting COR + J698",IF(A85<TodayD,"OVERDUE",IF(A85-TodayD<=7,"Due within 7 days",""))))))))
A86: =Monthly!I180 -> 46332 | B86: =TEXT(A86,"ddd") -> Fri | C86: 6.5.5-10 | D86: MSR – 6.5.5 Endpoint Security Solutions (ESS) Support – Oct 2026 | E86: Monthly | F86: =IF(Monthly!I181="","",Monthly!I181) | G86: =IF(Monthly!I182="","",Monthly!I182) | H86: =IF(Monthly!I183="","",Monthly!I183) | I86: =IF(Monthly!I184="","",Monthly!I184) | J86: =IF(Monthly!I185="","",Monthly!I185) | K86: =IF(AND(H86<>"",J86<>""),"Fully accepted",IF(H86<>"","COR only",IF(J86<>"","J698 only",""))) | L86: =A86-TodayD -> 24 | M86: =IF(K86="Fully accepted","Done",IF(F86="N/A","N/A",IF(F86="Returned","Returned: resubmit",IF(K86="J698 only","Awaiting J698",IF(K86="COR only","Awaiting COR",IF(F86="Submitted","Awaiting COR + J698",IF(A86<TodayD,"OVERDUE",IF(A86-TodayD<=7,"Due within 7 days",""))))))))
A87: =Monthly!I187 -> 46332 | B87: =TEXT(A87,"ddd") -> Fri | C87: 6.5.6-04 | D87: MSR – 6.5.6 Electronic Key Management Support – Oct 2026 | E87: Monthly | F87: =IF(Monthly!I188="","",Monthly!I188) | G87: =IF(Monthly!I189="","",Monthly!I189) | H87: =IF(Monthly!I190="","",Monthly!I190) | I87: =IF(Monthly!I191="","",Monthly!I191) | J87: =IF(Monthly!I192="","",Monthly!I192) | K87: =IF(AND(H87<>"",J87<>""),"Fully accepted",IF(H87<>"","COR only",IF(J87<>"","J698 only",""))) | L87: =A87-TodayD -> 24 | M87: =IF(K87="Fully accepted","Done",IF(F87="N/A","N/A",IF(F87="Returned","Returned: resubmit",IF(K87="J698 only","Awaiting J698",IF(K87="COR only","Awaiting COR",IF(F87="Submitted","Awaiting COR + J698",IF(A87<TodayD,"OVERDUE",IF(A87-TodayD<=7,"Due within 7 days",""))))))))
A88: =Monthly!I194 -> 46332 | B88: =TEXT(A88,"ddd") -> Fri | C88: 6.5.7-11 | D88: MSR – 6.5.7 Security Information Event Manager (SIEM) Administrator Support – Oct 2026 | E88: Monthly | F88: =IF(Monthly!I195="","",Monthly!I195) | G88: =IF(Monthly!I196="","",Monthly!I196) | H88: =IF(Monthly!I197="","",Monthly!I197) | I88: =IF(Monthly!I198="","",Monthly!I198) | J88: =IF(Monthly!I199="","",Monthly!I199) | K88: =IF(AND(H88<>"",J88<>""),"Fully accepted",IF(H88<>"","COR only",IF(J88<>"","J698 only",""))) | L88: =A88-TodayD -> 24 | M88: =IF(K88="Fully accepted","Done",IF(F88="N/A","N/A",IF(F88="Returned","Returned: resubmit",IF(K88="J698 only","Awaiting J698",IF(K88="COR only","Awaiting COR",IF(F88="Submitted","Awaiting COR + J698",IF(A88<TodayD,"OVERDUE",IF(A88-TodayD<=7,"Due within 7 days",""))))))))
A89: =Monthly!I201 -> 46332 | B89: =TEXT(A89,"ddd") -> Fri | C89: 6.5.8-11 | D89: MSR – 6.5.8 Compliance Administrator Support – Oct 2026 | E89: Monthly | F89: =IF(Monthly!I202="","",Monthly!I202) | G89: =IF(Monthly!I203="","",Monthly!I203) | H89: =IF(Monthly!I204="","",Monthly!I204) | I89: =IF(Monthly!I205="","",Monthly!I205) | J89: =IF(Monthly!I206="","",Monthly!I206) | K89: =IF(AND(H89<>"",J89<>""),"Fully accepted",IF(H89<>"","COR only",IF(J89<>"","J698 only",""))) | L89: =A89-TodayD -> 24 | M89: =IF(K89="Fully accepted","Done",IF(F89="N/A","N/A",IF(F89="Returned","Returned: resubmit",IF(K89="J698 only","Awaiting J698",IF(K89="COR only","Awaiting COR",IF(F89="Submitted","Awaiting COR + J698",IF(A89<TodayD,"OVERDUE",IF(A89-TodayD<=7,"Due within 7 days",""))))))))
A90: =Monthly!I208 -> 46332 | B90: =TEXT(A90,"ddd") -> Fri | C90: 6.6.1-04 | D90: MSR – 6.6.1 Assistant Contract Technical Representative (ACTR) Support – Oct 2026 | E90: Monthly | F90: =IF(Monthly!I209="","",Monthly!I209) | G90: =IF(Monthly!I210="","",Monthly!I210) | H90: =IF(Monthly!I211="","",Monthly!I211) | I90: =IF(Monthly!I212="","",Monthly!I212) | J90: =IF(Monthly!I213="","",Monthly!I213) | K90: =IF(AND(H90<>"",J90<>""),"Fully accepted",IF(H90<>"","COR only",IF(J90<>"","J698 only",""))) | L90: =A90-TodayD -> 24 | M90: =IF(K90="Fully accepted","Done",IF(F90="N/A","N/A",IF(F90="Returned","Returned: resubmit",IF(K90="J698 only","Awaiting J698",IF(K90="COR only","Awaiting COR",IF(F90="Submitted","Awaiting COR + J698",IF(A90<TodayD,"OVERDUE",IF(A90-TodayD<=7,"Due within 7 days",""))))))))
A91: =Monthly!I215 -> 46332 | B91: =TEXT(A91,"ddd") -> Fri | C91: 6.6.2-03 | D91: MSR – 6.6.2 Communications Focal Point (CFP) Support – Oct 2026 | E91: Monthly | F91: =IF(Monthly!I216="","",Monthly!I216) | G91: =IF(Monthly!I217="","",Monthly!I217) | H91: =IF(Monthly!I218="","",Monthly!I218) | I91: =IF(Monthly!I219="","",Monthly!I219) | J91: =IF(Monthly!I220="","",Monthly!I220) | K91: =IF(AND(H91<>"",J91<>""),"Fully accepted",IF(H91<>"","COR only",IF(J91<>"","J698 only",""))) | L91: =A91-TodayD -> 24 | M91: =IF(K91="Fully accepted","Done",IF(F91="N/A","N/A",IF(F91="Returned","Returned: resubmit",IF(K91="J698 only","Awaiting J698",IF(K91="COR only","Awaiting COR",IF(F91="Submitted","Awaiting COR + J698",IF(A91<TodayD,"OVERDUE",IF(A91-TodayD<=7,"Due within 7 days",""))))))))
A92: =Weekly!N33 -> 46337 | B92: =TEXT(A92,"ddd") -> Wed | C92: 6.5.4-04 | D92: Configuration Management Summary of Changes – 6.5.4 Network Defense Administrator Support – Wk 6 | E92: Weekly | F92: =IF(Weekly!N34="","",Weekly!N34) | G92: =IF(Weekly!N35="","",Weekly!N35) | H92: =IF(Weekly!N36="","",Weekly!N36) | I92: =IF(Weekly!N37="","",Weekly!N37) | J92: =IF(Weekly!N38="","",Weekly!N38) | K92: =IF(AND(H92<>"",J92<>""),"Fully accepted",IF(H92<>"","COR only",IF(J92<>"","J698 only",""))) | L92: =A92-TodayD -> 29 | M92: =IF(K92="Fully accepted","Done",IF(F92="N/A","N/A",IF(F92="Returned","Returned: resubmit",IF(K92="J698 only","Awaiting J698",IF(K92="COR only","Awaiting COR",IF(F92="Submitted","Awaiting COR + J698",IF(A92<TodayD,"OVERDUE",IF(A92-TodayD<=7,"Due within 7 days",""))))))))
A93: =Weekly!N40 -> 46337 | B93: =TEXT(A93,"ddd") -> Wed | C93: 6.5.4-05 | D93: Cyber Threat Summaries – 6.5.4 Network Defense Administrator Support – Wk 6 | E93: Weekly | F93: =IF(Weekly!N41="","",Weekly!N41) | G93: =IF(Weekly!N42="","",Weekly!N42) | H93: =IF(Weekly!N43="","",Weekly!N43) | I93: =IF(Weekly!N44="","",Weekly!N44) | J93: =IF(Weekly!N45="","",Weekly!N45) | K93: =IF(AND(H93<>"",J93<>""),"Fully accepted",IF(H93<>"","COR only",IF(J93<>"","J698 only",""))) | L93: =A93-TodayD -> 29 | M93: =IF(K93="Fully accepted","Done",IF(F93="N/A","N/A",IF(F93="Returned","Returned: resubmit",IF(K93="J698 only","Awaiting J698",IF(K93="COR only","Awaiting COR",IF(F93="Submitted","Awaiting COR + J698",IF(A93<TodayD,"OVERDUE",IF(A93-TodayD<=7,"Due within 7 days",""))))))))
A94: =Weekly!N47 -> 46337 | B94: =TEXT(A94,"ddd") -> Wed | C94: 6.5.5-05 | D94: Configuration management summary of changes – 6.5.5 Endpoint Security Solutions (ESS) Support – Wk 6 | E94: Weekly | F94: =IF(Weekly!N48="","",Weekly!N48) | G94: =IF(Weekly!N49="","",Weekly!N49) | H94: =IF(Weekly!N50="","",Weekly!N50) | I94: =IF(Weekly!N51="","",Weekly!N51) | J94: =IF(Weekly!N52="","",Weekly!N52) | K94: =IF(AND(H94<>"",J94<>""),"Fully accepted",IF(H94<>"","COR only",IF(J94<>"","J698 only",""))) | L94: =A94-TodayD -> 29 | M94: =IF(K94="Fully accepted","Done",IF(F94="N/A","N/A",IF(F94="Returned","Returned: resubmit",IF(K94="J698 only","Awaiting J698",IF(K94="COR only","Awaiting COR",IF(F94="Submitted","Awaiting COR + J698",IF(A94<TodayD,"OVERDUE",IF(A94-TodayD<=7,"Due within 7 days",""))))))))
A95: =Weekly!N54 -> 46337 | B95: =TEXT(A95,"ddd") -> Wed | C95: 6.5.5-06 | D95: ESS Baseline Report – 6.5.5 Endpoint Security Solutions (ESS) Support – Wk 6 | E95: Weekly | F95: =IF(Weekly!N55="","",Weekly!N55) | G95: =IF(Weekly!N56="","",Weekly!N56) | H95: =IF(Weekly!N57="","",Weekly!N57) | I95: =IF(Weekly!N58="","",Weekly!N58) | J95: =IF(Weekly!N59="","",Weekly!N59) | K95: =IF(AND(H95<>"",J95<>""),"Fully accepted",IF(H95<>"","COR only",IF(J95<>"","J698 only",""))) | L95: =A95-TodayD -> 29 | M95: =IF(K95="Fully accepted","Done",IF(F95="N/A","N/A",IF(F95="Returned","Returned: resubmit",IF(K95="J698 only","Awaiting J698",IF(K95="COR only","Awaiting COR",IF(F95="Submitted","Awaiting COR + J698",IF(A95<TodayD,"OVERDUE",IF(A95-TodayD<=7,"Due within 7 days",""))))))))
A96: =Weekly!O5 -> 46339 | B96: =TEXT(A96,"ddd") -> Fri | C96: 6.3.4-08 | D96: Active Directory Management – 6.3.4 Senior Windows System Administration Support – Wk 7 | E96: Weekly | F96: =IF(Weekly!O6="","",Weekly!O6) | G96: =IF(Weekly!O7="","",Weekly!O7) | H96: =IF(Weekly!O8="","",Weekly!O8) | I96: =IF(Weekly!O9="","",Weekly!O9) | J96: =IF(Weekly!O10="","",Weekly!O10) | K96: =IF(AND(H96<>"",J96<>""),"Fully accepted",IF(H96<>"","COR only",IF(J96<>"","J698 only",""))) | L96: =A96-TodayD -> 31 | M96: =IF(K96="Fully accepted","Done",IF(F96="N/A","N/A",IF(F96="Returned","Returned: resubmit",IF(K96="J698 only","Awaiting J698",IF(K96="COR only","Awaiting COR",IF(F96="Submitted","Awaiting COR + J698",IF(A96<TodayD,"OVERDUE",IF(A96-TodayD<=7,"Due within 7 days",""))))))))
A97: =Weekly!O12 -> 46339 | B97: =TEXT(A97,"ddd") -> Fri | C97: 6.3.5-08 | D97: Active Directory Management – 6.3.5 Windows System Administration Support – Wk 7 | E97: Weekly | F97: =IF(Weekly!O13="","",Weekly!O13) | G97: =IF(Weekly!O14="","",Weekly!O14) | H97: =IF(Weekly!O15="","",Weekly!O15) | I97: =IF(Weekly!O16="","",Weekly!O16) | J97: =IF(Weekly!O17="","",Weekly!O17) | K97: =IF(AND(H97<>"",J97<>""),"Fully accepted",IF(H97<>"","COR only",IF(J97<>"","J698 only",""))) | L97: =A97-TodayD -> 31 | M97: =IF(K97="Fully accepted","Done",IF(F97="N/A","N/A",IF(F97="Returned","Returned: resubmit",IF(K97="J698 only","Awaiting J698",IF(K97="COR only","Awaiting COR",IF(F97="Submitted","Awaiting COR + J698",IF(A97<TodayD,"OVERDUE",IF(A97-TodayD<=7,"Due within 7 days",""))))))))
A98: =Weekly!O19 -> 46339 | B98: =TEXT(A98,"ddd") -> Fri | C98: 6.5.2-01 | D98: Compliance Tracking & Reporting – 6.5.2 Cybersecurity Compliance Support – Wk 7 | E98: Weekly | F98: =IF(Weekly!O20="","",Weekly!O20) | G98: =IF(Weekly!O21="","",Weekly!O21) | H98: =IF(Weekly!O22="","",Weekly!O22) | I98: =IF(Weekly!O23="","",Weekly!O23) | J98: =IF(Weekly!O24="","",Weekly!O24) | K98: =IF(AND(H98<>"",J98<>""),"Fully accepted",IF(H98<>"","COR only",IF(J98<>"","J698 only",""))) | L98: =A98-TodayD -> 31 | M98: =IF(K98="Fully accepted","Done",IF(F98="N/A","N/A",IF(F98="Returned","Returned: resubmit",IF(K98="J698 only","Awaiting J698",IF(K98="COR only","Awaiting COR",IF(F98="Submitted","Awaiting COR + J698",IF(A98<TodayD,"OVERDUE",IF(A98-TodayD<=7,"Due within 7 days",""))))))))
A99: =Weekly!O26 -> 46339 | B99: =TEXT(A99,"ddd") -> Fri | C99: 6.5.2-02 | D99: Risk Analysis – 6.5.2 Cybersecurity Compliance Support – Wk 7 | E99: Weekly | F99: =IF(Weekly!O27="","",Weekly!O27) | G99: =IF(Weekly!O28="","",Weekly!O28) | H99: =IF(Weekly!O29="","",Weekly!O29) | I99: =IF(Weekly!O30="","",Weekly!O30) | J99: =IF(Weekly!O31="","",Weekly!O31) | K99: =IF(AND(H99<>"",J99<>""),"Fully accepted",IF(H99<>"","COR only",IF(J99<>"","J698 only",""))) | L99: =A99-TodayD -> 31 | M99: =IF(K99="Fully accepted","Done",IF(F99="N/A","N/A",IF(F99="Returned","Returned: resubmit",IF(K99="J698 only","Awaiting J698",IF(K99="COR only","Awaiting COR",IF(F99="Submitted","Awaiting COR + J698",IF(A99<TodayD,"OVERDUE",IF(A99-TodayD<=7,"Due within 7 days",""))))))))
A100: =Weekly!O33 -> 46344 | B100: =TEXT(A100,"ddd") -> Wed | C100: 6.5.4-04 | D100: Configuration Management Summary of Changes – 6.5.4 Network Defense Administrator Support – Wk 7 | E100: Weekly | F100: =IF(Weekly!O34="","",Weekly!O34) | G100: =IF(Weekly!O35="","",Weekly!O35) | H100: =IF(Weekly!O36="","",Weekly!O36) | I100: =IF(Weekly!O37="","",Weekly!O37) | J100: =IF(Weekly!O38="","",Weekly!O38) | K100: =IF(AND(H100<>"",J100<>""),"Fully accepted",IF(H100<>"","COR only",IF(J100<>"","J698 only",""))) | L100: =A100-TodayD -> 36 | M100: =IF(K100="Fully accepted","Done",IF(F100="N/A","N/A",IF(F100="Returned","Returned: resubmit",IF(K100="J698 only","Awaiting J698",IF(K100="COR only","Awaiting COR",IF(F100="Submitted","Awaiting COR + J698",IF(A100<TodayD,"OVERDUE",IF(A100-TodayD<=7,"Due within 7 days",""))))))))
...
