Workbook

Sheet Tracker
A1: Thunderdome ZT Production OTA – Deliverable Tracker
A2: Agreement HC1084-26-9-2023 | Vendor: Booz Allen Hamilton | PWS as of 02 Sep 2026 | Clock start 02 Sep 2026
A3: Government POCs | C3: COR / Primary: Christine Y. Shigeta (christine.y.shigeta.civ@us.navy.mil) | Secondary: Brian Abrigo, AOR (brian.k.abrigo.civ@us.navy.mil) | Second acceptor: J698
A5: At a glance | C5: Overdue | D5: Due within 7 days | E5: Awaiting COR / J698 | F5: Fully accepted | G5: Returned: resubmit | H5: PWS paragraphs with no deliverable
C6: =COUNTIF(Daily!$M$5:$M$129,"OVERDUE") -> 23 | D6: =COUNTIF(Daily!$M$5:$M$129,"Due within 7 days") -> 2 | E6: =COUNTIF(Daily!$M$5:$M$129,"Awaiting*") -> 0 | F6: =COUNTIF(Daily!$M$5:$M$129,"Done") -> 0 | G6: =COUNTIF(Daily!$M$5:$M$129,"Returned: resubmit") -> 0 | H6: =COUNTIF($I$9:$M$78,"None named in PWS") -> 8
AB7: Lists (dropdown sources). Add names below the last entry, then widen the range if needed.
A8: Month | B8: Sub Task Number | C8: Paragraph / Section | D8: Frequency | E8: Category | F8: Primary POC | G8: Secondary POC | H8: Format of Deliverable | I8: Deliverable 1 | J8: Deliverable 2 | K8: Deliverable 3 | L8: Deliverable 4 | M8: Deliverable 5 | N8: Status Flow 1 | O8: Status Flow 2 | P8: Status Flow 3 | Q8: COR Accepted By | R8: COR Date Accepted | S8: J698 Accepted By | T8: J698 Date Accepted | AB8: Category | AC8: Status Flow 1 | AD8: Status Flow 2 | AE8: Status Flow 3 | AF8: Frequency | AG8: Month | AH8: COR Acceptors | AI8: J698 Acceptors
A9: Oct | B9: 6.1 | C9: Zero Trust AI Implementation (1 of 2) | D9: Mixed (see due row) | E9: Engineering | F9: Christine Y. Shigeta | G9: Brian Abrigo | H9: Government format | I9: A001 Implementation Approach and Architecture | J9: A002 ZT Governance Plan | K9: A004 ATO Documentation/ Artifacts | L9: A005 POA&Ms including risk acceptance POA&Ms for vulnerabilities that cannot be mitigated and STIGs that cannot be applied. | M9: A006 STIG/SRG Checklists | N9: Not Received | O9: Not Reviewed | AB9: Program Mgmt | AC9: Received | AD9: Reviewed | AE9: Accepted | AF9: Weekly | AG9: Jan | AH9: Christine Y. Shigeta | AI9: J698
H10: Due / Frequency (per PWS) | I10: Due: IAW IMS Freq: One-Time, update as needed Flag: Due "IAW IMS"; IMS must exist first | J10: Due: IAW IMS Freq: One-Time, update as needed Flag: Due "IAW IMS" | K10: Due: IAW IMS Freq: One-Time, update as needed Flag: Due "IAW IMS" | L10: Due: 30 days post vulnerability identification (if vulnerability cannot be mitigated) Freq: As Needed Flag: Body: CAT I POA&M if no fix in 1 week | M10: Due: Routine Updates Freq: Quarterly Dates: see Quarterly tab | AB10: Engineering | AC10: Not Received | AD10: Not Reviewed | AE10: Returned | AF10: Monthly | AG10: Feb | AH10: Brian Abrigo
A11: Oct | B11: 6.1 | C11: Zero Trust AI Implementation (2 of 2) | D11: Mixed (see due row) | E11: Engineering | F11: Christine Y. Shigeta | G11: Brian Abrigo | H11: Mixed (see deliverables) | I11: A007 ACAS Scans | J11: A016 Briefings Slides | K11: A024 DoDAF Artifacts/Diagrams (e.g., OV, SV) | L11: A025 Engineering Artifacts (e.g., Network/System Diagrams) | M11: A026 Concept of Operations (CONOPS) | N11: Not Received | O11: Not Reviewed | AB11: Operations | AD11: Demonstrated | AE11: Returned, but Fixed | AF11: Quarterly | AG11: Mar
H12: Due / Frequency (per PWS) | I12: Due: As Needed Freq: Weekly Dates: see Weekly tab | J12: Due: As determined by the Government Freq: As required | K12: Due: As determined by the Government Freq: As needed | L12: Due: Within 10 business days after assignment Freq: As needed Flag: Near-duplicate of A032 | M12: Due: 60 days post deployment Freq: Once, updated yearly or with major change | AD12: Not Demonstrated | AF12: One-Time | AG12: Apr
A13: Oct | B13: 6.2.1 | C13: Cybersecurity Engineering / A&A (1 of 3) | D13: Mixed (see due row) | E13: Engineering | F13: Christine Y. Shigeta | G13: Brian Abrigo | H13: Mixed (see deliverables) | I13: A003 eMASS Data Entry | J13: A004 ATO Documentation/ Artifacts | K13: A005 POA&Ms including risk acceptance POA&Ms for vulnerabilities that cannot be mitigated and STIGs that cannot be applied. | L13: A006 STIG/SRG Checklists | M13: A007 ACAS Scans | N13: Not Received | O13: Not Reviewed | AF13: One-Time + Updates | AG13: May
H14: Due / Frequency (per PWS) | I14: Due: IAW IMS Freq: As Needed | J14: Due: IAW IMS Freq: One-Time, update as needed | K14: Due: 30 days post vulnerability identification (if vulnerability cannot be mitigated) Freq: As Needed | L14: Due: Routine Updates Freq: Quarterly Dates: see Quarterly tab | M14: Due: As Needed Freq: Weekly Dates: see Weekly tab | AF14: Per Package | AG14: Jun
A15: Oct | B15: 6.2.1 | C15: Cybersecurity Engineering / A&A (2 of 3) | D15: Mixed (see due row) | E15: Engineering | F15: Christine Y. Shigeta | G15: Brian Abrigo | H15: Mixed (see deliverables) | I15: A008 System Change Requests Form/ Configuration Change Request | J15: A009 eMASS Package | K15: A010 Status updates on Security patches/hot fixes, OPORD, TASK ORDER, FISMA, PPSM, IAVM and STIGs | L15: A011 Incident Response Plan | M15: A012 Security Monitoring Reports | N15: Not Received | O15: Not Reviewed | AF15: As Needed | AG15: Jul
H16: Due / Frequency (per PWS) | I16: Due: As needed Freq: As required | J16: Due: As needed Freq: One-Time per package, update as needed | K16: Due: As needed Freq: As required | L16: Due: IAW IMS Freq: One-Time, update as needed Flag: Due "IAW IMS" | M16: Due: Routine Updates Freq: Quarterly Dates: see Quarterly tab Flag: Same title as A040 | AF16: Mixed (see due row) | AG16: Aug
A17: Oct | B17: 6.2.1 | C17: Cybersecurity Engineering / A&A (3 of 3) | D17: Mixed (see due row) | E17: Engineering | F17: Christine Y. Shigeta | G17: Brian Abrigo | H17: Mixed (see deliverables) | I17: A013 Vulnerability Scan Reports | J17: A014 Compliance Documentation | K17: A015 Security Assessment Report | N17: Not Received | O17: Not Reviewed | AF17: None named | AG17: Sep
H18: Due / Frequency (per PWS) | I18: Due: Routine Updates Freq: Quarterly Dates: see Quarterly tab | J18: Due: 90 Days after award Freq: One per accreditation package Date: Tue 1 Dec 2026 | K18: Due: ICW Accreditation Freq: One per accreditation package | AG18: Oct
A19: Oct | B19: 6.2.2 | C19: Partner Nation Coordination / Country Desk Officer Support | D19: As Needed | E19: Program Mgmt | F19: Christine Y. Shigeta | G19: Brian Abrigo | H19: Vendor format | I19: A016 Briefings Slides | N19: Not Received | O19: Not Reviewed | AG19: Nov
H20: Due / Frequency (per PWS) | I20: Due: As determined by the Government Freq: As required | AG20: Dec
A21: Oct | B21: 6.3.1 | C21: Task Order Mgmt / PMO Support for PMN | D21: Monthly | E21: Program Mgmt | F21: Christine Y. Shigeta | G21: Brian Abrigo | H21: Vendor format | I21: A017 Integrated Master Schedule | N21: Not Received | O21: Not Reviewed
H22: Due / Frequency (per PWS) | I22: Due: As determined by the Government Freq: One per month Dates: see Monthly tab
A23: Oct | B23: 6.3.1.1 | C23: Monthly Progress Report | D23: Monthly | E23: Program Mgmt | F23: Christine Y. Shigeta | G23: Brian Abrigo | H23: Vendor format | I23: A018 Monthly Progress Report (MPR) (including Invoice Data, ODC Data, Travel Data) | N23: Not Received | O23: Not Reviewed
H24: Due / Frequency (per PWS) | I24: Due: As determined by the Government Freq: One per month Dates: see Monthly tab
A25: Oct | B25: 6.3.1.2 | C25: Weekly Activity Report | D25: Weekly | E25: Program Mgmt | F25: Christine Y. Shigeta | G25: Brian Abrigo | H25: Vendor format | I25: A019 Weekly Activity Report (WAR) | N25: Not Received | O25: Not Reviewed
H26: Due / Frequency (per PWS) | I26: Due: Every Friday Freq: Weekly Dates: see Weekly tab
A27: Oct | B27: 6.3.1.3 | C27: Transition Planning | D27: One-Time | E27: Program Mgmt | F27: Christine Y. Shigeta | G27: Brian Abrigo | H27: Vendor format | I27: A041 Transition-In Plan | J27: A042 Transition-Out Plan | K27: A043 Task Order Closeout | N27: Not Received | O27: Not Reviewed
H28: Due / Frequency (per PWS) | I28: Due: Initial Draft at Project Kickoff Meeting Final Draft 5 business days after contract award Freq: One-Time Date: draft Wed 2 Sep, final Wed 9 Sep 2026 Flag: Body: 30 days after kickoff | J28: Due: T-30 Days (30 Days Prior to Contract End) Freq: One-Time Date: Sun 3 Jan 2027 (base year only) or Fri 1 Jun 2029 Flag: Body: 120 days before end; table: T-30 | K28: Due: End of Contract Freq: One-Time Date: Mon 3 May 2027 (base year only) or Sat 29 Sep 2029
A29: Oct | B29: 6.3.1.4 | C29: HW / SW Maintenance Support (Logistics) | D29: Mixed (see due row) | E29: Operations | F29: Christine Y. Shigeta | G29: Brian Abrigo | H29: Vendor format | I29: A019 Weekly Activity Report (WAR) | J29: A044 Logistics Deliverables | N29: Not Received | O29: Not Reviewed
H30: Due / Frequency (per PWS) | I30: Due: Every Friday Freq: Weekly Dates: see Weekly tab | J30: Due: ICW MSR Freq: Updated as needed Flag: ICW MSR = Monthly Status Report; confirm it equals the MPR
A31: Oct | B31: 6.3.1.5 | C31: Communications | D31: None named | E31: Program Mgmt | F31: Christine Y. Shigeta | G31: Brian Abrigo | H31: n/a | I31: None named in PWS
H32: Due / Frequency (per PWS) | I32: PWS requires: Marketing material, engagement strategy. No deliverable ID or due date.
A33: Oct | B33: 6.3.1.6 | C33: Cyber Capacity | D33: None named | E33: Program Mgmt | F33: Christine Y. Shigeta | G33: Brian Abrigo | H33: n/a | I33: None named in PWS
H34: Due / Frequency (per PWS) | I34: PWS requires: Capacity-building objectives and engagements. No deliverable ID or due date.
A35: Oct | B35: 6.3.1.7 | C35: Knowledge Mgmt, Technical Documentation and Meeting Support | D35: Mixed (see due row) | E35: Program Mgmt | F35: Christine Y. Shigeta | G35: Brian Abrigo | H35: Vendor format | I35: A020 Technical Library Documentation Report | J35: A021 Technical Briefing/ Presentation | K35: A022 Knowledge Management Site | N35: Not Received | O35: Not Reviewed
H36: Due / Frequency (per PWS) | I36: Due: ICW MSR Freq: Once per month Dates: see Monthly tab Flag: ICW MSR = Monthly Status Report; confirm it equals the MPR | J36: Due: ICW MSR Freq: One per month Dates: see Monthly tab Flag: ICW MSR = Monthly Status Report; confirm it equals the MPR | K36: Due: ICW MSR Freq: Updated, as needed Flag: ICW MSR = Monthly Status Report; confirm it equals the MPR
A37: Oct | B37: 6.3.2.1 | C37: Analysis of Alternatives | D37: As Needed | E37: Engineering | F37: Christine Y. Shigeta | G37: Brian Abrigo | H37: Vendor format | I37: A016 Briefings Slides | J37: A023 Whitepapers | N37: Not Received | O37: Not Reviewed
H38: Due / Frequency (per PWS) | I38: Due: As determined by the Government Freq: As required | J38: Due: ICW MSR Freq: As needed
A39: Oct | B39: 6.3.2.2 | C39: Network Transformation and Modernization Support | D39: One-Time + Updates | E39: Engineering | F39: Christine Y. Shigeta | G39: Brian Abrigo | H39: Vendor format | I39: A027 Network Modernization Plan | N39: Not Received | O39: Not Reviewed
H40: Due / Frequency (per PWS) | I40: Due: 90 Days after contract award Freq: One-Time, updated yearly or with major change Date: Tue 1 Dec 2026
A41: Oct | B41: 6.3.2.3 | C41: Zero Trust Policy Assessment | D41: Mixed (see due row) | E41: Engineering | F41: Christine Y. Shigeta | G41: Brian Abrigo | H41: Vendor format | I41: A023 Whitepapers | J41: A028 ZT Traceability Matrix | K41: A029 ZT Gap Analysis | L41: A030 Zero Trust Architecture Design Document | N41: Not Received | O41: Not Reviewed
H42: Due / Frequency (per PWS) | I42: Due: ICW MSR Freq: As needed | J42: Due: ICW MSR Freq: One-Time, updated yearly or with major change Flag: ICW MSR = Monthly Status Report; confirm it equals the MPR | K42: Due: As determined by the Government Freq: One-Time, updated yearly or with major change | L42: Due: As determined by the Government Freq: One-Time, updated yearly or with major change
A43: Oct | B43: 6.3.2.4 | C43: Architecture, Design and Engineering | D43: As Needed | E43: Engineering | F43: Christine Y. Shigeta | G43: Brian Abrigo | H43: Mixed (see deliverables) | I43: A016 Briefings Slides | J43: A023 Whitepapers | K43: A024 DoDAF Artifacts/Diagrams (e.g., OV, SV) | L43: A025 Engineering Artifacts (e.g., Network/System Diagrams) | N43: Not Received | O43: Not Reviewed
H44: Due / Frequency (per PWS) | I44: Due: As determined by the Government Freq: As required | J44: Due: ICW MSR Freq: As needed Flag: Table omits this paragraph (6.3.2.4) | K44: Due: As determined by the Government Freq: As needed | L44: Due: Within 10 business days after assignment Freq: As needed
A45: Oct | B45: 6.3.2.5 | C45: AppSS Integration, Implementation and Cutover | D45: Mixed (see due row) | E45: Engineering | F45: Christine Y. Shigeta | G45: Brian Abrigo | H45: Mixed (see deliverables) | I45: A031 Implementation Plan | J45: A032 Engineering Artifacts (e.g., Network/System Diagrams) | K45: A033 ASIs | N45: Not Received | O45: Not Reviewed
H46: Due / Frequency (per PWS) | I46: Due: 30 days before Implementation Freq: As needed | J46: Due: Within 10 business days after assignment Freq: As needed Flag: Near-duplicate of A025 | K46: Due: 10 days upon expected outage unless otherwise noted by the Government (must receive Gov’t approval) Freq: One-Time
A47: Oct | B47: 6.3.2.6 | C47: MPE Enterprise Management Services | D47: None named | E47: Program Mgmt | F47: Christine Y. Shigeta | G47: Brian Abrigo | H47: n/a | I47: None named in PWS
H48: Due / Frequency (per PWS) | I48: PWS requires: SME governance support to MPE / CISO (PWS table cites A034 here; body does not). No deliverable ID or due date.
A49: Oct | B49: 6.3.3.1 | C49: Site Specific Advanced Engineering Services | D49: Mixed (see due row) | E49: Engineering | F49: Christine Y. Shigeta | G49: Brian Abrigo | H49: Mixed (see deliverables) | I49: A016 Briefings Slides | J49: A023 Whitepapers | K49: A024 DoDAF Artifacts/Diagrams (e.g., OV, SV) | L49: A032 Engineering Artifacts (e.g., Network/System Diagrams) | M49: A034 Site Survey Reports | N49: Not Received | O49: Not Reviewed
H50: Due / Frequency (per PWS) | I50: Due: As determined by the Government Freq: As required | J50: Due: ICW MSR Freq: As needed | K50: Due: As determined by the Government Freq: As needed | L50: Due: Within 10 business days after assignment Freq: As needed | M50: Due: IAW IMS Freq: One-Time Flag: Table also cites 6.3.2.6
A51: Oct | B51: 6.3.3.2 | C51: Cutover of Existing Solutions | D51: Mixed (see due row) | E51: Engineering | F51: Christine Y. Shigeta | G51: Brian Abrigo | H51: Mixed (see deliverables) | I51: A031 Implementation Plan | J51: A032 Engineering Artifacts (e.g., Network/System Diagrams) | K51: A033 ASIs | N51: Not Received | O51: Not Reviewed
H52: Due / Frequency (per PWS) | I52: Due: 30 days before Implementation Freq: As needed | J52: Due: Within 10 business days after assignment Freq: As needed | K52: Due: 10 days upon expected outage unless otherwise noted by the Government (must receive Gov’t approval) Freq: One-Time
A53: Oct | B53: 6.3.3.3 | C53: Cutover of New ZT Solutions | D53: Mixed (see due row) | E53: Engineering | F53: Christine Y. Shigeta | G53: Brian Abrigo | H53: Mixed (see deliverables) | I53: A031 Implementation Plan | J53: A032 Engineering Artifacts (e.g., Network/System Diagrams) | K53: A033 ASIs | N53: Not Received | O53: Not Reviewed
H54: Due / Frequency (per PWS) | I54: Due: 30 days before Implementation Freq: As needed | J54: Due: Within 10 business days after assignment Freq: As needed | K54: Due: 10 days upon expected outage unless otherwise noted by the Government (must receive Gov’t approval) Freq: One-Time
A55: Oct | B55: 6.3.3.4 | C55: Operational VDI Deployment and Integration | D55: None named | E55: Engineering | F55: Christine Y. Shigeta | G55: Brian Abrigo | H55: n/a | I55: None named in PWS
H56: Due / Frequency (per PWS) | I56: PWS requires: VDI baseline and templates. No deliverable ID or due date.
A57: Oct | B57: 6.3.3.4.1 | C57: DCS Enabled Mission Applications | D57: None named | E57: Engineering | F57: Christine Y. Shigeta | G57: Brian Abrigo | H57: n/a | I57: None named in PWS
H58: Due / Frequency (per PWS) | I58: PWS requires: Data-aware environment, DCS toolsets. No deliverable ID or due date.
A59: Oct | B59: 6.3.3.5 | C59: Identity and Access Management | D59: None named | E59: Engineering | F59: Christine Y. Shigeta | G59: Brian Abrigo | H59: n/a | I59: None named in PWS
H60: Due / Frequency (per PWS) | I60: PWS requires: MFA, RBAC, AD / CAC integration. No deliverable ID or due date.
A61: Oct | B61: 6.3.3.6 | C61: Secure Enclave Migration | D61: None named | E61: Engineering | F61: Christine Y. Shigeta | G61: Brian Abrigo | H61: n/a | I61: None named in PWS
H62: Due / Frequency (per PWS) | I62: PWS requires: "Comprehensive migration plan" with milestones and rollback. No deliverable ID or due date.
A63: Oct | B63: 6.3.3.7 | C63: Exercise Support | D63: None named | E63: Operations | F63: Christine Y. Shigeta | G63: Brian Abrigo | H63: n/a | I63: None named in PWS
H64: Due / Frequency (per PWS) | I64: PWS requires: Exercise architecture and design documentation. No deliverable ID or due date.
A65: Oct | B65: 6.3.4.1.1 | C65: 8x5 Tier III Engineering | D65: One-Time + Updates | E65: Operations | F65: Christine Y. Shigeta | G65: Brian Abrigo | H65: Government format | I65: A035 ITSM/ Change Tickets | N65: Not Received | O65: Not Reviewed
H66: Due / Frequency (per PWS) | I66: Due: 10 days prior to necessary change Freq: One-Time, updated as needed
A67: Oct | B67: 6.3.4.1.2 | C67: Change Mgmt and Help Desk Support (Optional) | D67: Mixed (see due row) | E67: Operations | F67: Christine Y. Shigeta | G67: Brian Abrigo | H67: Mixed (see deliverables) | I67: A035 ITSM/ Change Tickets | J67: A036 Metrics Report | K67: A037 Help Desk Report | N67: Not Received | O67: Not Reviewed
H68: Due / Frequency (per PWS) | I68: Due: 10 days prior to necessary change Freq: One-Time, updated as needed | J68: Due: 30 Days after Implementation Freq: One-Time | K68: Due: 24 hours upon request Freq: One-Time, updated as needed
A69: Oct | B69: 6.3.4.1.x | C69: 24x7 Tier III Engineering and Help Desk (Optional) | D69: Mixed (see due row) | E69: Operations | F69: Christine Y. Shigeta | G69: Brian Abrigo | H69: Mixed (see deliverables) | I69: A035 ITSM/ Change Tickets | J69: A036 Metrics Report | K69: A037 Help Desk Report | N69: Not Received | O69: Not Reviewed
H70: Due / Frequency (per PWS) | I70: Due: 10 days prior to necessary change Freq: One-Time, updated as needed Flag: Table omits this 24x7 paragraph | J70: Due: 30 Days after Implementation Freq: One-Time Flag: Table omits this 24x7 paragraph | K70: Due: 24 hours upon request Freq: One-Time, updated as needed Flag: Table omits this 24x7 paragraph
A71: Oct | B71: 6.3.4.1.3 | C71: Vendor Lab Testing | D71: Mixed (see due row) | E71: Operations | F71: Christine Y. Shigeta | G71: Brian Abrigo | H71: Mixed (see deliverables) | I71: A025 Engineering Artifacts (e.g., Network/System Diagrams) | J71: A038 Test Plans | K71: A039 Test Reports | N71: Not Received | O71: Not Reviewed
H72: Due / Frequency (per PWS) | I72: Due: Within 10 business days after assignment Freq: As needed | J72: Due: 30 days after contract award Freq: One-Time, updated as needed Date: Fri 2 Oct 2026 Flag: Due before anything exists to test | K72: Due: 30 days after contract award Freq: One-Time, updated as needed Date: Fri 2 Oct 2026 Flag: Due before anything exists to test
A73: Oct | B73: 6.3.4.1.4 | C73: Government Lab Support | D73: Mixed (see due row) | E73: Operations | F73: Christine Y. Shigeta | G73: Brian Abrigo | H73: Mixed (see deliverables) | I73: A025 Engineering Artifacts (e.g., Network/System Diagrams) | J73: A038 Test Plans | K73: A039 Test Reports | N73: Not Received | O73: Not Reviewed
H74: Due / Frequency (per PWS) | I74: Due: Within 10 business days after assignment Freq: As needed | J74: Due: 30 days after contract award Freq: One-Time, updated as needed Date: Fri 2 Oct 2026 | K74: Due: 30 days after contract award Freq: One-Time, updated as needed Date: Fri 2 Oct 2026
A75: Oct | B75: 6.3.4.1.5 | C75: DevSecOps (Optional) | D75: As Needed | E75: Engineering | F75: Christine Y. Shigeta | G75: Brian Abrigo | H75: Government format | I75: A025 Engineering Artifacts (e.g., Network/System Diagrams) | N75: Not Received | O75: Not Reviewed
H76: Due / Frequency (per PWS) | I76: Due: Within 10 business days after assignment Freq: As needed
A77: Oct | B77: 6.3.4.2 | C77: PNSOC Support (Optional) | D77: One-Time + Updates | E77: Operations | F77: Christine Y. Shigeta | G77: Brian Abrigo | H77: Vendor format | I77: A040 Security Monitoring Reports | N77: Not Received | O77: Not Reviewed
H78: Due / Frequency (per PWS) | I78: Due: 90 Days after award Freq: One-Time, updated yearly or with major change Date: Tue 1 Dec 2026 Flag: Same title as A012; one-time date for ongoing service
A80: Task rows record the two Government acceptances once per row (COR, then J698). Recurring deliverables record them per period on the Weekly, Monthly and Quarterly tabs. A task is fully accepted when both dates are filled in.

Sheet Weekly
A1: Weekly Deliverables – due every Friday
A2: Agreement HC1084-26-9-2023 | Vendor: Booz Allen Hamilton | PWS as of 02 Sep 2026 | Clock start 02 Sep 2026
A4: ID | B4: Deliverable | C4: PWS ¶ | D4: Primary POC | E4: Secondary POC | F4: Record | G4: Fully accepted | H4: Overdue | I4: Wk 1 | J4: Wk 2 | K4: Wk 3 | L4: Wk 4 | M4: Wk 5 | N4: Wk 6 | O4: Wk 7 | P4: Wk 8 | Q4: Wk 9 | R4: Wk 10 | S4: Wk 11 | T4: Wk 12 | U4: Wk 13 | V4: Wk 14 | W4: Wk 15 | X4: Wk 16 | Y4: Wk 17 | Z4: Wk 18 | AA4: Wk 19 | AB4: Wk 20 | AC4: Wk 21 | AD4: Wk 22 | AE4: Wk 23 | AF4: Wk 24 | AG4: Wk 25 | AH4: Wk 26 | AI4: Wk 27 | AJ4: Wk 28 | AK4: Wk 29 | AL4: Wk 30 | AM4: Wk 31 | AN4: Wk 32 | AO4: Wk 33 | AP4: Wk 34 | AQ4: Wk 35
B5: Due (Friday) | I5: =ClockStart+MOD(6-WEEKDAY(ClockStart),7)+0 -> 46269 | J5: =ClockStart+MOD(6-WEEKDAY(ClockStart),7)+7 -> 46276 | K5: =ClockStart+MOD(6-WEEKDAY(ClockStart),7)+14 -> 46283 | L5: =ClockStart+MOD(6-WEEKDAY(ClockStart),7)+21 -> 46290 | M5: =ClockStart+MOD(6-WEEKDAY(ClockStart),7)+28 -> 46297 | N5: =ClockStart+MOD(6-WEEKDAY(ClockStart),7)+35 -> 46304 | O5: =ClockStart+MOD(6-WEEKDAY(ClockStart),7)+42 -> 46311 | P5: =ClockStart+MOD(6-WEEKDAY(ClockStart),7)+49 -> 46318 | Q5: =ClockStart+MOD(6-WEEKDAY(ClockStart),7)+56 -> 46325 | R5: =ClockStart+MOD(6-WEEKDAY(ClockStart),7)+63 -> 46332 | S5: =ClockStart+MOD(6-WEEKDAY(ClockStart),7)+70 -> 46339 | T5: =ClockStart+MOD(6-WEEKDAY(ClockStart),7)+77 -> 46346 | U5: =ClockStart+MOD(6-WEEKDAY(ClockStart),7)+84 -> 46353 | V5: =ClockStart+MOD(6-WEEKDAY(ClockStart),7)+91 -> 46360 | W5: =ClockStart+MOD(6-WEEKDAY(ClockStart),7)+98 -> 46367 | X5: =ClockStart+MOD(6-WEEKDAY(ClockStart),7)+105 -> 46374 | Y5: =ClockStart+MOD(6-WEEKDAY(ClockStart),7)+112 -> 46381 | Z5: =ClockStart+MOD(6-WEEKDAY(ClockStart),7)+119 -> 46388 | AA5: =ClockStart+MOD(6-WEEKDAY(ClockStart),7)+126 -> 46395 | AB5: =ClockStart+MOD(6-WEEKDAY(ClockStart),7)+133 -> 46402 | AC5: =ClockStart+MOD(6-WEEKDAY(ClockStart),7)+140 -> 46409 | AD5: =ClockStart+MOD(6-WEEKDAY(ClockStart),7)+147 -> 46416 | AE5: =ClockStart+MOD(6-WEEKDAY(ClockStart),7)+154 -> 46423 | AF5: =ClockStart+MOD(6-WEEKDAY(ClockStart),7)+161 -> 46430 | AG5: =ClockStart+MOD(6-WEEKDAY(ClockStart),7)+168 -> 46437 | AH5: =ClockStart+MOD(6-WEEKDAY(ClockStart),7)+175 -> 46444 | AI5: =ClockStart+MOD(6-WEEKDAY(ClockStart),7)+182 -> 46451 | AJ5: =ClockStart+MOD(6-WEEKDAY(ClockStart),7)+189 -> 46458 | AK5: =ClockStart+MOD(6-WEEKDAY(ClockStart),7)+196 -> 46465 | AL5: =ClockStart+MOD(6-WEEKDAY(ClockStart),7)+203 -> 46472 | AM5: =ClockStart+MOD(6-WEEKDAY(ClockStart),7)+210 -> 46479 | AN5: =ClockStart+MOD(6-WEEKDAY(ClockStart),7)+217 -> 46486 | AO5: =ClockStart+MOD(6-WEEKDAY(ClockStart),7)+224 -> 46493 | AP5: =ClockStart+MOD(6-WEEKDAY(ClockStart),7)+231 -> 46500 | AQ5: =ClockStart+MOD(6-WEEKDAY(ClockStart),7)+238 -> 46507
A6: A019 | B6: Weekly Activity Report (WAR) | C6: 6.3.1.2, 6.3.1.4 | D6: Christine Y. Shigeta | E6: Brian Abrigo | F6: Status | G6: =SUMPRODUCT((I8:AQ8<>"")*(I10:AQ10<>"")) -> 0 | H6: =SUMPRODUCT((I$5:AQ$5<TODAY())*(((I6:AQ6="")+(I6:AQ6="In Progress"))>0)*(((I8:AQ8="")+(I10:AQ10=""))>0)) -> 6
F7: COR accepted by
F8: COR date accepted
F9: J698 accepted by
F10: J698 date accepted
F11: Result | I11: =IF(AND(I8<>"",I10<>""),"Fully accepted",IF(I8<>"","COR only",IF(I10<>"","J698 only",""))) | J11: =IF(AND(J8<>"",J10<>""),"Fully accepted",IF(J8<>"","COR only",IF(J10<>"","J698 only",""))) | K11: =IF(AND(K8<>"",K10<>""),"Fully accepted",IF(K8<>"","COR only",IF(K10<>"","J698 only",""))) | L11: =IF(AND(L8<>"",L10<>""),"Fully accepted",IF(L8<>"","COR only",IF(L10<>"","J698 only",""))) | M11: =IF(AND(M8<>"",M10<>""),"Fully accepted",IF(M8<>"","COR only",IF(M10<>"","J698 only",""))) | N11: =IF(AND(N8<>"",N10<>""),"Fully accepted",IF(N8<>"","COR only",IF(N10<>"","J698 only",""))) | O11: =IF(AND(O8<>"",O10<>""),"Fully accepted",IF(O8<>"","COR only",IF(O10<>"","J698 only",""))) | P11: =IF(AND(P8<>"",P10<>""),"Fully accepted",IF(P8<>"","COR only",IF(P10<>"","J698 only",""))) | ... AQ11: =IF(AND(AQ8<>"",AQ10<>""),"Fully accepted",IF(AQ8<>"","COR only",IF(AQ10<>"","J698 only","")))
A12: A007 | B12: ACAS Scans | C12: 6.1, 6.2.1 | D12: Christine Y. Shigeta | E12: Brian Abrigo | F12: Status | G12: =SUMPRODUCT((I14:AQ14<>"")*(I16:AQ16<>"")) -> 0 | H12: =SUMPRODUCT((I$5:AQ$5<TODAY())*(((I12:AQ12="")+(I12:AQ12="In Progress"))>0)*(((I14:AQ14="")+(I16:AQ16=""))>0)) -> 6
F13: COR accepted by
F14: COR date accepted
F15: J698 accepted by
F16: J698 date accepted
F17: Result | I17: =IF(AND(I14<>"",I16<>""),"Fully accepted",IF(I14<>"","COR only",IF(I16<>"","J698 only",""))) | J17: =IF(AND(J14<>"",J16<>""),"Fully accepted",IF(J14<>"","COR only",IF(J16<>"","J698 only",""))) | K17: =IF(AND(K14<>"",K16<>""),"Fully accepted",IF(K14<>"","COR only",IF(K16<>"","J698 only",""))) | L17: =IF(AND(L14<>"",L16<>""),"Fully accepted",IF(L14<>"","COR only",IF(L16<>"","J698 only",""))) | M17: =IF(AND(M14<>"",M16<>""),"Fully accepted",IF(M14<>"","COR only",IF(M16<>"","J698 only",""))) | N17: =IF(AND(N14<>"",N16<>""),"Fully accepted",IF(N14<>"","COR only",IF(N16<>"","J698 only",""))) | O17: =IF(AND(O14<>"",O16<>""),"Fully accepted",IF(O14<>"","COR only",IF(O16<>"","J698 only",""))) | P17: =IF(AND(P14<>"",P16<>""),"Fully accepted",IF(P14<>"","COR only",IF(P16<>"","J698 only",""))) | ... AQ17: =IF(AND(AQ14<>"",AQ16<>""),"Fully accepted",IF(AQ14<>"","COR only",IF(AQ16<>"","J698 only","")))
B19: How to fill a period: click the cell next to Status and pick from the dropdown (arrow appears on click). Click COR accepted by to pick Christine or Brian (or type a name), then enter the date. Do the same for J698. When both dates are in, the column turns green and Result reads "Fully accepted". A name without a date (or the reverse) turns yellow. A019 is explicit in the PWS; Friday for A007 is assumed.

Sheet Monthly
A1: Monthly Deliverables – due 5 business days after month end
A2: Agreement HC1084-26-9-2023 | Vendor: Booz Allen Hamilton | PWS as of 02 Sep 2026 | Clock start 02 Sep 2026
A4: ID | B4: Deliverable | C4: PWS ¶ | D4: Primary POC | E4: Secondary POC | F4: Record | G4: Fully accepted | H4: Overdue | I4: =EDATE(DATE(YEAR(ClockStart),MONTH(ClockStart),1),0) -> 46266 | J4: =EDATE(DATE(YEAR(ClockStart),MONTH(ClockStart),1),1) -> 46296 | K4: =EDATE(DATE(YEAR(ClockStart),MONTH(ClockStart),1),2) -> 46327 | L4: =EDATE(DATE(YEAR(ClockStart),MONTH(ClockStart),1),3) -> 46357 | M4: =EDATE(DATE(YEAR(ClockStart),MONTH(ClockStart),1),4) -> 46388 | N4: =EDATE(DATE(YEAR(ClockStart),MONTH(ClockStart),1),5) -> 46419 | O4: =EDATE(DATE(YEAR(ClockStart),MONTH(ClockStart),1),6) -> 46447 | P4: =EDATE(DATE(YEAR(ClockStart),MONTH(ClockStart),1),7) -> 46478
B5: Due | I5: =WORKDAY(EOMONTH(I4,0),DueOffset) -> 46302 | J5: =WORKDAY(EOMONTH(J4,0),DueOffset) -> 46332 | K5: =WORKDAY(EOMONTH(K4,0),DueOffset) -> 46363 | L5: =WORKDAY(EOMONTH(L4,0),DueOffset) -> 46394 | M5: =WORKDAY(EOMONTH(M4,0),DueOffset) -> 46423 | N5: =WORKDAY(EOMONTH(N4,0),DueOffset) -> 46451 | O5: =WORKDAY(EOMONTH(O4,0),DueOffset) -> 46484 | P5: =WORKDAY(EOMONTH(P4,0),DueOffset) -> 46514
A6: A017 | B6: Integrated Master Schedule | C6: 6.3.1 | D6: Christine Y. Shigeta | E6: Brian Abrigo | F6: Status | G6: =SUMPRODUCT((I8:P8<>"")*(I10:P10<>"")) -> 0 | H6: =SUMPRODUCT((I$5:P$5<TODAY())*(((I6:P6="")+(I6:P6="In Progress"))>0)*(((I8:P8="")+(I10:P10=""))>0)) -> 1
F7: COR accepted by
F8: COR date accepted
F9: J698 accepted by
F10: J698 date accepted
F11: Result | I11: =IF(AND(I8<>"",I10<>""),"Fully accepted",IF(I8<>"","COR only",IF(I10<>"","J698 only",""))) | J11: =IF(AND(J8<>"",J10<>""),"Fully accepted",IF(J8<>"","COR only",IF(J10<>"","J698 only",""))) | K11: =IF(AND(K8<>"",K10<>""),"Fully accepted",IF(K8<>"","COR only",IF(K10<>"","J698 only",""))) | L11: =IF(AND(L8<>"",L10<>""),"Fully accepted",IF(L8<>"","COR only",IF(L10<>"","J698 only",""))) | M11: =IF(AND(M8<>"",M10<>""),"Fully accepted",IF(M8<>"","COR only",IF(M10<>"","J698 only",""))) | N11: =IF(AND(N8<>"",N10<>""),"Fully accepted",IF(N8<>"","COR only",IF(N10<>"","J698 only",""))) | O11: =IF(AND(O8<>"",O10<>""),"Fully accepted",IF(O8<>"","COR only",IF(O10<>"","J698 only",""))) | P11: =IF(AND(P8<>"",P10<>""),"Fully accepted",IF(P8<>"","COR only",IF(P10<>"","J698 only","")))
A12: A018 | B12: Monthly Progress Report (MPR) (including Invoice Data, ODC Data, Travel Data) | C12: 6.3.1.1 | D12: Christine Y. Shigeta | E12: Brian Abrigo | F12: Status | G12: =SUMPRODUCT((I14:P14<>"")*(I16:P16<>"")) -> 0 | H12: =SUMPRODUCT((I$5:P$5<TODAY())*(((I12:P12="")+(I12:P12="In Progress"))>0)*(((I14:P14="")+(I16:P16=""))>0)) -> 1
F13: COR accepted by
F14: COR date accepted
F15: J698 accepted by
F16: J698 date accepted
F17: Result | I17: =IF(AND(I14<>"",I16<>""),"Fully accepted",IF(I14<>"","COR only",IF(I16<>"","J698 only",""))) | J17: =IF(AND(J14<>"",J16<>""),"Fully accepted",IF(J14<>"","COR only",IF(J16<>"","J698 only",""))) | K17: =IF(AND(K14<>"",K16<>""),"Fully accepted",IF(K14<>"","COR only",IF(K16<>"","J698 only",""))) | L17: =IF(AND(L14<>"",L16<>""),"Fully accepted",IF(L14<>"","COR only",IF(L16<>"","J698 only",""))) | M17: =IF(AND(M14<>"",M16<>""),"Fully accepted",IF(M14<>"","COR only",IF(M16<>"","J698 only",""))) | N17: =IF(AND(N14<>"",N16<>""),"Fully accepted",IF(N14<>"","COR only",IF(N16<>"","J698 only",""))) | O17: =IF(AND(O14<>"",O16<>""),"Fully accepted",IF(O14<>"","COR only",IF(O16<>"","J698 only",""))) | P17: =IF(AND(P14<>"",P16<>""),"Fully accepted",IF(P14<>"","COR only",IF(P16<>"","J698 only","")))
A18: A020 | B18: Technical Library Documentation Report | C18: 6.3.1.7 | D18: Christine Y. Shigeta | E18: Brian Abrigo | F18: Status | G18: =SUMPRODUCT((I20:P20<>"")*(I22:P22<>"")) -> 0 | H18: =SUMPRODUCT((I$5:P$5<TODAY())*(((I18:P18="")+(I18:P18="In Progress"))>0)*(((I20:P20="")+(I22:P22=""))>0)) -> 1
F19: COR accepted by
F20: COR date accepted
F21: J698 accepted by
F22: J698 date accepted
F23: Result | I23: =IF(AND(I20<>"",I22<>""),"Fully accepted",IF(I20<>"","COR only",IF(I22<>"","J698 only",""))) | J23: =IF(AND(J20<>"",J22<>""),"Fully accepted",IF(J20<>"","COR only",IF(J22<>"","J698 only",""))) | K23: =IF(AND(K20<>"",K22<>""),"Fully accepted",IF(K20<>"","COR only",IF(K22<>"","J698 only",""))) | L23: =IF(AND(L20<>"",L22<>""),"Fully accepted",IF(L20<>"","COR only",IF(L22<>"","J698 only",""))) | M23: =IF(AND(M20<>"",M22<>""),"Fully accepted",IF(M20<>"","COR only",IF(M22<>"","J698 only",""))) | N23: =IF(AND(N20<>"",N22<>""),"Fully accepted",IF(N20<>"","COR only",IF(N22<>"","J698 only",""))) | O23: =IF(AND(O20<>"",O22<>""),"Fully accepted",IF(O20<>"","COR only",IF(O22<>"","J698 only",""))) | P23: =IF(AND(P20<>"",P22<>""),"Fully accepted",IF(P20<>"","COR only",IF(P22<>"","J698 only","")))
A24: A021 | B24: Technical Briefing/ Presentation | C24: 6.3.1.7 | D24: Christine Y. Shigeta | E24: Brian Abrigo | F24: Status | G24: =SUMPRODUCT((I26:P26<>"")*(I28:P28<>"")) -> 0 | H24: =SUMPRODUCT((I$5:P$5<TODAY())*(((I24:P24="")+(I24:P24="In Progress"))>0)*(((I26:P26="")+(I28:P28=""))>0)) -> 1
F25: COR accepted by
F26: COR date accepted
F27: J698 accepted by
F28: J698 date accepted
F29: Result | I29: =IF(AND(I26<>"",I28<>""),"Fully accepted",IF(I26<>"","COR only",IF(I28<>"","J698 only",""))) | J29: =IF(AND(J26<>"",J28<>""),"Fully accepted",IF(J26<>"","COR only",IF(J28<>"","J698 only",""))) | K29: =IF(AND(K26<>"",K28<>""),"Fully accepted",IF(K26<>"","COR only",IF(K28<>"","J698 only",""))) | L29: =IF(AND(L26<>"",L28<>""),"Fully accepted",IF(L26<>"","COR only",IF(L28<>"","J698 only",""))) | M29: =IF(AND(M26<>"",M28<>""),"Fully accepted",IF(M26<>"","COR only",IF(M28<>"","J698 only",""))) | N29: =IF(AND(N26<>"",N28<>""),"Fully accepted",IF(N26<>"","COR only",IF(N28<>"","J698 only",""))) | O29: =IF(AND(O26<>"",O28<>""),"Fully accepted",IF(O26<>"","COR only",IF(O28<>"","J698 only",""))) | P29: =IF(AND(P26<>"",P28<>""),"Fully accepted",IF(P26<>"","COR only",IF(P28<>"","J698 only","")))
B31: How to fill a period: click the cell next to Status and pick from the dropdown (arrow appears on click). Click COR accepted by to pick Christine or Brian (or type a name), then enter the date. Do the same for J698. When both dates are in, the column turns green and Result reads "Fully accepted". A name without a date (or the reverse) turns yellow. The 5-business-day offset is an assumption (Daily tab settings); the PWS says "as determined by the Government" or "with the Monthly Status Report".

Sheet Quarterly
A1: Quarterly Deliverables – federal fiscal quarters, due 5 business days after quarter end
A2: Agreement HC1084-26-9-2023 | Vendor: Booz Allen Hamilton | PWS as of 02 Sep 2026 | Clock start 02 Sep 2026
A4: ID | B4: Deliverable | C4: PWS ¶ | D4: Primary POC | E4: Secondary POC | F4: Record | G4: Fully accepted | H4: Overdue | I4: =EOMONTH(EOMONTH(ClockStart,MOD(9-MONTH(ClockStart),3)),0) -> 46295 | J4: =EOMONTH(EOMONTH(ClockStart,MOD(9-MONTH(ClockStart),3)),3) -> 46387 | K4: =EOMONTH(EOMONTH(ClockStart,MOD(9-MONTH(ClockStart),3)),6) -> 46477 | L4: =EOMONTH(EOMONTH(ClockStart,MOD(9-MONTH(ClockStart),3)),9) -> 46568
B5: Due | I5: =WORKDAY(I4,DueOffset) -> 46302 | J5: =WORKDAY(J4,DueOffset) -> 46394 | K5: =WORKDAY(K4,DueOffset) -> 46484 | L5: =WORKDAY(L4,DueOffset) -> 46575
A6: A006 | B6: STIG/SRG Checklists | C6: 6.1, 6.2.1 | D6: Christine Y. Shigeta | E6: Brian Abrigo | F6: Status | G6: =SUMPRODUCT((I8:L8<>"")*(I10:L10<>"")) -> 0 | H6: =SUMPRODUCT((I$5:L$5<TODAY())*(((I6:L6="")+(I6:L6="In Progress"))>0)*(((I8:L8="")+(I10:L10=""))>0)) -> 1
F7: COR accepted by
F8: COR date accepted
F9: J698 accepted by
F10: J698 date accepted
F11: Result | I11: =IF(AND(I8<>"",I10<>""),"Fully accepted",IF(I8<>"","COR only",IF(I10<>"","J698 only",""))) | J11: =IF(AND(J8<>"",J10<>""),"Fully accepted",IF(J8<>"","COR only",IF(J10<>"","J698 only",""))) | K11: =IF(AND(K8<>"",K10<>""),"Fully accepted",IF(K8<>"","COR only",IF(K10<>"","J698 only",""))) | L11: =IF(AND(L8<>"",L10<>""),"Fully accepted",IF(L8<>"","COR only",IF(L10<>"","J698 only","")))
A12: A012 | B12: Security Monitoring Reports | C12: 6.2.1 | D12: Christine Y. Shigeta | E12: Brian Abrigo | F12: Status | G12: =SUMPRODUCT((I14:L14<>"")*(I16:L16<>"")) -> 0 | H12: =SUMPRODUCT((I$5:L$5<TODAY())*(((I12:L12="")+(I12:L12="In Progress"))>0)*(((I14:L14="")+(I16:L16=""))>0)) -> 1
F13: COR accepted by
F14: COR date accepted
F15: J698 accepted by
F16: J698 date accepted
F17: Result | I17: =IF(AND(I14<>"",I16<>""),"Fully accepted",IF(I14<>"","COR only",IF(I16<>"","J698 only",""))) | J17: =IF(AND(J14<>"",J16<>""),"Fully accepted",IF(J14<>"","COR only",IF(J16<>"","J698 only",""))) | K17: =IF(AND(K14<>"",K16<>""),"Fully accepted",IF(K14<>"","COR only",IF(K16<>"","J698 only",""))) | L17: =IF(AND(L14<>"",L16<>""),"Fully accepted",IF(L14<>"","COR only",IF(L16<>"","J698 only","")))
A18: A013 | B18: Vulnerability Scan Reports | C18: 6.2.1 | D18: Christine Y. Shigeta | E18: Brian Abrigo | F18: Status | G18: =SUMPRODUCT((I20:L20<>"")*(I22:L22<>"")) -> 0 | H18: =SUMPRODUCT((I$5:L$5<TODAY())*(((I18:L18="")+(I18:L18="In Progress"))>0)*(((I20:L20="")+(I22:L22=""))>0)) -> 1
F19: COR accepted by
F20: COR date accepted
F21: J698 accepted by
F22: J698 date accepted
F23: Result | I23: =IF(AND(I20<>"",I22<>""),"Fully accepted",IF(I20<>"","COR only",IF(I22<>"","J698 only",""))) | J23: =IF(AND(J20<>"",J22<>""),"Fully accepted",IF(J20<>"","COR only",IF(J22<>"","J698 only",""))) | K23: =IF(AND(K20<>"",K22<>""),"Fully accepted",IF(K20<>"","COR only",IF(K22<>"","J698 only",""))) | L23: =IF(AND(L20<>"",L22<>""),"Fully accepted",IF(L20<>"","COR only",IF(L22<>"","J698 only","")))
B25: How to fill a period: click the cell next to Status and pick from the dropdown (arrow appears on click). Click COR accepted by to pick Christine or Brian (or type a name), then enter the date. Do the same for J698. When both dates are in, the column turns green and Result reads "Fully accepted". A name without a date (or the reverse) turns yellow. Federal fiscal quarters are assumed; confirm with the COR.

Sheet Daily
A1: Daily Agenda – what is due, in date order
A2: Agreement HC1084-26-9-2023 | Vendor: Booz Allen Hamilton | PWS as of 02 Sep 2026 | Clock start 02 Sep 2026
P3: Settings (edit the yellow cells)
A4: Due Date | B4: Day | C4: ID | D4: Deliverable | E4: Source | F4: Status | G4: COR Accepted By | H4: COR Date Accepted | I4: J698 Accepted By | J4: J698 Date Accepted | K4: Result | L4: Days Until Due | M4: Flag | N4: Notes | P4: Clock start (PWS date) | Q4: 46267
A5: =ClockStart -> 46267 | B5: =TEXT(A5,"ddd") -> Wed | C5: A041 | D5: Transition-In Plan – initial draft | E5: One-time | K5: =IF(AND(H5<>"",J5<>""),"Fully accepted",IF(H5<>"","COR only",IF(J5<>"","J698 only",""))) | L5: =A5-TodayD -> -41 | M5: =IF(K5="Fully accepted","Done",IF(F5="N/A","N/A",IF(F5="Returned","Returned: resubmit",IF(K5="COR only","Awaiting J698",IF(K5="J698 only","Awaiting COR",IF(F5="Submitted","Awaiting COR + J698",IF(A5<TodayD,"OVERDUE",IF(A5-TodayD<=7,"Due within 7 days","")))))))) -> OVERDUE | N5: At kickoff (table). Body says 30 days after kickoff = 2 Oct 2026. | P5: Monthly / quarterly due offset (business days) | Q5: 5
A6: =Weekly!I5 -> 46269 | B6: =TEXT(A6,"ddd") -> Fri | C6: A007 | D6: ACAS Scans – Wk 1 | E6: Weekly | F6: =IF(Weekly!I12="","",Weekly!I12) | G6: =IF(Weekly!I13="","",Weekly!I13) | H6: =IF(Weekly!I14="","",Weekly!I14) | I6: =IF(Weekly!I15="","",Weekly!I15) | J6: =IF(Weekly!I16="","",Weekly!I16) | K6: =IF(AND(H6<>"",J6<>""),"Fully accepted",IF(H6<>"","COR only",IF(J6<>"","J698 only",""))) | L6: =A6-TodayD -> -39 | M6: =IF(K6="Fully accepted","Done",IF(F6="N/A","N/A",IF(F6="Returned","Returned: resubmit",IF(K6="COR only","Awaiting J698",IF(K6="J698 only","Awaiting COR",IF(F6="Submitted","Awaiting COR + J698",IF(A6<TodayD,"OVERDUE",IF(A6-TodayD<=7,"Due within 7 days","")))))))) -> OVERDUE | P6: Gov inspection window (business days) | Q6: 5
A7: =Weekly!I5 -> 46269 | B7: =TEXT(A7,"ddd") -> Fri | C7: A019 | D7: Weekly Activity Report (WAR) – Wk 1 | E7: Weekly | F7: =IF(Weekly!I6="","",Weekly!I6) | G7: =IF(Weekly!I7="","",Weekly!I7) | H7: =IF(Weekly!I8="","",Weekly!I8) | I7: =IF(Weekly!I9="","",Weekly!I9) | J7: =IF(Weekly!I10="","",Weekly!I10) | K7: =IF(AND(H7<>"",J7<>""),"Fully accepted",IF(H7<>"","COR only",IF(J7<>"","J698 only",""))) | L7: =A7-TodayD -> -39 | M7: =IF(K7="Fully accepted","Done",IF(F7="N/A","N/A",IF(F7="Returned","Returned: resubmit",IF(K7="COR only","Awaiting J698",IF(K7="J698 only","Awaiting COR",IF(F7="Submitted","Awaiting COR + J698",IF(A7<TodayD,"OVERDUE",IF(A7-TodayD<=7,"Due within 7 days","")))))))) -> OVERDUE | P7: Resubmission window (business days) | Q7: 10
A8: =WORKDAY(ClockStart,5) -> 46274 | B8: =TEXT(A8,"ddd") -> Wed | C8: A041 | D8: Transition-In Plan – final draft | E8: One-time | K8: =IF(AND(H8<>"",J8<>""),"Fully accepted",IF(H8<>"","COR only",IF(J8<>"","J698 only",""))) | L8: =A8-TodayD -> -34 | M8: =IF(K8="Fully accepted","Done",IF(F8="N/A","N/A",IF(F8="Returned","Returned: resubmit",IF(K8="COR only","Awaiting J698",IF(K8="J698 only","Awaiting COR",IF(F8="Submitted","Awaiting COR + J698",IF(A8<TodayD,"OVERDUE",IF(A8-TodayD<=7,"Due within 7 days","")))))))) -> OVERDUE | N8: 5 business days after award (table). Labor Day not excluded. | P8: End of base period | Q8: 46510
A9: =Weekly!J5 -> 46276 | B9: =TEXT(A9,"ddd") -> Fri | C9: A007 | D9: ACAS Scans – Wk 2 | E9: Weekly | F9: =IF(Weekly!J12="","",Weekly!J12) | G9: =IF(Weekly!J13="","",Weekly!J13) | H9: =IF(Weekly!J14="","",Weekly!J14) | I9: =IF(Weekly!J15="","",Weekly!J15) | J9: =IF(Weekly!J16="","",Weekly!J16) | K9: =IF(AND(H9<>"",J9<>""),"Fully accepted",IF(H9<>"","COR only",IF(J9<>"","J698 only",""))) | L9: =A9-TodayD -> -32 | M9: =IF(K9="Fully accepted","Done",IF(F9="N/A","N/A",IF(F9="Returned","Returned: resubmit",IF(K9="COR only","Awaiting J698",IF(K9="J698 only","Awaiting COR",IF(F9="Submitted","Awaiting COR + J698",IF(A9<TodayD,"OVERDUE",IF(A9-TodayD<=7,"Due within 7 days","")))))))) -> OVERDUE | P9: End of final option year | Q9: 47390
A10: =Weekly!J5 -> 46276 | B10: =TEXT(A10,"ddd") -> Fri | C10: A019 | D10: Weekly Activity Report (WAR) – Wk 2 | E10: Weekly | F10: =IF(Weekly!J6="","",Weekly!J6) | G10: =IF(Weekly!J7="","",Weekly!J7) | H10: =IF(Weekly!J8="","",Weekly!J8) | I10: =IF(Weekly!J9="","",Weekly!J9) | J10: =IF(Weekly!J10="","",Weekly!J10) | K10: =IF(AND(H10<>"",J10<>""),"Fully accepted",IF(H10<>"","COR only",IF(J10<>"","J698 only",""))) | L10: =A10-TodayD -> -32 | M10: =IF(K10="Fully accepted","Done",IF(F10="N/A","N/A",IF(F10="Returned","Returned: resubmit",IF(K10="COR only","Awaiting J698",IF(K10="J698 only","Awaiting COR",IF(F10="Submitted","Awaiting COR + J698",IF(A10<TodayD,"OVERDUE",IF(A10-TodayD<=7,"Due within 7 days","")))))))) -> OVERDUE | P10: Today | Q10: =TODAY() -> 46308
A11: =Weekly!K5 -> 46283 | B11: =TEXT(A11,"ddd") -> Fri | C11: A007 | D11: ACAS Scans – Wk 3 | E11: Weekly | F11: =IF(Weekly!K12="","",Weekly!K12) | G11: =IF(Weekly!K13="","",Weekly!K13) | H11: =IF(Weekly!K14="","",Weekly!K14) | I11: =IF(Weekly!K15="","",Weekly!K15) | J11: =IF(Weekly!K16="","",Weekly!K16) | K11: =IF(AND(H11<>"",J11<>""),"Fully accepted",IF(H11<>"","COR only",IF(J11<>"","J698 only",""))) | L11: =A11-TodayD -> -25 | M11: =IF(K11="Fully accepted","Done",IF(F11="N/A","N/A",IF(F11="Returned","Returned: resubmit",IF(K11="COR only","Awaiting J698",IF(K11="J698 only","Awaiting COR",IF(F11="Submitted","Awaiting COR + J698",IF(A11<TodayD,"OVERDUE",IF(A11-TodayD<=7,"Due within 7 days","")))))))) -> OVERDUE
A12: =Weekly!K5 -> 46283 | B12: =TEXT(A12,"ddd") -> Fri | C12: A019 | D12: Weekly Activity Report (WAR) – Wk 3 | E12: Weekly | F12: =IF(Weekly!K6="","",Weekly!K6) | G12: =IF(Weekly!K7="","",Weekly!K7) | H12: =IF(Weekly!K8="","",Weekly!K8) | I12: =IF(Weekly!K9="","",Weekly!K9) | J12: =IF(Weekly!K10="","",Weekly!K10) | K12: =IF(AND(H12<>"",J12<>""),"Fully accepted",IF(H12<>"","COR only",IF(J12<>"","J698 only",""))) | L12: =A12-TodayD -> -25 | M12: =IF(K12="Fully accepted","Done",IF(F12="N/A","N/A",IF(F12="Returned","Returned: resubmit",IF(K12="COR only","Awaiting J698",IF(K12="J698 only","Awaiting COR",IF(F12="Submitted","Awaiting COR + J698",IF(A12<TodayD,"OVERDUE",IF(A12-TodayD<=7,"Due within 7 days","")))))))) -> OVERDUE | P12: Dates on the other tabs recalculate from these cells. Holidays are not excluded.
A13: =Weekly!L5 -> 46290 | B13: =TEXT(A13,"ddd") -> Fri | C13: A007 | D13: ACAS Scans – Wk 4 | E13: Weekly | F13: =IF(Weekly!L12="","",Weekly!L12) | G13: =IF(Weekly!L13="","",Weekly!L13) | H13: =IF(Weekly!L14="","",Weekly!L14) | I13: =IF(Weekly!L15="","",Weekly!L15) | J13: =IF(Weekly!L16="","",Weekly!L16) | K13: =IF(AND(H13<>"",J13<>""),"Fully accepted",IF(H13<>"","COR only",IF(J13<>"","J698 only",""))) | L13: =A13-TodayD -> -18 | M13: =IF(K13="Fully accepted","Done",IF(F13="N/A","N/A",IF(F13="Returned","Returned: resubmit",IF(K13="COR only","Awaiting J698",IF(K13="J698 only","Awaiting COR",IF(F13="Submitted","Awaiting COR + J698",IF(A13<TodayD,"OVERDUE",IF(A13-TodayD<=7,"Due within 7 days","")))))))) -> OVERDUE
A14: =Weekly!L5 -> 46290 | B14: =TEXT(A14,"ddd") -> Fri | C14: A019 | D14: Weekly Activity Report (WAR) – Wk 4 | E14: Weekly | F14: =IF(Weekly!L6="","",Weekly!L6) | G14: =IF(Weekly!L7="","",Weekly!L7) | H14: =IF(Weekly!L8="","",Weekly!L8) | I14: =IF(Weekly!L9="","",Weekly!L9) | J14: =IF(Weekly!L10="","",Weekly!L10) | K14: =IF(AND(H14<>"",J14<>""),"Fully accepted",IF(H14<>"","COR only",IF(J14<>"","J698 only",""))) | L14: =A14-TodayD -> -18 | M14: =IF(K14="Fully accepted","Done",IF(F14="N/A","N/A",IF(F14="Returned","Returned: resubmit",IF(K14="COR only","Awaiting J698",IF(K14="J698 only","Awaiting COR",IF(F14="Submitted","Awaiting COR + J698",IF(A14<TodayD,"OVERDUE",IF(A14-TodayD<=7,"Due within 7 days","")))))))) -> OVERDUE
A15: =Weekly!M5 -> 46297 | B15: =TEXT(A15,"ddd") -> Fri | C15: A007 | D15: ACAS Scans – Wk 5 | E15: Weekly | F15: =IF(Weekly!M12="","",Weekly!M12) | G15: =IF(Weekly!M13="","",Weekly!M13) | H15: =IF(Weekly!M14="","",Weekly!M14) | I15: =IF(Weekly!M15="","",Weekly!M15) | J15: =IF(Weekly!M16="","",Weekly!M16) | K15: =IF(AND(H15<>"",J15<>""),"Fully accepted",IF(H15<>"","COR only",IF(J15<>"","J698 only",""))) | L15: =A15-TodayD -> -11 | M15: =IF(K15="Fully accepted","Done",IF(F15="N/A","N/A",IF(F15="Returned","Returned: resubmit",IF(K15="COR only","Awaiting J698",IF(K15="J698 only","Awaiting COR",IF(F15="Submitted","Awaiting COR + J698",IF(A15<TodayD,"OVERDUE",IF(A15-TodayD<=7,"Due within 7 days","")))))))) -> OVERDUE
A16: =Weekly!M5 -> 46297 | B16: =TEXT(A16,"ddd") -> Fri | C16: A019 | D16: Weekly Activity Report (WAR) – Wk 5 | E16: Weekly | F16: =IF(Weekly!M6="","",Weekly!M6) | G16: =IF(Weekly!M7="","",Weekly!M7) | H16: =IF(Weekly!M8="","",Weekly!M8) | I16: =IF(Weekly!M9="","",Weekly!M9) | J16: =IF(Weekly!M10="","",Weekly!M10) | K16: =IF(AND(H16<>"",J16<>""),"Fully accepted",IF(H16<>"","COR only",IF(J16<>"","J698 only",""))) | L16: =A16-TodayD -> -11 | M16: =IF(K16="Fully accepted","Done",IF(F16="N/A","N/A",IF(F16="Returned","Returned: resubmit",IF(K16="COR only","Awaiting J698",IF(K16="J698 only","Awaiting COR",IF(F16="Submitted","Awaiting COR + J698",IF(A16<TodayD,"OVERDUE",IF(A16-TodayD<=7,"Due within 7 days","")))))))) -> OVERDUE
A17: =ClockStart+30 -> 46297 | B17: =TEXT(A17,"ddd") -> Fri | C17: A038 | D17: Test Plans | E17: One-time | K17: =IF(AND(H17<>"",J17<>""),"Fully accepted",IF(H17<>"","COR only",IF(J17<>"","J698 only",""))) | L17: =A17-TodayD -> -11 | M17: =IF(K17="Fully accepted","Done",IF(F17="N/A","N/A",IF(F17="Returned","Returned: resubmit",IF(K17="COR only","Awaiting J698",IF(K17="J698 only","Awaiting COR",IF(F17="Submitted","Awaiting COR + J698",IF(A17<TodayD,"OVERDUE",IF(A17-TodayD<=7,"Due within 7 days","")))))))) -> OVERDUE | N17: 30 days after award
A18: =ClockStart+30 -> 46297 | B18: =TEXT(A18,"ddd") -> Fri | C18: A039 | D18: Test Reports | E18: One-time | K18: =IF(AND(H18<>"",J18<>""),"Fully accepted",IF(H18<>"","COR only",IF(J18<>"","J698 only",""))) | L18: =A18-TodayD -> -11 | M18: =IF(K18="Fully accepted","Done",IF(F18="N/A","N/A",IF(F18="Returned","Returned: resubmit",IF(K18="COR only","Awaiting J698",IF(K18="J698 only","Awaiting COR",IF(F18="Submitted","Awaiting COR + J698",IF(A18<TodayD,"OVERDUE",IF(A18-TodayD<=7,"Due within 7 days","")))))))) -> OVERDUE | N18: 30 days after award
A19: =Quarterly!I5 -> 46302 | B19: =TEXT(A19,"ddd") -> Wed | C19: A006 | D19: STIG/SRG Checklists – Qtr ending 30 Sep 2026 | E19: Quarterly | F19: =IF(Quarterly!I6="","",Quarterly!I6) | G19: =IF(Quarterly!I7="","",Quarterly!I7) | H19: =IF(Quarterly!I8="","",Quarterly!I8) | I19: =IF(Quarterly!I9="","",Quarterly!I9) | J19: =IF(Quarterly!I10="","",Quarterly!I10) | K19: =IF(AND(H19<>"",J19<>""),"Fully accepted",IF(H19<>"","COR only",IF(J19<>"","J698 only",""))) | L19: =A19-TodayD -> -6 | M19: =IF(K19="Fully accepted","Done",IF(F19="N/A","N/A",IF(F19="Returned","Returned: resubmit",IF(K19="COR only","Awaiting J698",IF(K19="J698 only","Awaiting COR",IF(F19="Submitted","Awaiting COR + J698",IF(A19<TodayD,"OVERDUE",IF(A19-TodayD<=7,"Due within 7 days","")))))))) -> OVERDUE
A20: =Quarterly!I5 -> 46302 | B20: =TEXT(A20,"ddd") -> Wed | C20: A012 | D20: Security Monitoring Reports – Qtr ending 30 Sep 2026 | E20: Quarterly | F20: =IF(Quarterly!I12="","",Quarterly!I12) | G20: =IF(Quarterly!I13="","",Quarterly!I13) | H20: =IF(Quarterly!I14="","",Quarterly!I14) | I20: =IF(Quarterly!I15="","",Quarterly!I15) | J20: =IF(Quarterly!I16="","",Quarterly!I16) | K20: =IF(AND(H20<>"",J20<>""),"Fully accepted",IF(H20<>"","COR only",IF(J20<>"","J698 only",""))) | L20: =A20-TodayD -> -6 | M20: =IF(K20="Fully accepted","Done",IF(F20="N/A","N/A",IF(F20="Returned","Returned: resubmit",IF(K20="COR only","Awaiting J698",IF(K20="J698 only","Awaiting COR",IF(F20="Submitted","Awaiting COR + J698",IF(A20<TodayD,"OVERDUE",IF(A20-TodayD<=7,"Due within 7 days","")))))))) -> OVERDUE
A21: =Quarterly!I5 -> 46302 | B21: =TEXT(A21,"ddd") -> Wed | C21: A013 | D21: Vulnerability Scan Reports – Qtr ending 30 Sep 2026 | E21: Quarterly | F21: =IF(Quarterly!I18="","",Quarterly!I18) | G21: =IF(Quarterly!I19="","",Quarterly!I19) | H21: =IF(Quarterly!I20="","",Quarterly!I20) | I21: =IF(Quarterly!I21="","",Quarterly!I21) | J21: =IF(Quarterly!I22="","",Quarterly!I22) | K21: =IF(AND(H21<>"",J21<>""),"Fully accepted",IF(H21<>"","COR only",IF(J21<>"","J698 only",""))) | L21: =A21-TodayD -> -6 | M21: =IF(K21="Fully accepted","Done",IF(F21="N/A","N/A",IF(F21="Returned","Returned: resubmit",IF(K21="COR only","Awaiting J698",IF(K21="J698 only","Awaiting COR",IF(F21="Submitted","Awaiting COR + J698",IF(A21<TodayD,"OVERDUE",IF(A21-TodayD<=7,"Due within 7 days","")))))))) -> OVERDUE
A22: =Monthly!I5 -> 46302 | B22: =TEXT(A22,"ddd") -> Wed | C22: A017 | D22: Integrated Master Schedule – Sep 2026 | E22: Monthly | F22: =IF(Monthly!I6="","",Monthly!I6) | G22: =IF(Monthly!I7="","",Monthly!I7) | H22: =IF(Monthly!I8="","",Monthly!I8) | I22: =IF(Monthly!I9="","",Monthly!I9) | J22: =IF(Monthly!I10="","",Monthly!I10) | K22: =IF(AND(H22<>"",J22<>""),"Fully accepted",IF(H22<>"","COR only",IF(J22<>"","J698 only",""))) | L22: =A22-TodayD -> -6 | M22: =IF(K22="Fully accepted","Done",IF(F22="N/A","N/A",IF(F22="Returned","Returned: resubmit",IF(K22="COR only","Awaiting J698",IF(K22="J698 only","Awaiting COR",IF(F22="Submitted","Awaiting COR + J698",IF(A22<TodayD,"OVERDUE",IF(A22-TodayD<=7,"Due within 7 days","")))))))) -> OVERDUE
A23: =Monthly!I5 -> 46302 | B23: =TEXT(A23,"ddd") -> Wed | C23: A018 | D23: Monthly Progress Report (MPR) (including Invoice Data, ODC Data, Travel Data) – Sep 2026 | E23: Monthly | F23: =IF(Monthly!I12="","",Monthly!I12) | G23: =IF(Monthly!I13="","",Monthly!I13) | H23: =IF(Monthly!I14="","",Monthly!I14) | I23: =IF(Monthly!I15="","",Monthly!I15) | J23: =IF(Monthly!I16="","",Monthly!I16) | K23: =IF(AND(H23<>"",J23<>""),"Fully accepted",IF(H23<>"","COR only",IF(J23<>"","J698 only",""))) | L23: =A23-TodayD -> -6 | M23: =IF(K23="Fully accepted","Done",IF(F23="N/A","N/A",IF(F23="Returned","Returned: resubmit",IF(K23="COR only","Awaiting J698",IF(K23="J698 only","Awaiting COR",IF(F23="Submitted","Awaiting COR + J698",IF(A23<TodayD,"OVERDUE",IF(A23-TodayD<=7,"Due within 7 days","")))))))) -> OVERDUE
A24: =Monthly!I5 -> 46302 | B24: =TEXT(A24,"ddd") -> Wed | C24: A020 | D24: Technical Library Documentation Report – Sep 2026 | E24: Monthly | F24: =IF(Monthly!I18="","",Monthly!I18) | G24: =IF(Monthly!I19="","",Monthly!I19) | H24: =IF(Monthly!I20="","",Monthly!I20) | I24: =IF(Monthly!I21="","",Monthly!I21) | J24: =IF(Monthly!I22="","",Monthly!I22) | K24: =IF(AND(H24<>"",J24<>""),"Fully accepted",IF(H24<>"","COR only",IF(J24<>"","J698 only",""))) | L24: =A24-TodayD -> -6 | M24: =IF(K24="Fully accepted","Done",IF(F24="N/A","N/A",IF(F24="Returned","Returned: resubmit",IF(K24="COR only","Awaiting J698",IF(K24="J698 only","Awaiting COR",IF(F24="Submitted","Awaiting COR + J698",IF(A24<TodayD,"OVERDUE",IF(A24-TodayD<=7,"Due within 7 days","")))))))) -> OVERDUE
A25: =Monthly!I5 -> 46302 | B25: =TEXT(A25,"ddd") -> Wed | C25: A021 | D25: Technical Briefing/ Presentation – Sep 2026 | E25: Monthly | F25: =IF(Monthly!I24="","",Monthly!I24) | G25: =IF(Monthly!I25="","",Monthly!I25) | H25: =IF(Monthly!I26="","",Monthly!I26) | I25: =IF(Monthly!I27="","",Monthly!I27) | J25: =IF(Monthly!I28="","",Monthly!I28) | K25: =IF(AND(H25<>"",J25<>""),"Fully accepted",IF(H25<>"","COR only",IF(J25<>"","J698 only",""))) | L25: =A25-TodayD -> -6 | M25: =IF(K25="Fully accepted","Done",IF(F25="N/A","N/A",IF(F25="Returned","Returned: resubmit",IF(K25="COR only","Awaiting J698",IF(K25="J698 only","Awaiting COR",IF(F25="Submitted","Awaiting COR + J698",IF(A25<TodayD,"OVERDUE",IF(A25-TodayD<=7,"Due within 7 days","")))))))) -> OVERDUE
A26: =Weekly!N5 -> 46304 | B26: =TEXT(A26,"ddd") -> Fri | C26: A007 | D26: ACAS Scans – Wk 6 | E26: Weekly | F26: =IF(Weekly!N12="","",Weekly!N12) | G26: =IF(Weekly!N13="","",Weekly!N13) | H26: =IF(Weekly!N14="","",Weekly!N14) | I26: =IF(Weekly!N15="","",Weekly!N15) | J26: =IF(Weekly!N16="","",Weekly!N16) | K26: =IF(AND(H26<>"",J26<>""),"Fully accepted",IF(H26<>"","COR only",IF(J26<>"","J698 only",""))) | L26: =A26-TodayD -> -4 | M26: =IF(K26="Fully accepted","Done",IF(F26="N/A","N/A",IF(F26="Returned","Returned: resubmit",IF(K26="COR only","Awaiting J698",IF(K26="J698 only","Awaiting COR",IF(F26="Submitted","Awaiting COR + J698",IF(A26<TodayD,"OVERDUE",IF(A26-TodayD<=7,"Due within 7 days","")))))))) -> OVERDUE
A27: =Weekly!N5 -> 46304 | B27: =TEXT(A27,"ddd") -> Fri | C27: A019 | D27: Weekly Activity Report (WAR) – Wk 6 | E27: Weekly | F27: =IF(Weekly!N6="","",Weekly!N6) | G27: =IF(Weekly!N7="","",Weekly!N7) | H27: =IF(Weekly!N8="","",Weekly!N8) | I27: =IF(Weekly!N9="","",Weekly!N9) | J27: =IF(Weekly!N10="","",Weekly!N10) | K27: =IF(AND(H27<>"",J27<>""),"Fully accepted",IF(H27<>"","COR only",IF(J27<>"","J698 only",""))) | L27: =A27-TodayD -> -4 | M27: =IF(K27="Fully accepted","Done",IF(F27="N/A","N/A",IF(F27="Returned","Returned: resubmit",IF(K27="COR only","Awaiting J698",IF(K27="J698 only","Awaiting COR",IF(F27="Submitted","Awaiting COR + J698",IF(A27<TodayD,"OVERDUE",IF(A27-TodayD<=7,"Due within 7 days","")))))))) -> OVERDUE
A28: =Weekly!O5 -> 46311 | B28: =TEXT(A28,"ddd") -> Fri | C28: A007 | D28: ACAS Scans – Wk 7 | E28: Weekly | F28: =IF(Weekly!O12="","",Weekly!O12) | G28: =IF(Weekly!O13="","",Weekly!O13) | H28: =IF(Weekly!O14="","",Weekly!O14) | I28: =IF(Weekly!O15="","",Weekly!O15) | J28: =IF(Weekly!O16="","",Weekly!O16) | K28: =IF(AND(H28<>"",J28<>""),"Fully accepted",IF(H28<>"","COR only",IF(J28<>"","J698 only",""))) | L28: =A28-TodayD -> 3 | M28: =IF(K28="Fully accepted","Done",IF(F28="N/A","N/A",IF(F28="Returned","Returned: resubmit",IF(K28="COR only","Awaiting J698",IF(K28="J698 only","Awaiting COR",IF(F28="Submitted","Awaiting COR + J698",IF(A28<TodayD,"OVERDUE",IF(A28-TodayD<=7,"Due within 7 days","")))))))) -> Due within 7 days
A29: =Weekly!O5 -> 46311 | B29: =TEXT(A29,"ddd") -> Fri | C29: A019 | D29: Weekly Activity Report (WAR) – Wk 7 | E29: Weekly | F29: =IF(Weekly!O6="","",Weekly!O6) | G29: =IF(Weekly!O7="","",Weekly!O7) | H29: =IF(Weekly!O8="","",Weekly!O8) | I29: =IF(Weekly!O9="","",Weekly!O9) | J29: =IF(Weekly!O10="","",Weekly!O10) | K29: =IF(AND(H29<>"",J29<>""),"Fully accepted",IF(H29<>"","COR only",IF(J29<>"","J698 only",""))) | L29: =A29-TodayD -> 3 | M29: =IF(K29="Fully accepted","Done",IF(F29="N/A","N/A",IF(F29="Returned","Returned: resubmit",IF(K29="COR only","Awaiting J698",IF(K29="J698 only","Awaiting COR",IF(F29="Submitted","Awaiting COR + J698",IF(A29<TodayD,"OVERDUE",IF(A29-TodayD<=7,"Due within 7 days","")))))))) -> Due within 7 days
A30: =Weekly!P5 -> 46318 | B30: =TEXT(A30,"ddd") -> Fri | C30: A007 | D30: ACAS Scans – Wk 8 | E30: Weekly | F30: =IF(Weekly!P12="","",Weekly!P12) | G30: =IF(Weekly!P13="","",Weekly!P13) | H30: =IF(Weekly!P14="","",Weekly!P14) | I30: =IF(Weekly!P15="","",Weekly!P15) | J30: =IF(Weekly!P16="","",Weekly!P16) | K30: =IF(AND(H30<>"",J30<>""),"Fully accepted",IF(H30<>"","COR only",IF(J30<>"","J698 only",""))) | L30: =A30-TodayD -> 10 | M30: =IF(K30="Fully accepted","Done",IF(F30="N/A","N/A",IF(F30="Returned","Returned: resubmit",IF(K30="COR only","Awaiting J698",IF(K30="J698 only","Awaiting COR",IF(F30="Submitted","Awaiting COR + J698",IF(A30<TodayD,"OVERDUE",IF(A30-TodayD<=7,"Due within 7 days",""))))))))
A31: =Weekly!P5 -> 46318 | B31: =TEXT(A31,"ddd") -> Fri | C31: A019 | D31: Weekly Activity Report (WAR) – Wk 8 | E31: Weekly | F31: =IF(Weekly!P6="","",Weekly!P6) | G31: =IF(Weekly!P7="","",Weekly!P7) | H31: =IF(Weekly!P8="","",Weekly!P8) | I31: =IF(Weekly!P9="","",Weekly!P9) | J31: =IF(Weekly!P10="","",Weekly!P10) | K31: =IF(AND(H31<>"",J31<>""),"Fully accepted",IF(H31<>"","COR only",IF(J31<>"","J698 only",""))) | L31: =A31-TodayD -> 10 | M31: =IF(K31="Fully accepted","Done",IF(F31="N/A","N/A",IF(F31="Returned","Returned: resubmit",IF(K31="COR only","Awaiting J698",IF(K31="J698 only","Awaiting COR",IF(F31="Submitted","Awaiting COR + J698",IF(A31<TodayD,"OVERDUE",IF(A31-TodayD<=7,"Due within 7 days",""))))))))
A32: =Weekly!Q5 -> 46325 | B32: =TEXT(A32,"ddd") -> Fri | C32: A007 | D32: ACAS Scans – Wk 9 | E32: Weekly | F32: =IF(Weekly!Q12="","",Weekly!Q12) | G32: =IF(Weekly!Q13="","",Weekly!Q13) | H32: =IF(Weekly!Q14="","",Weekly!Q14) | I32: =IF(Weekly!Q15="","",Weekly!Q15) | J32: =IF(Weekly!Q16="","",Weekly!Q16) | K32: =IF(AND(H32<>"",J32<>""),"Fully accepted",IF(H32<>"","COR only",IF(J32<>"","J698 only",""))) | L32: =A32-TodayD -> 17 | M32: =IF(K32="Fully accepted","Done",IF(F32="N/A","N/A",IF(F32="Returned","Returned: resubmit",IF(K32="COR only","Awaiting J698",IF(K32="J698 only","Awaiting COR",IF(F32="Submitted","Awaiting COR + J698",IF(A32<TodayD,"OVERDUE",IF(A32-TodayD<=7,"Due within 7 days",""))))))))
A33: =Weekly!Q5 -> 46325 | B33: =TEXT(A33,"ddd") -> Fri | C33: A019 | D33: Weekly Activity Report (WAR) – Wk 9 | E33: Weekly | F33: =IF(Weekly!Q6="","",Weekly!Q6) | G33: =IF(Weekly!Q7="","",Weekly!Q7) | H33: =IF(Weekly!Q8="","",Weekly!Q8) | I33: =IF(Weekly!Q9="","",Weekly!Q9) | J33: =IF(Weekly!Q10="","",Weekly!Q10) | K33: =IF(AND(H33<>"",J33<>""),"Fully accepted",IF(H33<>"","COR only",IF(J33<>"","J698 only",""))) | L33: =A33-TodayD -> 17 | M33: =IF(K33="Fully accepted","Done",IF(F33="N/A","N/A",IF(F33="Returned","Returned: resubmit",IF(K33="COR only","Awaiting J698",IF(K33="J698 only","Awaiting COR",IF(F33="Submitted","Awaiting COR + J698",IF(A33<TodayD,"OVERDUE",IF(A33-TodayD<=7,"Due within 7 days",""))))))))
A34: =Weekly!R5 -> 46332 | B34: =TEXT(A34,"ddd") -> Fri | C34: A007 | D34: ACAS Scans – Wk 10 | E34: Weekly | F34: =IF(Weekly!R12="","",Weekly!R12) | G34: =IF(Weekly!R13="","",Weekly!R13) | H34: =IF(Weekly!R14="","",Weekly!R14) | I34: =IF(Weekly!R15="","",Weekly!R15) | J34: =IF(Weekly!R16="","",Weekly!R16) | K34: =IF(AND(H34<>"",J34<>""),"Fully accepted",IF(H34<>"","COR only",IF(J34<>"","J698 only",""))) | L34: =A34-TodayD -> 24 | M34: =IF(K34="Fully accepted","Done",IF(F34="N/A","N/A",IF(F34="Returned","Returned: resubmit",IF(K34="COR only","Awaiting J698",IF(K34="J698 only","Awaiting COR",IF(F34="Submitted","Awaiting COR + J698",IF(A34<TodayD,"OVERDUE",IF(A34-TodayD<=7,"Due within 7 days",""))))))))
A35: =Monthly!J5 -> 46332 | B35: =TEXT(A35,"ddd") -> Fri | C35: A017 | D35: Integrated Master Schedule – Oct 2026 | E35: Monthly | F35: =IF(Monthly!J6="","",Monthly!J6) | G35: =IF(Monthly!J7="","",Monthly!J7) | H35: =IF(Monthly!J8="","",Monthly!J8) | I35: =IF(Monthly!J9="","",Monthly!J9) | J35: =IF(Monthly!J10="","",Monthly!J10) | K35: =IF(AND(H35<>"",J35<>""),"Fully accepted",IF(H35<>"","COR only",IF(J35<>"","J698 only",""))) | L35: =A35-TodayD -> 24 | M35: =IF(K35="Fully accepted","Done",IF(F35="N/A","N/A",IF(F35="Returned","Returned: resubmit",IF(K35="COR only","Awaiting J698",IF(K35="J698 only","Awaiting COR",IF(F35="Submitted","Awaiting COR + J698",IF(A35<TodayD,"OVERDUE",IF(A35-TodayD<=7,"Due within 7 days",""))))))))
A36: =Monthly!J5 -> 46332 | B36: =TEXT(A36,"ddd") -> Fri | C36: A018 | D36: Monthly Progress Report (MPR) (including Invoice Data, ODC Data, Travel Data) – Oct 2026 | E36: Monthly | F36: =IF(Monthly!J12="","",Monthly!J12) | G36: =IF(Monthly!J13="","",Monthly!J13) | H36: =IF(Monthly!J14="","",Monthly!J14) | I36: =IF(Monthly!J15="","",Monthly!J15) | J36: =IF(Monthly!J16="","",Monthly!J16) | K36: =IF(AND(H36<>"",J36<>""),"Fully accepted",IF(H36<>"","COR only",IF(J36<>"","J698 only",""))) | L36: =A36-TodayD -> 24 | M36: =IF(K36="Fully accepted","Done",IF(F36="N/A","N/A",IF(F36="Returned","Returned: resubmit",IF(K36="COR only","Awaiting J698",IF(K36="J698 only","Awaiting COR",IF(F36="Submitted","Awaiting COR + J698",IF(A36<TodayD,"OVERDUE",IF(A36-TodayD<=7,"Due within 7 days",""))))))))
A37: =Weekly!R5 -> 46332 | B37: =TEXT(A37,"ddd") -> Fri | C37: A019 | D37: Weekly Activity Report (WAR) – Wk 10 | E37: Weekly | F37: =IF(Weekly!R6="","",Weekly!R6) | G37: =IF(Weekly!R7="","",Weekly!R7) | H37: =IF(Weekly!R8="","",Weekly!R8) | I37: =IF(Weekly!R9="","",Weekly!R9) | J37: =IF(Weekly!R10="","",Weekly!R10) | K37: =IF(AND(H37<>"",J37<>""),"Fully accepted",IF(H37<>"","COR only",IF(J37<>"","J698 only",""))) | L37: =A37-TodayD -> 24 | M37: =IF(K37="Fully accepted","Done",IF(F37="N/A","N/A",IF(F37="Returned","Returned: resubmit",IF(K37="COR only","Awaiting J698",IF(K37="J698 only","Awaiting COR",IF(F37="Submitted","Awaiting COR + J698",IF(A37<TodayD,"OVERDUE",IF(A37-TodayD<=7,"Due within 7 days",""))))))))
A38: =Monthly!J5 -> 46332 | B38: =TEXT(A38,"ddd") -> Fri | C38: A020 | D38: Technical Library Documentation Report – Oct 2026 | E38: Monthly | F38: =IF(Monthly!J18="","",Monthly!J18) | G38: =IF(Monthly!J19="","",Monthly!J19) | H38: =IF(Monthly!J20="","",Monthly!J20) | I38: =IF(Monthly!J21="","",Monthly!J21) | J38: =IF(Monthly!J22="","",Monthly!J22) | K38: =IF(AND(H38<>"",J38<>""),"Fully accepted",IF(H38<>"","COR only",IF(J38<>"","J698 only",""))) | L38: =A38-TodayD -> 24 | M38: =IF(K38="Fully accepted","Done",IF(F38="N/A","N/A",IF(F38="Returned","Returned: resubmit",IF(K38="COR only","Awaiting J698",IF(K38="J698 only","Awaiting COR",IF(F38="Submitted","Awaiting COR + J698",IF(A38<TodayD,"OVERDUE",IF(A38-TodayD<=7,"Due within 7 days",""))))))))
A39: =Monthly!J5 -> 46332 | B39: =TEXT(A39,"ddd") -> Fri | C39: A021 | D39: Technical Briefing/ Presentation – Oct 2026 | E39: Monthly | F39: =IF(Monthly!J24="","",Monthly!J24) | G39: =IF(Monthly!J25="","",Monthly!J25) | H39: =IF(Monthly!J26="","",Monthly!J26) | I39: =IF(Monthly!J27="","",Monthly!J27) | J39: =IF(Monthly!J28="","",Monthly!J28) | K39: =IF(AND(H39<>"",J39<>""),"Fully accepted",IF(H39<>"","COR only",IF(J39<>"","J698 only",""))) | L39: =A39-TodayD -> 24 | M39: =IF(K39="Fully accepted","Done",IF(F39="N/A","N/A",IF(F39="Returned","Returned: resubmit",IF(K39="COR only","Awaiting J698",IF(K39="J698 only","Awaiting COR",IF(F39="Submitted","Awaiting COR + J698",IF(A39<TodayD,"OVERDUE",IF(A39-TodayD<=7,"Due within 7 days",""))))))))
A40: =Weekly!S5 -> 46339 | B40: =TEXT(A40,"ddd") -> Fri | C40: A007 | D40: ACAS Scans – Wk 11 | E40: Weekly | F40: =IF(Weekly!S12="","",Weekly!S12) | G40: =IF(Weekly!S13="","",Weekly!S13) | H40: =IF(Weekly!S14="","",Weekly!S14) | I40: =IF(Weekly!S15="","",Weekly!S15) | J40: =IF(Weekly!S16="","",Weekly!S16) | K40: =IF(AND(H40<>"",J40<>""),"Fully accepted",IF(H40<>"","COR only",IF(J40<>"","J698 only",""))) | L40: =A40-TodayD -> 31 | M40: =IF(K40="Fully accepted","Done",IF(F40="N/A","N/A",IF(F40="Returned","Returned: resubmit",IF(K40="COR only","Awaiting J698",IF(K40="J698 only","Awaiting COR",IF(F40="Submitted","Awaiting COR + J698",IF(A40<TodayD,"OVERDUE",IF(A40-TodayD<=7,"Due within 7 days",""))))))))
A41: =Weekly!S5 -> 46339 | B41: =TEXT(A41,"ddd") -> Fri | C41: A019 | D41: Weekly Activity Report (WAR) – Wk 11 | E41: Weekly | F41: =IF(Weekly!S6="","",Weekly!S6) | G41: =IF(Weekly!S7="","",Weekly!S7) | H41: =IF(Weekly!S8="","",Weekly!S8) | I41: =IF(Weekly!S9="","",Weekly!S9) | J41: =IF(Weekly!S10="","",Weekly!S10) | K41: =IF(AND(H41<>"",J41<>""),"Fully accepted",IF(H41<>"","COR only",IF(J41<>"","J698 only",""))) | L41: =A41-TodayD -> 31 | M41: =IF(K41="Fully accepted","Done",IF(F41="N/A","N/A",IF(F41="Returned","Returned: resubmit",IF(K41="COR only","Awaiting J698",IF(K41="J698 only","Awaiting COR",IF(F41="Submitted","Awaiting COR + J698",IF(A41<TodayD,"OVERDUE",IF(A41-TodayD<=7,"Due within 7 days",""))))))))
A42: =Weekly!T5 -> 46346 | B42: =TEXT(A42,"ddd") -> Fri | C42: A007 | D42: ACAS Scans – Wk 12 | E42: Weekly | F42: =IF(Weekly!T12="","",Weekly!T12) | G42: =IF(Weekly!T13="","",Weekly!T13) | H42: =IF(Weekly!T14="","",Weekly!T14) | I42: =IF(Weekly!T15="","",Weekly!T15) | J42: =IF(Weekly!T16="","",Weekly!T16) | K42: =IF(AND(H42<>"",J42<>""),"Fully accepted",IF(H42<>"","COR only",IF(J42<>"","J698 only",""))) | L42: =A42-TodayD -> 38 | M42: =IF(K42="Fully accepted","Done",IF(F42="N/A","N/A",IF(F42="Returned","Returned: resubmit",IF(K42="COR only","Awaiting J698",IF(K42="J698 only","Awaiting COR",IF(F42="Submitted","Awaiting COR + J698",IF(A42<TodayD,"OVERDUE",IF(A42-TodayD<=7,"Due within 7 days",""))))))))
A43: =Weekly!T5 -> 46346 | B43: =TEXT(A43,"ddd") -> Fri | C43: A019 | D43: Weekly Activity Report (WAR) – Wk 12 | E43: Weekly | F43: =IF(Weekly!T6="","",Weekly!T6) | G43: =IF(Weekly!T7="","",Weekly!T7) | H43: =IF(Weekly!T8="","",Weekly!T8) | I43: =IF(Weekly!T9="","",Weekly!T9) | J43: =IF(Weekly!T10="","",Weekly!T10) | K43: =IF(AND(H43<>"",J43<>""),"Fully accepted",IF(H43<>"","COR only",IF(J43<>"","J698 only",""))) | L43: =A43-TodayD -> 38 | M43: =IF(K43="Fully accepted","Done",IF(F43="N/A","N/A",IF(F43="Returned","Returned: resubmit",IF(K43="COR only","Awaiting J698",IF(K43="J698 only","Awaiting COR",IF(F43="Submitted","Awaiting COR + J698",IF(A43<TodayD,"OVERDUE",IF(A43-TodayD<=7,"Due within 7 days",""))))))))
A44: =Weekly!U5 -> 46353 | B44: =TEXT(A44,"ddd") -> Fri | C44: A007 | D44: ACAS Scans – Wk 13 | E44: Weekly | F44: =IF(Weekly!U12="","",Weekly!U12) | G44: =IF(Weekly!U13="","",Weekly!U13) | H44: =IF(Weekly!U14="","",Weekly!U14) | I44: =IF(Weekly!U15="","",Weekly!U15) | J44: =IF(Weekly!U16="","",Weekly!U16) | K44: =IF(AND(H44<>"",J44<>""),"Fully accepted",IF(H44<>"","COR only",IF(J44<>"","J698 only",""))) | L44: =A44-TodayD -> 45 | M44: =IF(K44="Fully accepted","Done",IF(F44="N/A","N/A",IF(F44="Returned","Returned: resubmit",IF(K44="COR only","Awaiting J698",IF(K44="J698 only","Awaiting COR",IF(F44="Submitted","Awaiting COR + J698",IF(A44<TodayD,"OVERDUE",IF(A44-TodayD<=7,"Due within 7 days",""))))))))
A45: =Weekly!U5 -> 46353 | B45: =TEXT(A45,"ddd") -> Fri | C45: A019 | D45: Weekly Activity Report (WAR) – Wk 13 | E45: Weekly | F45: =IF(Weekly!U6="","",Weekly!U6) | G45: =IF(Weekly!U7="","",Weekly!U7) | H45: =IF(Weekly!U8="","",Weekly!U8) | I45: =IF(Weekly!U9="","",Weekly!U9) | J45: =IF(Weekly!U10="","",Weekly!U10) | K45: =IF(AND(H45<>"",J45<>""),"Fully accepted",IF(H45<>"","COR only",IF(J45<>"","J698 only",""))) | L45: =A45-TodayD -> 45 | M45: =IF(K45="Fully accepted","Done",IF(F45="N/A","N/A",IF(F45="Returned","Returned: resubmit",IF(K45="COR only","Awaiting J698",IF(K45="J698 only","Awaiting COR",IF(F45="Submitted","Awaiting COR + J698",IF(A45<TodayD,"OVERDUE",IF(A45-TodayD<=7,"Due within 7 days",""))))))))
A46: =ClockStart+90 -> 46357 | B46: =TEXT(A46,"ddd") -> Tue | C46: A014 | D46: Compliance Documentation | E46: One-time | K46: =IF(AND(H46<>"",J46<>""),"Fully accepted",IF(H46<>"","COR only",IF(J46<>"","J698 only",""))) | L46: =A46-TodayD -> 49 | M46: =IF(K46="Fully accepted","Done",IF(F46="N/A","N/A",IF(F46="Returned","Returned: resubmit",IF(K46="COR only","Awaiting J698",IF(K46="J698 only","Awaiting COR",IF(F46="Submitted","Awaiting COR + J698",IF(A46<TodayD,"OVERDUE",IF(A46-TodayD<=7,"Due within 7 days","")))))))) | N46: 90 days after award
A47: =ClockStart+90 -> 46357 | B47: =TEXT(A47,"ddd") -> Tue | C47: A027 | D47: Network Modernization Plan | E47: One-time | K47: =IF(AND(H47<>"",J47<>""),"Fully accepted",IF(H47<>"","COR only",IF(J47<>"","J698 only",""))) | L47: =A47-TodayD -> 49 | M47: =IF(K47="Fully accepted","Done",IF(F47="N/A","N/A",IF(F47="Returned","Returned: resubmit",IF(K47="COR only","Awaiting J698",IF(K47="J698 only","Awaiting COR",IF(F47="Submitted","Awaiting COR + J698",IF(A47<TodayD,"OVERDUE",IF(A47-TodayD<=7,"Due within 7 days","")))))))) | N47: 90 days after award
A48: =ClockStart+90 -> 46357 | B48: =TEXT(A48,"ddd") -> Tue | C48: A040 | D48: Security Monitoring Reports (PNSOC option) | E48: One-time | K48: =IF(AND(H48<>"",J48<>""),"Fully accepted",IF(H48<>"","COR only",IF(J48<>"","J698 only",""))) | L48: =A48-TodayD -> 49 | M48: =IF(K48="Fully accepted","Done",IF(F48="N/A","N/A",IF(F48="Returned","Returned: resubmit",IF(K48="COR only","Awaiting J698",IF(K48="J698 only","Awaiting COR",IF(F48="Submitted","Awaiting COR + J698",IF(A48<TodayD,"OVERDUE",IF(A48-TodayD<=7,"Due within 7 days","")))))))) | N48: Only if the PNSOC option is exercised
A49: =Weekly!V5 -> 46360 | B49: =TEXT(A49,"ddd") -> Fri | C49: A007 | D49: ACAS Scans – Wk 14 | E49: Weekly | F49: =IF(Weekly!V12="","",Weekly!V12) | G49: =IF(Weekly!V13="","",Weekly!V13) | H49: =IF(Weekly!V14="","",Weekly!V14) | I49: =IF(Weekly!V15="","",Weekly!V15) | J49: =IF(Weekly!V16="","",Weekly!V16) | K49: =IF(AND(H49<>"",J49<>""),"Fully accepted",IF(H49<>"","COR only",IF(J49<>"","J698 only",""))) | L49: =A49-TodayD -> 52 | M49: =IF(K49="Fully accepted","Done",IF(F49="N/A","N/A",IF(F49="Returned","Returned: resubmit",IF(K49="COR only","Awaiting J698",IF(K49="J698 only","Awaiting COR",IF(F49="Submitted","Awaiting COR + J698",IF(A49<TodayD,"OVERDUE",IF(A49-TodayD<=7,"Due within 7 days",""))))))))
A50: =Weekly!V5 -> 46360 | B50: =TEXT(A50,"ddd") -> Fri | C50: A019 | D50: Weekly Activity Report (WAR) – Wk 14 | E50: Weekly | F50: =IF(Weekly!V6="","",Weekly!V6) | G50: =IF(Weekly!V7="","",Weekly!V7) | H50: =IF(Weekly!V8="","",Weekly!V8) | I50: =IF(Weekly!V9="","",Weekly!V9) | J50: =IF(Weekly!V10="","",Weekly!V10) | K50: =IF(AND(H50<>"",J50<>""),"Fully accepted",IF(H50<>"","COR only",IF(J50<>"","J698 only",""))) | L50: =A50-TodayD -> 52 | M50: =IF(K50="Fully accepted","Done",IF(F50="N/A","N/A",IF(F50="Returned","Returned: resubmit",IF(K50="COR only","Awaiting J698",IF(K50="J698 only","Awaiting COR",IF(F50="Submitted","Awaiting COR + J698",IF(A50<TodayD,"OVERDUE",IF(A50-TodayD<=7,"Due within 7 days",""))))))))
A51: =Monthly!K5 -> 46363 | B51: =TEXT(A51,"ddd") -> Mon | C51: A017 | D51: Integrated Master Schedule – Nov 2026 | E51: Monthly | F51: =IF(Monthly!K6="","",Monthly!K6) | G51: =IF(Monthly!K7="","",Monthly!K7) | H51: =IF(Monthly!K8="","",Monthly!K8) | I51: =IF(Monthly!K9="","",Monthly!K9) | J51: =IF(Monthly!K10="","",Monthly!K10) | K51: =IF(AND(H51<>"",J51<>""),"Fully accepted",IF(H51<>"","COR only",IF(J51<>"","J698 only",""))) | L51: =A51-TodayD -> 55 | M51: =IF(K51="Fully accepted","Done",IF(F51="N/A","N/A",IF(F51="Returned","Returned: resubmit",IF(K51="COR only","Awaiting J698",IF(K51="J698 only","Awaiting COR",IF(F51="Submitted","Awaiting COR + J698",IF(A51<TodayD,"OVERDUE",IF(A51-TodayD<=7,"Due within 7 days",""))))))))
A52: =Monthly!K5 -> 46363 | B52: =TEXT(A52,"ddd") -> Mon | C52: A018 | D52: Monthly Progress Report (MPR) (including Invoice Data, ODC Data, Travel Data) – Nov 2026 | E52: Monthly | F52: =IF(Monthly!K12="","",Monthly!K12) | G52: =IF(Monthly!K13="","",Monthly!K13) | H52: =IF(Monthly!K14="","",Monthly!K14) | I52: =IF(Monthly!K15="","",Monthly!K15) | J52: =IF(Monthly!K16="","",Monthly!K16) | K52: =IF(AND(H52<>"",J52<>""),"Fully accepted",IF(H52<>"","COR only",IF(J52<>"","J698 only",""))) | L52: =A52-TodayD -> 55 | M52: =IF(K52="Fully accepted","Done",IF(F52="N/A","N/A",IF(F52="Returned","Returned: resubmit",IF(K52="COR only","Awaiting J698",IF(K52="J698 only","Awaiting COR",IF(F52="Submitted","Awaiting COR + J698",IF(A52<TodayD,"OVERDUE",IF(A52-TodayD<=7,"Due within 7 days",""))))))))
A53: =Monthly!K5 -> 46363 | B53: =TEXT(A53,"ddd") -> Mon | C53: A020 | D53: Technical Library Documentation Report – Nov 2026 | E53: Monthly | F53: =IF(Monthly!K18="","",Monthly!K18) | G53: =IF(Monthly!K19="","",Monthly!K19) | H53: =IF(Monthly!K20="","",Monthly!K20) | I53: =IF(Monthly!K21="","",Monthly!K21) | J53: =IF(Monthly!K22="","",Monthly!K22) | K53: =IF(AND(H53<>"",J53<>""),"Fully accepted",IF(H53<>"","COR only",IF(J53<>"","J698 only",""))) | L53: =A53-TodayD -> 55 | M53: =IF(K53="Fully accepted","Done",IF(F53="N/A","N/A",IF(F53="Returned","Returned: resubmit",IF(K53="COR only","Awaiting J698",IF(K53="J698 only","Awaiting COR",IF(F53="Submitted","Awaiting COR + J698",IF(A53<TodayD,"OVERDUE",IF(A53-TodayD<=7,"Due within 7 days",""))))))))
A54: =Monthly!K5 -> 46363 | B54: =TEXT(A54,"ddd") -> Mon | C54: A021 | D54: Technical Briefing/ Presentation – Nov 2026 | E54: Monthly | F54: =IF(Monthly!K24="","",Monthly!K24) | G54: =IF(Monthly!K25="","",Monthly!K25) | H54: =IF(Monthly!K26="","",Monthly!K26) | I54: =IF(Monthly!K27="","",Monthly!K27) | J54: =IF(Monthly!K28="","",Monthly!K28) | K54: =IF(AND(H54<>"",J54<>""),"Fully accepted",IF(H54<>"","COR only",IF(J54<>"","J698 only",""))) | L54: =A54-TodayD -> 55 | M54: =IF(K54="Fully accepted","Done",IF(F54="N/A","N/A",IF(F54="Returned","Returned: resubmit",IF(K54="COR only","Awaiting J698",IF(K54="J698 only","Awaiting COR",IF(F54="Submitted","Awaiting COR + J698",IF(A54<TodayD,"OVERDUE",IF(A54-TodayD<=7,"Due within 7 days",""))))))))
A55: =Weekly!W5 -> 46367 | B55: =TEXT(A55,"ddd") -> Fri | C55: A007 | D55: ACAS Scans – Wk 15 | E55: Weekly | F55: =IF(Weekly!W12="","",Weekly!W12) | G55: =IF(Weekly!W13="","",Weekly!W13) | H55: =IF(Weekly!W14="","",Weekly!W14) | I55: =IF(Weekly!W15="","",Weekly!W15) | J55: =IF(Weekly!W16="","",Weekly!W16) | K55: =IF(AND(H55<>"",J55<>""),"Fully accepted",IF(H55<>"","COR only",IF(J55<>"","J698 only",""))) | L55: =A55-TodayD -> 59 | M55: =IF(K55="Fully accepted","Done",IF(F55="N/A","N/A",IF(F55="Returned","Returned: resubmit",IF(K55="COR only","Awaiting J698",IF(K55="J698 only","Awaiting COR",IF(F55="Submitted","Awaiting COR + J698",IF(A55<TodayD,"OVERDUE",IF(A55-TodayD<=7,"Due within 7 days",""))))))))
A56: =Weekly!W5 -> 46367 | B56: =TEXT(A56,"ddd") -> Fri | C56: A019 | D56: Weekly Activity Report (WAR) – Wk 15 | E56: Weekly | F56: =IF(Weekly!W6="","",Weekly!W6) | G56: =IF(Weekly!W7="","",Weekly!W7) | H56: =IF(Weekly!W8="","",Weekly!W8) | I56: =IF(Weekly!W9="","",Weekly!W9) | J56: =IF(Weekly!W10="","",Weekly!W10) | K56: =IF(AND(H56<>"",J56<>""),"Fully accepted",IF(H56<>"","COR only",IF(J56<>"","J698 only",""))) | L56: =A56-TodayD -> 59 | M56: =IF(K56="Fully accepted","Done",IF(F56="N/A","N/A",IF(F56="Returned","Returned: resubmit",IF(K56="COR only","Awaiting J698",IF(K56="J698 only","Awaiting COR",IF(F56="Submitted","Awaiting COR + J698",IF(A56<TodayD,"OVERDUE",IF(A56-TodayD<=7,"Due within 7 days",""))))))))
A57: =Weekly!X5 -> 46374 | B57: =TEXT(A57,"ddd") -> Fri | C57: A007 | D57: ACAS Scans – Wk 16 | E57: Weekly | F57: =IF(Weekly!X12="","",Weekly!X12) | G57: =IF(Weekly!X13="","",Weekly!X13) | H57: =IF(Weekly!X14="","",Weekly!X14) | I57: =IF(Weekly!X15="","",Weekly!X15) | J57: =IF(Weekly!X16="","",Weekly!X16) | K57: =IF(AND(H57<>"",J57<>""),"Fully accepted",IF(H57<>"","COR only",IF(J57<>"","J698 only",""))) | L57: =A57-TodayD -> 66 | M57: =IF(K57="Fully accepted","Done",IF(F57="N/A","N/A",IF(F57="Returned","Returned: resubmit",IF(K57="COR only","Awaiting J698",IF(K57="J698 only","Awaiting COR",IF(F57="Submitted","Awaiting COR + J698",IF(A57<TodayD,"OVERDUE",IF(A57-TodayD<=7,"Due within 7 days",""))))))))
A58: =Weekly!X5 -> 46374 | B58: =TEXT(A58,"ddd") -> Fri | C58: A019 | D58: Weekly Activity Report (WAR) – Wk 16 | E58: Weekly | F58: =IF(Weekly!X6="","",Weekly!X6) | G58: =IF(Weekly!X7="","",Weekly!X7) | H58: =IF(Weekly!X8="","",Weekly!X8) | I58: =IF(Weekly!X9="","",Weekly!X9) | J58: =IF(Weekly!X10="","",Weekly!X10) | K58: =IF(AND(H58<>"",J58<>""),"Fully accepted",IF(H58<>"","COR only",IF(J58<>"","J698 only",""))) | L58: =A58-TodayD -> 66 | M58: =IF(K58="Fully accepted","Done",IF(F58="N/A","N/A",IF(F58="Returned","Returned: resubmit",IF(K58="COR only","Awaiting J698",IF(K58="J698 only","Awaiting COR",IF(F58="Submitted","Awaiting COR + J698",IF(A58<TodayD,"OVERDUE",IF(A58-TodayD<=7,"Due within 7 days",""))))))))
A59: =Weekly!Y5 -> 46381 | B59: =TEXT(A59,"ddd") -> Fri | C59: A007 | D59: ACAS Scans – Wk 17 | E59: Weekly | F59: =IF(Weekly!Y12="","",Weekly!Y12) | G59: =IF(Weekly!Y13="","",Weekly!Y13) | H59: =IF(Weekly!Y14="","",Weekly!Y14) | I59: =IF(Weekly!Y15="","",Weekly!Y15) | J59: =IF(Weekly!Y16="","",Weekly!Y16) | K59: =IF(AND(H59<>"",J59<>""),"Fully accepted",IF(H59<>"","COR only",IF(J59<>"","J698 only",""))) | L59: =A59-TodayD -> 73 | M59: =IF(K59="Fully accepted","Done",IF(F59="N/A","N/A",IF(F59="Returned","Returned: resubmit",IF(K59="COR only","Awaiting J698",IF(K59="J698 only","Awaiting COR",IF(F59="Submitted","Awaiting COR + J698",IF(A59<TodayD,"OVERDUE",IF(A59-TodayD<=7,"Due within 7 days",""))))))))
A60: =Weekly!Y5 -> 46381 | B60: =TEXT(A60,"ddd") -> Fri | C60: A019 | D60: Weekly Activity Report (WAR) – Wk 17 | E60: Weekly | F60: =IF(Weekly!Y6="","",Weekly!Y6) | G60: =IF(Weekly!Y7="","",Weekly!Y7) | H60: =IF(Weekly!Y8="","",Weekly!Y8) | I60: =IF(Weekly!Y9="","",Weekly!Y9) | J60: =IF(Weekly!Y10="","",Weekly!Y10) | K60: =IF(AND(H60<>"",J60<>""),"Fully accepted",IF(H60<>"","COR only",IF(J60<>"","J698 only",""))) | L60: =A60-TodayD -> 73 | M60: =IF(K60="Fully accepted","Done",IF(F60="N/A","N/A",IF(F60="Returned","Returned: resubmit",IF(K60="COR only","Awaiting J698",IF(K60="J698 only","Awaiting COR",IF(F60="Submitted","Awaiting COR + J698",IF(A60<TodayD,"OVERDUE",IF(A60-TodayD<=7,"Due within 7 days",""))))))))
A61: =Weekly!Z5 -> 46388 | B61: =TEXT(A61,"ddd") -> Fri | C61: A007 | D61: ACAS Scans – Wk 18 | E61: Weekly | F61: =IF(Weekly!Z12="","",Weekly!Z12) | G61: =IF(Weekly!Z13="","",Weekly!Z13) | H61: =IF(Weekly!Z14="","",Weekly!Z14) | I61: =IF(Weekly!Z15="","",Weekly!Z15) | J61: =IF(Weekly!Z16="","",Weekly!Z16) | K61: =IF(AND(H61<>"",J61<>""),"Fully accepted",IF(H61<>"","COR only",IF(J61<>"","J698 only",""))) | L61: =A61-TodayD -> 80 | M61: =IF(K61="Fully accepted","Done",IF(F61="N/A","N/A",IF(F61="Returned","Returned: resubmit",IF(K61="COR only","Awaiting J698",IF(K61="J698 only","Awaiting COR",IF(F61="Submitted","Awaiting COR + J698",IF(A61<TodayD,"OVERDUE",IF(A61-TodayD<=7,"Due within 7 days",""))))))))
A62: =Weekly!Z5 -> 46388 | B62: =TEXT(A62,"ddd") -> Fri | C62: A019 | D62: Weekly Activity Report (WAR) – Wk 18 | E62: Weekly | F62: =IF(Weekly!Z6="","",Weekly!Z6) | G62: =IF(Weekly!Z7="","",Weekly!Z7) | H62: =IF(Weekly!Z8="","",Weekly!Z8) | I62: =IF(Weekly!Z9="","",Weekly!Z9) | J62: =IF(Weekly!Z10="","",Weekly!Z10) | K62: =IF(AND(H62<>"",J62<>""),"Fully accepted",IF(H62<>"","COR only",IF(J62<>"","J698 only",""))) | L62: =A62-TodayD -> 80 | M62: =IF(K62="Fully accepted","Done",IF(F62="N/A","N/A",IF(F62="Returned","Returned: resubmit",IF(K62="COR only","Awaiting J698",IF(K62="J698 only","Awaiting COR",IF(F62="Submitted","Awaiting COR + J698",IF(A62<TodayD,"OVERDUE",IF(A62-TodayD<=7,"Due within 7 days",""))))))))
A63: =BaseEnd-120 -> 46390 | B63: =TEXT(A63,"ddd") -> Sun | C63: A042 | D63: Transition-Out Plan – base year only | E63: One-time | K63: =IF(AND(H63<>"",J63<>""),"Fully accepted",IF(H63<>"","COR only",IF(J63<>"","J698 only",""))) | L63: =A63-TodayD -> 82 | M63: =IF(K63="Fully accepted","Done",IF(F63="N/A","N/A",IF(F63="Returned","Returned: resubmit",IF(K63="COR only","Awaiting J698",IF(K63="J698 only","Awaiting COR",IF(F63="Submitted","Awaiting COR + J698",IF(A63<TodayD,"OVERDUE",IF(A63-TodayD<=7,"Due within 7 days","")))))))) | N63: Body: 120 days before end. Table says T-30.
A64: =Quarterly!J5 -> 46394 | B64: =TEXT(A64,"ddd") -> Thu | C64: A006 | D64: STIG/SRG Checklists – Qtr ending 31 Dec 2026 | E64: Quarterly | F64: =IF(Quarterly!J6="","",Quarterly!J6) | G64: =IF(Quarterly!J7="","",Quarterly!J7) | H64: =IF(Quarterly!J8="","",Quarterly!J8) | I64: =IF(Quarterly!J9="","",Quarterly!J9) | J64: =IF(Quarterly!J10="","",Quarterly!J10) | K64: =IF(AND(H64<>"",J64<>""),"Fully accepted",IF(H64<>"","COR only",IF(J64<>"","J698 only",""))) | L64: =A64-TodayD -> 86 | M64: =IF(K64="Fully accepted","Done",IF(F64="N/A","N/A",IF(F64="Returned","Returned: resubmit",IF(K64="COR only","Awaiting J698",IF(K64="J698 only","Awaiting COR",IF(F64="Submitted","Awaiting COR + J698",IF(A64<TodayD,"OVERDUE",IF(A64-TodayD<=7,"Due within 7 days",""))))))))
A65: =Quarterly!J5 -> 46394 | B65: =TEXT(A65,"ddd") -> Thu | C65: A012 | D65: Security Monitoring Reports – Qtr ending 31 Dec 2026 | E65: Quarterly | F65: =IF(Quarterly!J12="","",Quarterly!J12) | G65: =IF(Quarterly!J13="","",Quarterly!J13) | H65: =IF(Quarterly!J14="","",Quarterly!J14) | I65: =IF(Quarterly!J15="","",Quarterly!J15) | J65: =IF(Quarterly!J16="","",Quarterly!J16) | K65: =IF(AND(H65<>"",J65<>""),"Fully accepted",IF(H65<>"","COR only",IF(J65<>"","J698 only",""))) | L65: =A65-TodayD -> 86 | M65: =IF(K65="Fully accepted","Done",IF(F65="N/A","N/A",IF(F65="Returned","Returned: resubmit",IF(K65="COR only","Awaiting J698",IF(K65="J698 only","Awaiting COR",IF(F65="Submitted","Awaiting COR + J698",IF(A65<TodayD,"OVERDUE",IF(A65-TodayD<=7,"Due within 7 days",""))))))))
A66: =Quarterly!J5 -> 46394 | B66: =TEXT(A66,"ddd") -> Thu | C66: A013 | D66: Vulnerability Scan Reports – Qtr ending 31 Dec 2026 | E66: Quarterly | F66: =IF(Quarterly!J18="","",Quarterly!J18) | G66: =IF(Quarterly!J19="","",Quarterly!J19) | H66: =IF(Quarterly!J20="","",Quarterly!J20) | I66: =IF(Quarterly!J21="","",Quarterly!J21) | J66: =IF(Quarterly!J22="","",Quarterly!J22) | K66: =IF(AND(H66<>"",J66<>""),"Fully accepted",IF(H66<>"","COR only",IF(J66<>"","J698 only",""))) | L66: =A66-TodayD -> 86 | M66: =IF(K66="Fully accepted","Done",IF(F66="N/A","N/A",IF(F66="Returned","Returned: resubmit",IF(K66="COR only","Awaiting J698",IF(K66="J698 only","Awaiting COR",IF(F66="Submitted","Awaiting COR + J698",IF(A66<TodayD,"OVERDUE",IF(A66-TodayD<=7,"Due within 7 days",""))))))))
A67: =Monthly!L5 -> 46394 | B67: =TEXT(A67,"ddd") -> Thu | C67: A017 | D67: Integrated Master Schedule – Dec 2026 | E67: Monthly | F67: =IF(Monthly!L6="","",Monthly!L6) | G67: =IF(Monthly!L7="","",Monthly!L7) | H67: =IF(Monthly!L8="","",Monthly!L8) | I67: =IF(Monthly!L9="","",Monthly!L9) | J67: =IF(Monthly!L10="","",Monthly!L10) | K67: =IF(AND(H67<>"",J67<>""),"Fully accepted",IF(H67<>"","COR only",IF(J67<>"","J698 only",""))) | L67: =A67-TodayD -> 86 | M67: =IF(K67="Fully accepted","Done",IF(F67="N/A","N/A",IF(F67="Returned","Returned: resubmit",IF(K67="COR only","Awaiting J698",IF(K67="J698 only","Awaiting COR",IF(F67="Submitted","Awaiting COR + J698",IF(A67<TodayD,"OVERDUE",IF(A67-TodayD<=7,"Due within 7 days",""))))))))
A68: =Monthly!L5 -> 46394 | B68: =TEXT(A68,"ddd") -> Thu | C68: A018 | D68: Monthly Progress Report (MPR) (including Invoice Data, ODC Data, Travel Data) – Dec 2026 | E68: Monthly | F68: =IF(Monthly!L12="","",Monthly!L12) | G68: =IF(Monthly!L13="","",Monthly!L13) | H68: =IF(Monthly!L14="","",Monthly!L14) | I68: =IF(Monthly!L15="","",Monthly!L15) | J68: =IF(Monthly!L16="","",Monthly!L16) | K68: =IF(AND(H68<>"",J68<>""),"Fully accepted",IF(H68<>"","COR only",IF(J68<>"","J698 only",""))) | L68: =A68-TodayD -> 86 | M68: =IF(K68="Fully accepted","Done",IF(F68="N/A","N/A",IF(F68="Returned","Returned: resubmit",IF(K68="COR only","Awaiting J698",IF(K68="J698 only","Awaiting COR",IF(F68="Submitted","Awaiting COR + J698",IF(A68<TodayD,"OVERDUE",IF(A68-TodayD<=7,"Due within 7 days",""))))))))
A69: =Monthly!L5 -> 46394 | B69: =TEXT(A69,"ddd") -> Thu | C69: A020 | D69: Technical Library Documentation Report – Dec 2026 | E69: Monthly | F69: =IF(Monthly!L18="","",Monthly!L18) | G69: =IF(Monthly!L19="","",Monthly!L19) | H69: =IF(Monthly!L20="","",Monthly!L20) | I69: =IF(Monthly!L21="","",Monthly!L21) | J69: =IF(Monthly!L22="","",Monthly!L22) | K69: =IF(AND(H69<>"",J69<>""),"Fully accepted",IF(H69<>"","COR only",IF(J69<>"","J698 only",""))) | L69: =A69-TodayD -> 86 | M69: =IF(K69="Fully accepted","Done",IF(F69="N/A","N/A",IF(F69="Returned","Returned: resubmit",IF(K69="COR only","Awaiting J698",IF(K69="J698 only","Awaiting COR",IF(F69="Submitted","Awaiting COR + J698",IF(A69<TodayD,"OVERDUE",IF(A69-TodayD<=7,"Due within 7 days",""))))))))
A70: =Monthly!L5 -> 46394 | B70: =TEXT(A70,"ddd") -> Thu | C70: A021 | D70: Technical Briefing/ Presentation – Dec 2026 | E70: Monthly | F70: =IF(Monthly!L24="","",Monthly!L24) | G70: =IF(Monthly!L25="","",Monthly!L25) | H70: =IF(Monthly!L26="","",Monthly!L26) | I70: =IF(Monthly!L27="","",Monthly!L27) | J70: =IF(Monthly!L28="","",Monthly!L28) | K70: =IF(AND(H70<>"",J70<>""),"Fully accepted",IF(H70<>"","COR only",IF(J70<>"","J698 only",""))) | L70: =A70-TodayD -> 86 | M70: =IF(K70="Fully accepted","Done",IF(F70="N/A","N/A",IF(F70="Returned","Returned: resubmit",IF(K70="COR only","Awaiting J698",IF(K70="J698 only","Awaiting COR",IF(F70="Submitted","Awaiting COR + J698",IF(A70<TodayD,"OVERDUE",IF(A70-TodayD<=7,"Due within 7 days",""))))))))
A71: =Weekly!AA5 -> 46395 | B71: =TEXT(A71,"ddd") -> Fri | C71: A007 | D71: ACAS Scans – Wk 19 | E71: Weekly | F71: =IF(Weekly!AA12="","",Weekly!AA12) | G71: =IF(Weekly!AA13="","",Weekly!AA13) | H71: =IF(Weekly!AA14="","",Weekly!AA14) | I71: =IF(Weekly!AA15="","",Weekly!AA15) | J71: =IF(Weekly!AA16="","",Weekly!AA16) | K71: =IF(AND(H71<>"",J71<>""),"Fully accepted",IF(H71<>"","COR only",IF(J71<>"","J698 only",""))) | L71: =A71-TodayD -> 87 | M71: =IF(K71="Fully accepted","Done",IF(F71="N/A","N/A",IF(F71="Returned","Returned: resubmit",IF(K71="COR only","Awaiting J698",IF(K71="J698 only","Awaiting COR",IF(F71="Submitted","Awaiting COR + J698",IF(A71<TodayD,"OVERDUE",IF(A71-TodayD<=7,"Due within 7 days",""))))))))
A72: =Weekly!AA5 -> 46395 | B72: =TEXT(A72,"ddd") -> Fri | C72: A019 | D72: Weekly Activity Report (WAR) – Wk 19 | E72: Weekly | F72: =IF(Weekly!AA6="","",Weekly!AA6) | G72: =IF(Weekly!AA7="","",Weekly!AA7) | H72: =IF(Weekly!AA8="","",Weekly!AA8) | I72: =IF(Weekly!AA9="","",Weekly!AA9) | J72: =IF(Weekly!AA10="","",Weekly!AA10) | K72: =IF(AND(H72<>"",J72<>""),"Fully accepted",IF(H72<>"","COR only",IF(J72<>"","J698 only",""))) | L72: =A72-TodayD -> 87 | M72: =IF(K72="Fully accepted","Done",IF(F72="N/A","N/A",IF(F72="Returned","Returned: resubmit",IF(K72="COR only","Awaiting J698",IF(K72="J698 only","Awaiting COR",IF(F72="Submitted","Awaiting COR + J698",IF(A72<TodayD,"OVERDUE",IF(A72-TodayD<=7,"Due within 7 days",""))))))))
A73: =Weekly!AB5 -> 46402 | B73: =TEXT(A73,"ddd") -> Fri | C73: A007 | D73: ACAS Scans – Wk 20 | E73: Weekly | F73: =IF(Weekly!AB12="","",Weekly!AB12) | G73: =IF(Weekly!AB13="","",Weekly!AB13) | H73: =IF(Weekly!AB14="","",Weekly!AB14) | I73: =IF(Weekly!AB15="","",Weekly!AB15) | J73: =IF(Weekly!AB16="","",Weekly!AB16) | K73: =IF(AND(H73<>"",J73<>""),"Fully accepted",IF(H73<>"","COR only",IF(J73<>"","J698 only",""))) | L73: =A73-TodayD -> 94 | M73: =IF(K73="Fully accepted","Done",IF(F73="N/A","N/A",IF(F73="Returned","Returned: resubmit",IF(K73="COR only","Awaiting J698",IF(K73="J698 only","Awaiting COR",IF(F73="Submitted","Awaiting COR + J698",IF(A73<TodayD,"OVERDUE",IF(A73-TodayD<=7,"Due within 7 days",""))))))))
A74: =Weekly!AB5 -> 46402 | B74: =TEXT(A74,"ddd") -> Fri | C74: A019 | D74: Weekly Activity Report (WAR) – Wk 20 | E74: Weekly | F74: =IF(Weekly!AB6="","",Weekly!AB6) | G74: =IF(Weekly!AB7="","",Weekly!AB7) | H74: =IF(Weekly!AB8="","",Weekly!AB8) | I74: =IF(Weekly!AB9="","",Weekly!AB9) | J74: =IF(Weekly!AB10="","",Weekly!AB10) | K74: =IF(AND(H74<>"",J74<>""),"Fully accepted",IF(H74<>"","COR only",IF(J74<>"","J698 only",""))) | L74: =A74-TodayD -> 94 | M74: =IF(K74="Fully accepted","Done",IF(F74="N/A","N/A",IF(F74="Returned","Returned: resubmit",IF(K74="COR only","Awaiting J698",IF(K74="J698 only","Awaiting COR",IF(F74="Submitted","Awaiting COR + J698",IF(A74<TodayD,"OVERDUE",IF(A74-TodayD<=7,"Due within 7 days",""))))))))
A75: =Weekly!AC5 -> 46409 | B75: =TEXT(A75,"ddd") -> Fri | C75: A007 | D75: ACAS Scans – Wk 21 | E75: Weekly | F75: =IF(Weekly!AC12="","",Weekly!AC12) | G75: =IF(Weekly!AC13="","",Weekly!AC13) | H75: =IF(Weekly!AC14="","",Weekly!AC14) | I75: =IF(Weekly!AC15="","",Weekly!AC15) | J75: =IF(Weekly!AC16="","",Weekly!AC16) | K75: =IF(AND(H75<>"",J75<>""),"Fully accepted",IF(H75<>"","COR only",IF(J75<>"","J698 only",""))) | L75: =A75-TodayD -> 101 | M75: =IF(K75="Fully accepted","Done",IF(F75="N/A","N/A",IF(F75="Returned","Returned: resubmit",IF(K75="COR only","Awaiting J698",IF(K75="J698 only","Awaiting COR",IF(F75="Submitted","Awaiting COR + J698",IF(A75<TodayD,"OVERDUE",IF(A75-TodayD<=7,"Due within 7 days",""))))))))
A76: =Weekly!AC5 -> 46409 | B76: =TEXT(A76,"ddd") -> Fri | C76: A019 | D76: Weekly Activity Report (WAR) – Wk 21 | E76: Weekly | F76: =IF(Weekly!AC6="","",Weekly!AC6) | G76: =IF(Weekly!AC7="","",Weekly!AC7) | H76: =IF(Weekly!AC8="","",Weekly!AC8) | I76: =IF(Weekly!AC9="","",Weekly!AC9) | J76: =IF(Weekly!AC10="","",Weekly!AC10) | K76: =IF(AND(H76<>"",J76<>""),"Fully accepted",IF(H76<>"","COR only",IF(J76<>"","J698 only",""))) | L76: =A76-TodayD -> 101 | M76: =IF(K76="Fully accepted","Done",IF(F76="N/A","N/A",IF(F76="Returned","Returned: resubmit",IF(K76="COR only","Awaiting J698",IF(K76="J698 only","Awaiting COR",IF(F76="Submitted","Awaiting COR + J698",IF(A76<TodayD,"OVERDUE",IF(A76-TodayD<=7,"Due within 7 days",""))))))))
A77: =Weekly!AD5 -> 46416 | B77: =TEXT(A77,"ddd") -> Fri | C77: A007 | D77: ACAS Scans – Wk 22 | E77: Weekly | F77: =IF(Weekly!AD12="","",Weekly!AD12) | G77: =IF(Weekly!AD13="","",Weekly!AD13) | H77: =IF(Weekly!AD14="","",Weekly!AD14) | I77: =IF(Weekly!AD15="","",Weekly!AD15) | J77: =IF(Weekly!AD16="","",Weekly!AD16) | K77: =IF(AND(H77<>"",J77<>""),"Fully accepted",IF(H77<>"","COR only",IF(J77<>"","J698 only",""))) | L77: =A77-TodayD -> 108 | M77: =IF(K77="Fully accepted","Done",IF(F77="N/A","N/A",IF(F77="Returned","Returned: resubmit",IF(K77="COR only","Awaiting J698",IF(K77="J698 only","Awaiting COR",IF(F77="Submitted","Awaiting COR + J698",IF(A77<TodayD,"OVERDUE",IF(A77-TodayD<=7,"Due within 7 days",""))))))))
A78: =Weekly!AD5 -> 46416 | B78: =TEXT(A78,"ddd") -> Fri | C78: A019 | D78: Weekly Activity Report (WAR) – Wk 22 | E78: Weekly | F78: =IF(Weekly!AD6="","",Weekly!AD6) | G78: =IF(Weekly!AD7="","",Weekly!AD7) | H78: =IF(Weekly!AD8="","",Weekly!AD8) | I78: =IF(Weekly!AD9="","",Weekly!AD9) | J78: =IF(Weekly!AD10="","",Weekly!AD10) | K78: =IF(AND(H78<>"",J78<>""),"Fully accepted",IF(H78<>"","COR only",IF(J78<>"","J698 only",""))) | L78: =A78-TodayD -> 108 | M78: =IF(K78="Fully accepted","Done",IF(F78="N/A","N/A",IF(F78="Returned","Returned: resubmit",IF(K78="COR only","Awaiting J698",IF(K78="J698 only","Awaiting COR",IF(F78="Submitted","Awaiting COR + J698",IF(A78<TodayD,"OVERDUE",IF(A78-TodayD<=7,"Due within 7 days",""))))))))
A79: =Weekly!AE5 -> 46423 | B79: =TEXT(A79,"ddd") -> Fri | C79: A007 | D79: ACAS Scans – Wk 23 | E79: Weekly | F79: =IF(Weekly!AE12="","",Weekly!AE12) | G79: =IF(Weekly!AE13="","",Weekly!AE13) | H79: =IF(Weekly!AE14="","",Weekly!AE14) | I79: =IF(Weekly!AE15="","",Weekly!AE15) | J79: =IF(Weekly!AE16="","",Weekly!AE16) | K79: =IF(AND(H79<>"",J79<>""),"Fully accepted",IF(H79<>"","COR only",IF(J79<>"","J698 only",""))) | L79: =A79-TodayD -> 115 | M79: =IF(K79="Fully accepted","Done",IF(F79="N/A","N/A",IF(F79="Returned","Returned: resubmit",IF(K79="COR only","Awaiting J698",IF(K79="J698 only","Awaiting COR",IF(F79="Submitted","Awaiting COR + J698",IF(A79<TodayD,"OVERDUE",IF(A79-TodayD<=7,"Due within 7 days",""))))))))
A80: =Monthly!M5 -> 46423 | B80: =TEXT(A80,"ddd") -> Fri | C80: A017 | D80: Integrated Master Schedule – Jan 2027 | E80: Monthly | F80: =IF(Monthly!M6="","",Monthly!M6) | G80: =IF(Monthly!M7="","",Monthly!M7) | H80: =IF(Monthly!M8="","",Monthly!M8) | I80: =IF(Monthly!M9="","",Monthly!M9) | J80: =IF(Monthly!M10="","",Monthly!M10) | K80: =IF(AND(H80<>"",J80<>""),"Fully accepted",IF(H80<>"","COR only",IF(J80<>"","J698 only",""))) | L80: =A80-TodayD -> 115 | M80: =IF(K80="Fully accepted","Done",IF(F80="N/A","N/A",IF(F80="Returned","Returned: resubmit",IF(K80="COR only","Awaiting J698",IF(K80="J698 only","Awaiting COR",IF(F80="Submitted","Awaiting COR + J698",IF(A80<TodayD,"OVERDUE",IF(A80-TodayD<=7,"Due within 7 days",""))))))))
A81: =Monthly!M5 -> 46423 | B81: =TEXT(A81,"ddd") -> Fri | C81: A018 | D81: Monthly Progress Report (MPR) (including Invoice Data, ODC Data, Travel Data) – Jan 2027 | E81: Monthly | F81: =IF(Monthly!M12="","",Monthly!M12) | G81: =IF(Monthly!M13="","",Monthly!M13) | H81: =IF(Monthly!M14="","",Monthly!M14) | I81: =IF(Monthly!M15="","",Monthly!M15) | J81: =IF(Monthly!M16="","",Monthly!M16) | K81: =IF(AND(H81<>"",J81<>""),"Fully accepted",IF(H81<>"","COR only",IF(J81<>"","J698 only",""))) | L81: =A81-TodayD -> 115 | M81: =IF(K81="Fully accepted","Done",IF(F81="N/A","N/A",IF(F81="Returned","Returned: resubmit",IF(K81="COR only","Awaiting J698",IF(K81="J698 only","Awaiting COR",IF(F81="Submitted","Awaiting COR + J698",IF(A81<TodayD,"OVERDUE",IF(A81-TodayD<=7,"Due within 7 days",""))))))))
A82: =Weekly!AE5 -> 46423 | B82: =TEXT(A82,"ddd") -> Fri | C82: A019 | D82: Weekly Activity Report (WAR) – Wk 23 | E82: Weekly | F82: =IF(Weekly!AE6="","",Weekly!AE6) | G82: =IF(Weekly!AE7="","",Weekly!AE7) | H82: =IF(Weekly!AE8="","",Weekly!AE8) | I82: =IF(Weekly!AE9="","",Weekly!AE9) | J82: =IF(Weekly!AE10="","",Weekly!AE10) | K82: =IF(AND(H82<>"",J82<>""),"Fully accepted",IF(H82<>"","COR only",IF(J82<>"","J698 only",""))) | L82: =A82-TodayD -> 115 | M82: =IF(K82="Fully accepted","Done",IF(F82="N/A","N/A",IF(F82="Returned","Returned: resubmit",IF(K82="COR only","Awaiting J698",IF(K82="J698 only","Awaiting COR",IF(F82="Submitted","Awaiting COR + J698",IF(A82<TodayD,"OVERDUE",IF(A82-TodayD<=7,"Due within 7 days",""))))))))
A83: =Monthly!M5 -> 46423 | B83: =TEXT(A83,"ddd") -> Fri | C83: A020 | D83: Technical Library Documentation Report – Jan 2027 | E83: Monthly | F83: =IF(Monthly!M18="","",Monthly!M18) | G83: =IF(Monthly!M19="","",Monthly!M19) | H83: =IF(Monthly!M20="","",Monthly!M20) | I83: =IF(Monthly!M21="","",Monthly!M21) | J83: =IF(Monthly!M22="","",Monthly!M22) | K83: =IF(AND(H83<>"",J83<>""),"Fully accepted",IF(H83<>"","COR only",IF(J83<>"","J698 only",""))) | L83: =A83-TodayD -> 115 | M83: =IF(K83="Fully accepted","Done",IF(F83="N/A","N/A",IF(F83="Returned","Returned: resubmit",IF(K83="COR only","Awaiting J698",IF(K83="J698 only","Awaiting COR",IF(F83="Submitted","Awaiting COR + J698",IF(A83<TodayD,"OVERDUE",IF(A83-TodayD<=7,"Due within 7 days",""))))))))
A84: =Monthly!M5 -> 46423 | B84: =TEXT(A84,"ddd") -> Fri | C84: A021 | D84: Technical Briefing/ Presentation – Jan 2027 | E84: Monthly | F84: =IF(Monthly!M24="","",Monthly!M24) | G84: =IF(Monthly!M25="","",Monthly!M25) | H84: =IF(Monthly!M26="","",Monthly!M26) | I84: =IF(Monthly!M27="","",Monthly!M27) | J84: =IF(Monthly!M28="","",Monthly!M28) | K84: =IF(AND(H84<>"",J84<>""),"Fully accepted",IF(H84<>"","COR only",IF(J84<>"","J698 only",""))) | L84: =A84-TodayD -> 115 | M84: =IF(K84="Fully accepted","Done",IF(F84="N/A","N/A",IF(F84="Returned","Returned: resubmit",IF(K84="COR only","Awaiting J698",IF(K84="J698 only","Awaiting COR",IF(F84="Submitted","Awaiting COR + J698",IF(A84<TodayD,"OVERDUE",IF(A84-TodayD<=7,"Due within 7 days",""))))))))
A85: =Weekly!AF5 -> 46430 | B85: =TEXT(A85,"ddd") -> Fri | C85: A007 | D85: ACAS Scans – Wk 24 | E85: Weekly | F85: =IF(Weekly!AF12="","",Weekly!AF12) | G85: =IF(Weekly!AF13="","",Weekly!AF13) | H85: =IF(Weekly!AF14="","",Weekly!AF14) | I85: =IF(Weekly!AF15="","",Weekly!AF15) | J85: =IF(Weekly!AF16="","",Weekly!AF16) | K85: =IF(AND(H85<>"",J85<>""),"Fully accepted",IF(H85<>"","COR only",IF(J85<>"","J698 only",""))) | L85: =A85-TodayD -> 122 | M85: =IF(K85="Fully accepted","Done",IF(F85="N/A","N/A",IF(F85="Returned","Returned: resubmit",IF(K85="COR only","Awaiting J698",IF(K85="J698 only","Awaiting COR",IF(F85="Submitted","Awaiting COR + J698",IF(A85<TodayD,"OVERDUE",IF(A85-TodayD<=7,"Due within 7 days",""))))))))
A86: =Weekly!AF5 -> 46430 | B86: =TEXT(A86,"ddd") -> Fri | C86: A019 | D86: Weekly Activity Report (WAR) – Wk 24 | E86: Weekly | F86: =IF(Weekly!AF6="","",Weekly!AF6) | G86: =IF(Weekly!AF7="","",Weekly!AF7) | H86: =IF(Weekly!AF8="","",Weekly!AF8) | I86: =IF(Weekly!AF9="","",Weekly!AF9) | J86: =IF(Weekly!AF10="","",Weekly!AF10) | K86: =IF(AND(H86<>"",J86<>""),"Fully accepted",IF(H86<>"","COR only",IF(J86<>"","J698 only",""))) | L86: =A86-TodayD -> 122 | M86: =IF(K86="Fully accepted","Done",IF(F86="N/A","N/A",IF(F86="Returned","Returned: resubmit",IF(K86="COR only","Awaiting J698",IF(K86="J698 only","Awaiting COR",IF(F86="Submitted","Awaiting COR + J698",IF(A86<TodayD,"OVERDUE",IF(A86-TodayD<=7,"Due within 7 days",""))))))))
A87: =Weekly!AG5 -> 46437 | B87: =TEXT(A87,"ddd") -> Fri | C87: A007 | D87: ACAS Scans – Wk 25 | E87: Weekly | F87: =IF(Weekly!AG12="","",Weekly!AG12) | G87: =IF(Weekly!AG13="","",Weekly!AG13) | H87: =IF(Weekly!AG14="","",Weekly!AG14) | I87: =IF(Weekly!AG15="","",Weekly!AG15) | J87: =IF(Weekly!AG16="","",Weekly!AG16) | K87: =IF(AND(H87<>"",J87<>""),"Fully accepted",IF(H87<>"","COR only",IF(J87<>"","J698 only",""))) | L87: =A87-TodayD -> 129 | M87: =IF(K87="Fully accepted","Done",IF(F87="N/A","N/A",IF(F87="Returned","Returned: resubmit",IF(K87="COR only","Awaiting J698",IF(K87="J698 only","Awaiting COR",IF(F87="Submitted","Awaiting COR + J698",IF(A87<TodayD,"OVERDUE",IF(A87-TodayD<=7,"Due within 7 days",""))))))))
A88: =Weekly!AG5 -> 46437 | B88: =TEXT(A88,"ddd") -> Fri | C88: A019 | D88: Weekly Activity Report (WAR) – Wk 25 | E88: Weekly | F88: =IF(Weekly!AG6="","",Weekly!AG6) | G88: =IF(Weekly!AG7="","",Weekly!AG7) | H88: =IF(Weekly!AG8="","",Weekly!AG8) | I88: =IF(Weekly!AG9="","",Weekly!AG9) | J88: =IF(Weekly!AG10="","",Weekly!AG10) | K88: =IF(AND(H88<>"",J88<>""),"Fully accepted",IF(H88<>"","COR only",IF(J88<>"","J698 only",""))) | L88: =A88-TodayD -> 129 | M88: =IF(K88="Fully accepted","Done",IF(F88="N/A","N/A",IF(F88="Returned","Returned: resubmit",IF(K88="COR only","Awaiting J698",IF(K88="J698 only","Awaiting COR",IF(F88="Submitted","Awaiting COR + J698",IF(A88<TodayD,"OVERDUE",IF(A88-TodayD<=7,"Due within 7 days",""))))))))
A89: =Weekly!AH5 -> 46444 | B89: =TEXT(A89,"ddd") -> Fri | C89: A007 | D89: ACAS Scans – Wk 26 | E89: Weekly | F89: =IF(Weekly!AH12="","",Weekly!AH12) | G89: =IF(Weekly!AH13="","",Weekly!AH13) | H89: =IF(Weekly!AH14="","",Weekly!AH14) | I89: =IF(Weekly!AH15="","",Weekly!AH15) | J89: =IF(Weekly!AH16="","",Weekly!AH16) | K89: =IF(AND(H89<>"",J89<>""),"Fully accepted",IF(H89<>"","COR only",IF(J89<>"","J698 only",""))) | L89: =A89-TodayD -> 136 | M89: =IF(K89="Fully accepted","Done",IF(F89="N/A","N/A",IF(F89="Returned","Returned: resubmit",IF(K89="COR only","Awaiting J698",IF(K89="J698 only","Awaiting COR",IF(F89="Submitted","Awaiting COR + J698",IF(A89<TodayD,"OVERDUE",IF(A89-TodayD<=7,"Due within 7 days",""))))))))
A90: =Weekly!AH5 -> 46444 | B90: =TEXT(A90,"ddd") -> Fri | C90: A019 | D90: Weekly Activity Report (WAR) – Wk 26 | E90: Weekly | F90: =IF(Weekly!AH6="","",Weekly!AH6) | G90: =IF(Weekly!AH7="","",Weekly!AH7) | H90: =IF(Weekly!AH8="","",Weekly!AH8) | I90: =IF(Weekly!AH9="","",Weekly!AH9) | J90: =IF(Weekly!AH10="","",Weekly!AH10) | K90: =IF(AND(H90<>"",J90<>""),"Fully accepted",IF(H90<>"","COR only",IF(J90<>"","J698 only",""))) | L90: =A90-TodayD -> 136 | M90: =IF(K90="Fully accepted","Done",IF(F90="N/A","N/A",IF(F90="Returned","Returned: resubmit",IF(K90="COR only","Awaiting J698",IF(K90="J698 only","Awaiting COR",IF(F90="Submitted","Awaiting COR + J698",IF(A90<TodayD,"OVERDUE",IF(A90-TodayD<=7,"Due within 7 days",""))))))))
A91: =Weekly!AI5 -> 46451 | B91: =TEXT(A91,"ddd") -> Fri | C91: A007 | D91: ACAS Scans – Wk 27 | E91: Weekly | F91: =IF(Weekly!AI12="","",Weekly!AI12) | G91: =IF(Weekly!AI13="","",Weekly!AI13) | H91: =IF(Weekly!AI14="","",Weekly!AI14) | I91: =IF(Weekly!AI15="","",Weekly!AI15) | J91: =IF(Weekly!AI16="","",Weekly!AI16) | K91: =IF(AND(H91<>"",J91<>""),"Fully accepted",IF(H91<>"","COR only",IF(J91<>"","J698 only",""))) | L91: =A91-TodayD -> 143 | M91: =IF(K91="Fully accepted","Done",IF(F91="N/A","N/A",IF(F91="Returned","Returned: resubmit",IF(K91="COR only","Awaiting J698",IF(K91="J698 only","Awaiting COR",IF(F91="Submitted","Awaiting COR + J698",IF(A91<TodayD,"OVERDUE",IF(A91-TodayD<=7,"Due within 7 days",""))))))))
A92: =Monthly!N5 -> 46451 | B92: =TEXT(A92,"ddd") -> Fri | C92: A017 | D92: Integrated Master Schedule – Feb 2027 | E92: Monthly | F92: =IF(Monthly!N6="","",Monthly!N6) | G92: =IF(Monthly!N7="","",Monthly!N7) | H92: =IF(Monthly!N8="","",Monthly!N8) | I92: =IF(Monthly!N9="","",Monthly!N9) | J92: =IF(Monthly!N10="","",Monthly!N10) | K92: =IF(AND(H92<>"",J92<>""),"Fully accepted",IF(H92<>"","COR only",IF(J92<>"","J698 only",""))) | L92: =A92-TodayD -> 143 | M92: =IF(K92="Fully accepted","Done",IF(F92="N/A","N/A",IF(F92="Returned","Returned: resubmit",IF(K92="COR only","Awaiting J698",IF(K92="J698 only","Awaiting COR",IF(F92="Submitted","Awaiting COR + J698",IF(A92<TodayD,"OVERDUE",IF(A92-TodayD<=7,"Due within 7 days",""))))))))
A93: =Monthly!N5 -> 46451 | B93: =TEXT(A93,"ddd") -> Fri | C93: A018 | D93: Monthly Progress Report (MPR) (including Invoice Data, ODC Data, Travel Data) – Feb 2027 | E93: Monthly | F93: =IF(Monthly!N12="","",Monthly!N12) | G93: =IF(Monthly!N13="","",Monthly!N13) | H93: =IF(Monthly!N14="","",Monthly!N14) | I93: =IF(Monthly!N15="","",Monthly!N15) | J93: =IF(Monthly!N16="","",Monthly!N16) | K93: =IF(AND(H93<>"",J93<>""),"Fully accepted",IF(H93<>"","COR only",IF(J93<>"","J698 only",""))) | L93: =A93-TodayD -> 143 | M93: =IF(K93="Fully accepted","Done",IF(F93="N/A","N/A",IF(F93="Returned","Returned: resubmit",IF(K93="COR only","Awaiting J698",IF(K93="J698 only","Awaiting COR",IF(F93="Submitted","Awaiting COR + J698",IF(A93<TodayD,"OVERDUE",IF(A93-TodayD<=7,"Due within 7 days",""))))))))
A94: =Weekly!AI5 -> 46451 | B94: =TEXT(A94,"ddd") -> Fri | C94: A019 | D94: Weekly Activity Report (WAR) – Wk 27 | E94: Weekly | F94: =IF(Weekly!AI6="","",Weekly!AI6) | G94: =IF(Weekly!AI7="","",Weekly!AI7) | H94: =IF(Weekly!AI8="","",Weekly!AI8) | I94: =IF(Weekly!AI9="","",Weekly!AI9) | J94: =IF(Weekly!AI10="","",Weekly!AI10) | K94: =IF(AND(H94<>"",J94<>""),"Fully accepted",IF(H94<>"","COR only",IF(J94<>"","J698 only",""))) | L94: =A94-TodayD -> 143 | M94: =IF(K94="Fully accepted","Done",IF(F94="N/A","N/A",IF(F94="Returned","Returned: resubmit",IF(K94="COR only","Awaiting J698",IF(K94="J698 only","Awaiting COR",IF(F94="Submitted","Awaiting COR + J698",IF(A94<TodayD,"OVERDUE",IF(A94-TodayD<=7,"Due within 7 days",""))))))))
A95: =Monthly!N5 -> 46451 | B95: =TEXT(A95,"ddd") -> Fri | C95: A020 | D95: Technical Library Documentation Report – Feb 2027 | E95: Monthly | F95: =IF(Monthly!N18="","",Monthly!N18) | G95: =IF(Monthly!N19="","",Monthly!N19) | H95: =IF(Monthly!N20="","",Monthly!N20) | I95: =IF(Monthly!N21="","",Monthly!N21) | J95: =IF(Monthly!N22="","",Monthly!N22) | K95: =IF(AND(H95<>"",J95<>""),"Fully accepted",IF(H95<>"","COR only",IF(J95<>"","J698 only",""))) | L95: =A95-TodayD -> 143 | M95: =IF(K95="Fully accepted","Done",IF(F95="N/A","N/A",IF(F95="Returned","Returned: resubmit",IF(K95="COR only","Awaiting J698",IF(K95="J698 only","Awaiting COR",IF(F95="Submitted","Awaiting COR + J698",IF(A95<TodayD,"OVERDUE",IF(A95-TodayD<=7,"Due within 7 days",""))))))))
A96: =Monthly!N5 -> 46451 | B96: =TEXT(A96,"ddd") -> Fri | C96: A021 | D96: Technical Briefing/ Presentation – Feb 2027 | E96: Monthly | F96: =IF(Monthly!N24="","",Monthly!N24) | G96: =IF(Monthly!N25="","",Monthly!N25) | H96: =IF(Monthly!N26="","",Monthly!N26) | I96: =IF(Monthly!N27="","",Monthly!N27) | J96: =IF(Monthly!N28="","",Monthly!N28) | K96: =IF(AND(H96<>"",J96<>""),"Fully accepted",IF(H96<>"","COR only",IF(J96<>"","J698 only",""))) | L96: =A96-TodayD -> 143 | M96: =IF(K96="Fully accepted","Done",IF(F96="N/A","N/A",IF(F96="Returned","Returned: resubmit",IF(K96="COR only","Awaiting J698",IF(K96="J698 only","Awaiting COR",IF(F96="Submitted","Awaiting COR + J698",IF(A96<TodayD,"OVERDUE",IF(A96-TodayD<=7,"Due within 7 days",""))))))))
A97: =Weekly!AJ5 -> 46458 | B97: =TEXT(A97,"ddd") -> Fri | C97: A007 | D97: ACAS Scans – Wk 28 | E97: Weekly | F97: =IF(Weekly!AJ12="","",Weekly!AJ12) | G97: =IF(Weekly!AJ13="","",Weekly!AJ13) | H97: =IF(Weekly!AJ14="","",Weekly!AJ14) | I97: =IF(Weekly!AJ15="","",Weekly!AJ15) | J97: =IF(Weekly!AJ16="","",Weekly!AJ16) | K97: =IF(AND(H97<>"",J97<>""),"Fully accepted",IF(H97<>"","COR only",IF(J97<>"","J698 only",""))) | L97: =A97-TodayD -> 150 | M97: =IF(K97="Fully accepted","Done",IF(F97="N/A","N/A",IF(F97="Returned","Returned: resubmit",IF(K97="COR only","Awaiting J698",IF(K97="J698 only","Awaiting COR",IF(F97="Submitted","Awaiting COR + J698",IF(A97<TodayD,"OVERDUE",IF(A97-TodayD<=7,"Due within 7 days",""))))))))
A98: =Weekly!AJ5 -> 46458 | B98: =TEXT(A98,"ddd") -> Fri | C98: A019 | D98: Weekly Activity Report (WAR) – Wk 28 | E98: Weekly | F98: =IF(Weekly!AJ6="","",Weekly!AJ6) | G98: =IF(Weekly!AJ7="","",Weekly!AJ7) | H98: =IF(Weekly!AJ8="","",Weekly!AJ8) | I98: =IF(Weekly!AJ9="","",Weekly!AJ9) | J98: =IF(Weekly!AJ10="","",Weekly!AJ10) | K98: =IF(AND(H98<>"",J98<>""),"Fully accepted",IF(H98<>"","COR only",IF(J98<>"","J698 only",""))) | L98: =A98-TodayD -> 150 | M98: =IF(K98="Fully accepted","Done",IF(F98="N/A","N/A",IF(F98="Returned","Returned: resubmit",IF(K98="COR only","Awaiting J698",IF(K98="J698 only","Awaiting COR",IF(F98="Submitted","Awaiting COR + J698",IF(A98<TodayD,"OVERDUE",IF(A98-TodayD<=7,"Due within 7 days",""))))))))
A99: =Weekly!AK5 -> 46465 | B99: =TEXT(A99,"ddd") -> Fri | C99: A007 | D99: ACAS Scans – Wk 29 | E99: Weekly | F99: =IF(Weekly!AK12="","",Weekly!AK12) | G99: =IF(Weekly!AK13="","",Weekly!AK13) | H99: =IF(Weekly!AK14="","",Weekly!AK14) | I99: =IF(Weekly!AK15="","",Weekly!AK15) | J99: =IF(Weekly!AK16="","",Weekly!AK16) | K99: =IF(AND(H99<>"",J99<>""),"Fully accepted",IF(H99<>"","COR only",IF(J99<>"","J698 only",""))) | L99: =A99-TodayD -> 157 | M99: =IF(K99="Fully accepted","Done",IF(F99="N/A","N/A",IF(F99="Returned","Returned: resubmit",IF(K99="COR only","Awaiting J698",IF(K99="J698 only","Awaiting COR",IF(F99="Submitted","Awaiting COR + J698",IF(A99<TodayD,"OVERDUE",IF(A99-TodayD<=7,"Due within 7 days",""))))))))
A100: =Weekly!AK5 -> 46465 | B100: =TEXT(A100,"ddd") -> Fri | C100: A019 | D100: Weekly Activity Report (WAR) – Wk 29 | E100: Weekly | F100: =IF(Weekly!AK6="","",Weekly!AK6) | G100: =IF(Weekly!AK7="","",Weekly!AK7) | H100: =IF(Weekly!AK8="","",Weekly!AK8) | I100: =IF(Weekly!AK9="","",Weekly!AK9) | J100: =IF(Weekly!AK10="","",Weekly!AK10) | K100: =IF(AND(H100<>"",J100<>""),"Fully accepted",IF(H100<>"","COR only",IF(J100<>"","J698 only",""))) | L100: =A100-TodayD -> 157 | M100: =IF(K100="Fully accepted","Done",IF(F100="N/A","N/A",IF(F100="Returned","Returned: resubmit",IF(K100="COR only","Awaiting J698",IF(K100="J698 only","Awaiting COR",IF(F100="Submitted","Awaiting COR + J698",IF(A100<TodayD,"OVERDUE",IF(A100-TodayD<=7,"Due within 7 days",""))))))))
...
