Workbook

Sheet PWS Deliverables Tracker
D1: THUNDERDOME
A2: Month | B2: Performance Req Section | C2: Sub Task Number | D2: Paragraph / Section | E2: Frequency | F2: Category | G2: Primary Accountable POC | H2: Secondary Accountable POC | I2: Format of Deliverable | J2: Deliverable 1 | K2: Deliverable 2 | L2: Deliverable 3 | M2: Deliverable 4 | N2: Deliverable 5 | O2: Status Flow 1 | P2: Status Flow 2 | Q2: Status Flow 3 | AA2: Category | AB2: Status Flow 1 | AC2: Status Flow 2 | AD2: Status Flow 3 | AE2: Frequency | AF2: Month
A3: Oct | B3: 6.1 | C3: 6.1 | D3: Zero Trust AI Implementation (1 of 2) | E3: Mixed (see due row) | F3: Engineering | G3: Chris Kuznicki | H3: CW4 Michael Butler | I3: Government format | J3: A001 Implementation Approach and Architecture | K3: A002 ZT Governance Plan | L3: A004 ATO Documentation/ Artifacts | M3: A005 POA&Ms including risk acceptance POA&Ms for vulnerabilities that cannot be mitigated and STIGs that cannot be applied. | N3: A006 STIG/SRG Checklists | O3: Not Received | P3: Not Reviewed | AA3: Program Mgmt | AB3: Received | AC3: Reviewed | AD3: Accepted | AE3: Weekly | AF3: Jan
I4: PWS Due Date / Frequency | J4: Due: IAW IMS Freq: One-Time, update as needed Flag: Due "IAW IMS"; IMS must exist first | K4: Due: IAW IMS Freq: One-Time, update as needed Flag: Due "IAW IMS" | L4: Due: IAW IMS Freq: One-Time, update as needed Flag: Due "IAW IMS" | M4: Due: 30 days post vulnerability identification (if vulnerability cannot be mitigated) Freq: As Needed Flag: Body: CAT I POA&M if no fix in 1 week | N4: Due: Routine Updates Freq: Quarterly Dates: see Quarterly tab | AA4: Engineering | AB4: Not Received | AC4: Not Reviewed | AD4: Returned | AE4: Monthly | AF4: Feb
A5: Oct | B5: 6.1 | C5: 6.1 | D5: Zero Trust AI Implementation (2 of 2) | E5: Mixed (see due row) | F5: Engineering | G5: Chris Kuznicki | H5: CW4 Michael Butler | I5: Mixed (see deliverables) | J5: A007 ACAS Scans | K5: A016 Briefings Slides | L5: A024 DoDAF Artifacts/Diagrams (e.g., OV, SV) | M5: A025 Engineering Artifacts (e.g., Network/System Diagrams) | N5: A026 Concept of Operations (CONOPS) | O5: Not Received | P5: Not Reviewed | AA5: Operations | AC5: Demonstrated | AD5: Returned, but Fixed | AE5: Quarterly | AF5: Mar
I6: PWS Due Date / Frequency | J6: Due: As Needed Freq: Weekly Dates: see Weekly tab | K6: Due: As determined by the Government Freq: As required | L6: Due: As determined by the Government Freq: As needed | M6: Due: Within 10 business days after assignment Freq: As needed Flag: Near-duplicate of A032 | N6: Due: 60 days post deployment Freq: Once, updated yearly or with major change | AC6: Not Demonstrated | AE6: One-Time | AF6: Apr
A7: Oct | B7: 6.2 | C7: 6.2.1 | D7: Cybersecurity Engineering / A&A (1 of 3) | E7: Mixed (see due row) | F7: Engineering | G7: Chris Kuznicki | H7: CW4 Michael Butler | I7: Mixed (see deliverables) | J7: A003 eMASS Data Entry | K7: A004 ATO Documentation/ Artifacts | L7: A005 POA&Ms including risk acceptance POA&Ms for vulnerabilities that cannot be mitigated and STIGs that cannot be applied. | M7: A006 STIG/SRG Checklists | N7: A007 ACAS Scans | O7: Not Received | P7: Not Reviewed | AE7: One-Time + Updates | AF7: May
I8: PWS Due Date / Frequency | J8: Due: IAW IMS Freq: As Needed | K8: Due: IAW IMS Freq: One-Time, update as needed | L8: Due: 30 days post vulnerability identification (if vulnerability cannot be mitigated) Freq: As Needed | M8: Due: Routine Updates Freq: Quarterly Dates: see Quarterly tab | N8: Due: As Needed Freq: Weekly Dates: see Weekly tab | AE8: Per Package | AF8: Jun
A9: Oct | B9: 6.2 | C9: 6.2.1 | D9: Cybersecurity Engineering / A&A (2 of 3) | E9: Mixed (see due row) | F9: Engineering | G9: Chris Kuznicki | H9: CW4 Michael Butler | I9: Mixed (see deliverables) | J9: A008 System Change Requests Form/ Configuration Change Request | K9: A009 eMASS Package | L9: A010 Status updates on Security patches/hot fixes, OPORD, TASK ORDER, FISMA, PPSM, IAVM and STIGs | M9: A011 Incident Response Plan | N9: A012 Security Monitoring Reports | O9: Not Received | P9: Not Reviewed | AE9: As Needed | AF9: Jul
I10: PWS Due Date / Frequency | J10: Due: As needed Freq: As required | K10: Due: As needed Freq: One-Time per package, update as needed | L10: Due: As needed Freq: As required | M10: Due: IAW IMS Freq: One-Time, update as needed Flag: Due "IAW IMS" | N10: Due: Routine Updates Freq: Quarterly Dates: see Quarterly tab Flag: Same title as A040 | AE10: Mixed (see due row) | AF10: Aug
A11: Oct | B11: 6.2 | C11: 6.2.1 | D11: Cybersecurity Engineering / A&A (3 of 3) | E11: Mixed (see due row) | F11: Engineering | G11: Chris Kuznicki | H11: CW4 Michael Butler | I11: Mixed (see deliverables) | J11: A013 Vulnerability Scan Reports | K11: A014 Compliance Documentation | L11: A015 Security Assessment Report | O11: Not Received | P11: Not Reviewed | AE11: None named | AF11: Sep
I12: PWS Due Date / Frequency | J12: Due: Routine Updates Freq: Quarterly Dates: see Quarterly tab | K12: Due: 90 Days after award Freq: One per accreditation package Date: Tue 1 Dec 2026 | L12: Due: ICW Accreditation Freq: One per accreditation package | AF12: Oct
A13: Oct | B13: 6.2 | C13: 6.2.2 | D13: Partner Nation Coordination / Country Desk Officer Support | E13: As Needed | F13: Program Mgmt | G13: Dr Marvina Harring | H13: Donovan Cozzens | I13: Vendor format | J13: A016 Briefings Slides | O13: Not Received | P13: Not Reviewed | AF13: Nov
I14: PWS Due Date / Frequency | J14: Due: As determined by the Government Freq: As required | AF14: Dec
A15: Oct | B15: 6.3 | C15: 6.3.1 | D15: Task Order Mgmt / PMO Support for PMN | E15: Monthly | F15: Program Mgmt | G15: Dr Marvina Harring | H15: Donovan Cozzens | I15: Vendor format | J15: A017 Integrated Master Schedule | O15: Not Received | P15: Not Reviewed
I16: PWS Due Date / Frequency | J16: Due: As determined by the Government Freq: One per month Dates: see Monthly tab
A17: Oct | B17: 6.3 | C17: 6.3.1.1 | D17: Monthly Progress Report | E17: Monthly | F17: Program Mgmt | G17: Dr Marvina Harring | H17: Donovan Cozzens | I17: Vendor format | J17: A018 Monthly Progress Report (MPR) (including Invoice Data, ODC Data, Travel Data) | O17: Not Received | P17: Not Reviewed
I18: PWS Due Date / Frequency | J18: Due: As determined by the Government Freq: One per month Dates: see Monthly tab
A19: Oct | B19: 6.3 | C19: 6.3.1.2 | D19: Weekly Activity Report | E19: Weekly | F19: Program Mgmt | G19: Dr Marvina Harring | H19: Donovan Cozzens | I19: Vendor format | J19: A019 Weekly Activity Report (WAR) | O19: Not Received | P19: Not Reviewed
I20: PWS Due Date / Frequency | J20: Due: Every Friday Freq: Weekly Dates: see Weekly tab
A21: Oct | B21: 6.3 | C21: 6.3.1.3 | D21: Transition Planning | E21: One-Time | F21: Program Mgmt | G21: Dr Marvina Harring | H21: Donovan Cozzens | I21: Vendor format | J21: A041 Transition-In Plan | K21: A042 Transition-Out Plan | L21: A043 Task Order Closeout | O21: Not Received | P21: Not Reviewed
I22: PWS Due Date / Frequency | J22: Due: Initial Draft at Project Kickoff Meeting Final Draft 5 business days after contract award Freq: One-Time Date: draft Wed 2 Sep, final Wed 9 Sep 2026 Flag: Body: 30 days after kickoff | K22: Due: T-30 Days (30 Days Prior to Contract End) Freq: One-Time Date: Sun 3 Jan 2027 (base year only) or Fri 1 Jun 2029 Flag: Body: 120 days before end; table: T-30 | L22: Due: End of Contract Freq: One-Time Date: Mon 3 May 2027 (base year only) or Sat 29 Sep 2029
A23: Oct | B23: 6.3 | C23: 6.3.1.4 | D23: HW / SW Maintenance Support (Logistics) | E23: Mixed (see due row) | F23: Operations | G23: Brian Abrigo | H23: Chris Kuznicki | I23: Vendor format | J23: A019 Weekly Activity Report (WAR) | K23: A044 Logistics Deliverables | O23: Not Received | P23: Not Reviewed
I24: PWS Due Date / Frequency | J24: Due: Every Friday Freq: Weekly Dates: see Weekly tab | K24: Due: ICW MSR Freq: Updated as needed Flag: ICW MSR = Monthly Status Report; confirm it equals the MPR
A25: Oct | B25: 6.3 | C25: 6.3.1.5 | D25: Communications | E25: None named | F25: Program Mgmt | G25: Dr Marvina Harring | H25: Donovan Cozzens | I25: n/a | J25: None named in PWS
I26: PWS Due Date / Frequency | J26: PWS requires: Marketing material, engagement strategy. No deliverable ID or due date.
A27: Oct | B27: 6.3 | C27: 6.3.1.6 | D27: Cyber Capacity | E27: None named | F27: Program Mgmt | G27: Dr Marvina Harring | H27: Donovan Cozzens | I27: n/a | J27: None named in PWS
I28: PWS Due Date / Frequency | J28: PWS requires: Capacity-building objectives and engagements. No deliverable ID or due date.
A29: Oct | B29: 6.3 | C29: 6.3.1.7 | D29: Knowledge Mgmt, Technical Documentation and Meeting Support | E29: Mixed (see due row) | F29: Program Mgmt | G29: Dr Marvina Harring | H29: Donovan Cozzens | I29: Vendor format | J29: A020 Technical Library Documentation Report | K29: A021 Technical Briefing/ Presentation | L29: A022 Knowledge Management Site | O29: Not Received | P29: Not Reviewed
I30: PWS Due Date / Frequency | J30: Due: ICW MSR Freq: Once per month Dates: see Monthly tab Flag: ICW MSR = Monthly Status Report; confirm it equals the MPR | K30: Due: ICW MSR Freq: One per month Dates: see Monthly tab Flag: ICW MSR = Monthly Status Report; confirm it equals the MPR | L30: Due: ICW MSR Freq: Updated, as needed Flag: ICW MSR = Monthly Status Report; confirm it equals the MPR
A31: Oct | B31: 6.3 | C31: 6.3.2.1 | D31: Analysis of Alternatives | E31: As Needed | F31: Engineering | G31: Chris Kuznicki | H31: CW4 Michael Butler | I31: Vendor format | J31: A016 Briefings Slides | K31: A023 Whitepapers | O31: Not Received | P31: Not Reviewed
I32: PWS Due Date / Frequency | J32: Due: As determined by the Government Freq: As required | K32: Due: ICW MSR Freq: As needed
A33: Oct | B33: 6.3 | C33: 6.3.2.2 | D33: Network Transformation and Modernization Support | E33: One-Time + Updates | F33: Engineering | G33: Chris Kuznicki | H33: CW4 Michael Butler | I33: Vendor format | J33: A027 Network Modernization Plan | O33: Not Received | P33: Not Reviewed
I34: PWS Due Date / Frequency | J34: Due: 90 Days after contract award Freq: One-Time, updated yearly or with major change Date: Tue 1 Dec 2026
A35: Oct | B35: 6.3 | C35: 6.3.2.3 | D35: Zero Trust Policy Assessment | E35: Mixed (see due row) | F35: Engineering | G35: Chris Kuznicki | H35: CW4 Michael Butler | I35: Vendor format | J35: A023 Whitepapers | K35: A028 ZT Traceability Matrix | L35: A029 ZT Gap Analysis | M35: A030 Zero Trust Architecture Design Document | O35: Not Received | P35: Not Reviewed
I36: PWS Due Date / Frequency | J36: Due: ICW MSR Freq: As needed | K36: Due: ICW MSR Freq: One-Time, updated yearly or with major change Flag: ICW MSR = Monthly Status Report; confirm it equals the MPR | L36: Due: As determined by the Government Freq: One-Time, updated yearly or with major change | M36: Due: As determined by the Government Freq: One-Time, updated yearly or with major change
A37: Oct | B37: 6.3 | C37: 6.3.2.4 | D37: Architecture, Design and Engineering | E37: As Needed | F37: Engineering | G37: Chris Kuznicki | H37: CW4 Michael Butler | I37: Mixed (see deliverables) | J37: A016 Briefings Slides | K37: A023 Whitepapers | L37: A024 DoDAF Artifacts/Diagrams (e.g., OV, SV) | M37: A025 Engineering Artifacts (e.g., Network/System Diagrams) | O37: Not Received | P37: Not Reviewed
I38: PWS Due Date / Frequency | J38: Due: As determined by the Government Freq: As required | K38: Due: ICW MSR Freq: As needed Flag: Table omits this paragraph (6.3.2.4) | L38: Due: As determined by the Government Freq: As needed | M38: Due: Within 10 business days after assignment Freq: As needed
A39: Oct | B39: 6.3 | C39: 6.3.2.5 | D39: AppSS Integration, Implementation and Cutover | E39: Mixed (see due row) | F39: Engineering | G39: Chris Kuznicki | H39: CW4 Michael Butler | I39: Mixed (see deliverables) | J39: A031 Implementation Plan | K39: A032 Engineering Artifacts (e.g., Network/System Diagrams) | L39: A033 ASIs | O39: Not Received | P39: Not Reviewed
I40: PWS Due Date / Frequency | J40: Due: 30 days before Implementation Freq: As needed | K40: Due: Within 10 business days after assignment Freq: As needed Flag: Near-duplicate of A025 | L40: Due: 10 days upon expected outage unless otherwise noted by the Government (must receive Gov’t approval) Freq: One-Time
A41: Oct | B41: 6.3 | C41: 6.3.2.6 | D41: MPE Enterprise Management Services | E41: None named | F41: Program Mgmt | G41: Dr Marvina Harring | H41: Donovan Cozzens | I41: n/a | J41: None named in PWS
I42: PWS Due Date / Frequency | J42: PWS requires: SME governance support to MPE / CISO (PWS table cites A034 here; body does not). No deliverable ID or due date.
A43: Oct | B43: 6.3 | C43: 6.3.3.1 | D43: Site Specific Advanced Engineering Services | E43: Mixed (see due row) | F43: Engineering | G43: Chris Kuznicki | H43: CW4 Michael Butler | I43: Mixed (see deliverables) | J43: A016 Briefings Slides | K43: A023 Whitepapers | L43: A024 DoDAF Artifacts/Diagrams (e.g., OV, SV) | M43: A032 Engineering Artifacts (e.g., Network/System Diagrams) | N43: A034 Site Survey Reports | O43: Not Received | P43: Not Reviewed
I44: PWS Due Date / Frequency | J44: Due: As determined by the Government Freq: As required | K44: Due: ICW MSR Freq: As needed | L44: Due: As determined by the Government Freq: As needed | M44: Due: Within 10 business days after assignment Freq: As needed | N44: Due: IAW IMS Freq: One-Time Flag: Table also cites 6.3.2.6
A45: Oct | B45: 6.3 | C45: 6.3.3.2 | D45: Cutover of Existing Solutions | E45: Mixed (see due row) | F45: Engineering | G45: Chris Kuznicki | H45: CW4 Michael Butler | I45: Mixed (see deliverables) | J45: A031 Implementation Plan | K45: A032 Engineering Artifacts (e.g., Network/System Diagrams) | L45: A033 ASIs | O45: Not Received | P45: Not Reviewed
I46: PWS Due Date / Frequency | J46: Due: 30 days before Implementation Freq: As needed | K46: Due: Within 10 business days after assignment Freq: As needed | L46: Due: 10 days upon expected outage unless otherwise noted by the Government (must receive Gov’t approval) Freq: One-Time
A47: Oct | B47: 6.3 | C47: 6.3.3.3 | D47: Cutover of New ZT Solutions | E47: Mixed (see due row) | F47: Engineering | G47: Chris Kuznicki | H47: CW4 Michael Butler | I47: Mixed (see deliverables) | J47: A031 Implementation Plan | K47: A032 Engineering Artifacts (e.g., Network/System Diagrams) | L47: A033 ASIs | O47: Not Received | P47: Not Reviewed
I48: PWS Due Date / Frequency | J48: Due: 30 days before Implementation Freq: As needed | K48: Due: Within 10 business days after assignment Freq: As needed | L48: Due: 10 days upon expected outage unless otherwise noted by the Government (must receive Gov’t approval) Freq: One-Time
A49: Oct | B49: 6.3 | C49: 6.3.3.4 | D49: Operational VDI Deployment and Integration | E49: None named | F49: Engineering | G49: Chris Kuznicki | H49: CW4 Michael Butler | I49: n/a | J49: None named in PWS
I50: PWS Due Date / Frequency | J50: PWS requires: VDI baseline and templates. No deliverable ID or due date.
A51: Oct | B51: 6.3 | C51: 6.3.3.4.1 | D51: DCS Enabled Mission Applications | E51: None named | F51: Engineering | G51: Chris Kuznicki | H51: CW4 Michael Butler | I51: n/a | J51: None named in PWS
I52: PWS Due Date / Frequency | J52: PWS requires: Data-aware environment, DCS toolsets. No deliverable ID or due date.
A53: Oct | B53: 6.3 | C53: 6.3.3.5 | D53: Identity and Access Management | E53: None named | F53: Engineering | G53: Chris Kuznicki | H53: CW4 Michael Butler | I53: n/a | J53: None named in PWS
I54: PWS Due Date / Frequency | J54: PWS requires: MFA, RBAC, AD / CAC integration. No deliverable ID or due date.
A55: Oct | B55: 6.3 | C55: 6.3.3.6 | D55: Secure Enclave Migration | E55: None named | F55: Engineering | G55: Chris Kuznicki | H55: CW4 Michael Butler | I55: n/a | J55: None named in PWS
I56: PWS Due Date / Frequency | J56: PWS requires: "Comprehensive migration plan" with milestones and rollback. No deliverable ID or due date.
A57: Oct | B57: 6.3 | C57: 6.3.3.7 | D57: Exercise Support | E57: None named | F57: Operations | G57: Brian Abrigo | H57: Chris Kuznicki | I57: n/a | J57: None named in PWS
I58: PWS Due Date / Frequency | J58: PWS requires: Exercise architecture and design documentation. No deliverable ID or due date.
A59: Oct | B59: 6.3 | C59: 6.3.4.1.1 | D59: 8x5 Tier III Engineering | E59: One-Time + Updates | F59: Operations | G59: Brian Abrigo | H59: Chris Kuznicki | I59: Government format | J59: A035 ITSM/ Change Tickets | O59: Not Received | P59: Not Reviewed
I60: PWS Due Date / Frequency | J60: Due: 10 days prior to necessary change Freq: One-Time, updated as needed
A61: Oct | B61: 6.3 | C61: 6.3.4.1.2 | D61: Change Mgmt and Help Desk Support (Optional) | E61: Mixed (see due row) | F61: Operations | G61: Brian Abrigo | H61: Chris Kuznicki | I61: Mixed (see deliverables) | J61: A035 ITSM/ Change Tickets | K61: A036 Metrics Report | L61: A037 Help Desk Report | O61: Not Received | P61: Not Reviewed
I62: PWS Due Date / Frequency | J62: Due: 10 days prior to necessary change Freq: One-Time, updated as needed | K62: Due: 30 Days after Implementation Freq: One-Time | L62: Due: 24 hours upon request Freq: One-Time, updated as needed
A63: Oct | B63: 6.3 | C63: 6.3.4.1.x | D63: 24x7 Tier III Engineering and Help Desk (Optional) | E63: Mixed (see due row) | F63: Operations | G63: Brian Abrigo | H63: Chris Kuznicki | I63: Mixed (see deliverables) | J63: A035 ITSM/ Change Tickets | K63: A036 Metrics Report | L63: A037 Help Desk Report | O63: Not Received | P63: Not Reviewed
I64: PWS Due Date / Frequency | J64: Due: 10 days prior to necessary change Freq: One-Time, updated as needed Flag: Table omits this 24x7 paragraph | K64: Due: 30 Days after Implementation Freq: One-Time Flag: Table omits this 24x7 paragraph | L64: Due: 24 hours upon request Freq: One-Time, updated as needed Flag: Table omits this 24x7 paragraph
A65: Oct | B65: 6.3 | C65: 6.3.4.1.3 | D65: Vendor Lab Testing | E65: Mixed (see due row) | F65: Operations | G65: Brian Abrigo | H65: Chris Kuznicki | I65: Mixed (see deliverables) | J65: A025 Engineering Artifacts (e.g., Network/System Diagrams) | K65: A038 Test Plans | L65: A039 Test Reports | O65: Not Received | P65: Not Reviewed
I66: PWS Due Date / Frequency | J66: Due: Within 10 business days after assignment Freq: As needed | K66: Due: 30 days after contract award Freq: One-Time, updated as needed Date: Fri 2 Oct 2026 Flag: Due before anything exists to test | L66: Due: 30 days after contract award Freq: One-Time, updated as needed Date: Fri 2 Oct 2026 Flag: Due before anything exists to test
A67: Oct | B67: 6.3 | C67: 6.3.4.1.4 | D67: Government Lab Support | E67: Mixed (see due row) | F67: Operations | G67: Brian Abrigo | H67: Chris Kuznicki | I67: Mixed (see deliverables) | J67: A025 Engineering Artifacts (e.g., Network/System Diagrams) | K67: A038 Test Plans | L67: A039 Test Reports | O67: Not Received | P67: Not Reviewed
I68: PWS Due Date / Frequency | J68: Due: Within 10 business days after assignment Freq: As needed | K68: Due: 30 days after contract award Freq: One-Time, updated as needed Date: Fri 2 Oct 2026 | L68: Due: 30 days after contract award Freq: One-Time, updated as needed Date: Fri 2 Oct 2026
A69: Oct | B69: 6.3 | C69: 6.3.4.1.5 | D69: DevSecOps (Optional) | E69: As Needed | F69: Engineering | G69: Chris Kuznicki | H69: CW4 Michael Butler | I69: Government format | J69: A025 Engineering Artifacts (e.g., Network/System Diagrams) | O69: Not Received | P69: Not Reviewed
I70: PWS Due Date / Frequency | J70: Due: Within 10 business days after assignment Freq: As needed
A71: Oct | B71: 6.3 | C71: 6.3.4.2 | D71: PNSOC Support (Optional) | E71: One-Time + Updates | F71: Operations | G71: Brian Abrigo | H71: Chris Kuznicki | I71: Vendor format | J71: A040 Security Monitoring Reports | O71: Not Received | P71: Not Reviewed
I72: PWS Due Date / Frequency | J72: Due: 90 Days after award Freq: One-Time, updated yearly or with major change Date: Tue 1 Dec 2026 Flag: Same title as A012; one-time date for ongoing service

Sheet Weekly
A1: WEEKLY – due every Friday
A2: ID | B2: Deliverable | C2: PWS ¶ | D2: Primary POC | E2: Secondary POC | F2: Accepted | G2: Overdue | H2: Wk 1 | I2: Wk 2 | J2: Wk 3 | K2: Wk 4 | L2: Wk 5 | M2: Wk 6 | N2: Wk 7 | O2: Wk 8 | P2: Wk 9 | Q2: Wk 10 | R2: Wk 11 | S2: Wk 12 | T2: Wk 13 | U2: Wk 14 | V2: Wk 15 | W2: Wk 16 | X2: Wk 17 | Y2: Wk 18 | Z2: Wk 19 | AA2: Wk 20 | AB2: Wk 21 | AC2: Wk 22 | AD2: Wk 23 | AE2: Wk 24 | AF2: Wk 25 | AG2: Wk 26 | AH2: Wk 27 | AI2: Wk 28 | AJ2: Wk 29 | AK2: Wk 30 | AL2: Wk 31 | AM2: Wk 32 | AN2: Wk 33 | AO2: Wk 34 | AP2: Wk 35
B3: Due (Friday) → | H3: =ClockStart+MOD(6-WEEKDAY(ClockStart),7)+0 -> 46269 | I3: =ClockStart+MOD(6-WEEKDAY(ClockStart),7)+7 -> 46276 | J3: =ClockStart+MOD(6-WEEKDAY(ClockStart),7)+14 -> 46283 | K3: =ClockStart+MOD(6-WEEKDAY(ClockStart),7)+21 -> 46290 | L3: =ClockStart+MOD(6-WEEKDAY(ClockStart),7)+28 -> 46297 | M3: =ClockStart+MOD(6-WEEKDAY(ClockStart),7)+35 -> 46304 | N3: =ClockStart+MOD(6-WEEKDAY(ClockStart),7)+42 -> 46311 | O3: =ClockStart+MOD(6-WEEKDAY(ClockStart),7)+49 -> 46318 | P3: =ClockStart+MOD(6-WEEKDAY(ClockStart),7)+56 -> 46325 | Q3: =ClockStart+MOD(6-WEEKDAY(ClockStart),7)+63 -> 46332 | R3: =ClockStart+MOD(6-WEEKDAY(ClockStart),7)+70 -> 46339 | S3: =ClockStart+MOD(6-WEEKDAY(ClockStart),7)+77 -> 46346 | T3: =ClockStart+MOD(6-WEEKDAY(ClockStart),7)+84 -> 46353 | U3: =ClockStart+MOD(6-WEEKDAY(ClockStart),7)+91 -> 46360 | V3: =ClockStart+MOD(6-WEEKDAY(ClockStart),7)+98 -> 46367 | W3: =ClockStart+MOD(6-WEEKDAY(ClockStart),7)+105 -> 46374 | X3: =ClockStart+MOD(6-WEEKDAY(ClockStart),7)+112 -> 46381 | Y3: =ClockStart+MOD(6-WEEKDAY(ClockStart),7)+119 -> 46388 | Z3: =ClockStart+MOD(6-WEEKDAY(ClockStart),7)+126 -> 46395 | AA3: =ClockStart+MOD(6-WEEKDAY(ClockStart),7)+133 -> 46402 | AB3: =ClockStart+MOD(6-WEEKDAY(ClockStart),7)+140 -> 46409 | AC3: =ClockStart+MOD(6-WEEKDAY(ClockStart),7)+147 -> 46416 | AD3: =ClockStart+MOD(6-WEEKDAY(ClockStart),7)+154 -> 46423 | AE3: =ClockStart+MOD(6-WEEKDAY(ClockStart),7)+161 -> 46430 | AF3: =ClockStart+MOD(6-WEEKDAY(ClockStart),7)+168 -> 46437 | AG3: =ClockStart+MOD(6-WEEKDAY(ClockStart),7)+175 -> 46444 | AH3: =ClockStart+MOD(6-WEEKDAY(ClockStart),7)+182 -> 46451 | AI3: =ClockStart+MOD(6-WEEKDAY(ClockStart),7)+189 -> 46458 | AJ3: =ClockStart+MOD(6-WEEKDAY(ClockStart),7)+196 -> 46465 | AK3: =ClockStart+MOD(6-WEEKDAY(ClockStart),7)+203 -> 46472 | AL3: =ClockStart+MOD(6-WEEKDAY(ClockStart),7)+210 -> 46479 | AM3: =ClockStart+MOD(6-WEEKDAY(ClockStart),7)+217 -> 46486 | AN3: =ClockStart+MOD(6-WEEKDAY(ClockStart),7)+224 -> 46493 | AO3: =ClockStart+MOD(6-WEEKDAY(ClockStart),7)+231 -> 46500 | AP3: =ClockStart+MOD(6-WEEKDAY(ClockStart),7)+238 -> 46507
A4: A019 | B4: Weekly Activity Report (WAR) | C4: 6.3.1.2, 6.3.1.4 | D4: Dr Marvina Harring | E4: Donovan Cozzens | F4: =COUNTIF(H4:AP4,"Accepted") -> 0 | G4: =SUMPRODUCT((H$3:AP$3<TODAY())*(H4:AP4="")) -> 6
A5: A007 | B5: ACAS Scans | C5: 6.1, 6.2.1 | D5: Chris Kuznicki | E5: CW4 Michael Butler | F5: =COUNTIF(H5:AP5,"Accepted") -> 0 | G5: =SUMPRODUCT((H$3:AP$3<TODAY())*(H5:AP5="")) -> 6
B7: Pick Submitted, Accepted, Returned or N/A. A blank cell turns red once its Friday has passed. A019 is explicit in the PWS ("every Friday"); A007 Friday is assumed.

Sheet Monthly
A1: MONTHLY – report month, due 5 business days after month end
A2: ID | B2: Deliverable | C2: PWS ¶ | D2: Primary POC | E2: Secondary POC | F2: Accepted | G2: Overdue | H2: =EDATE(DATE(YEAR(ClockStart),MONTH(ClockStart),1),0) -> 46266 | I2: =EDATE(DATE(YEAR(ClockStart),MONTH(ClockStart),1),1) -> 46296 | J2: =EDATE(DATE(YEAR(ClockStart),MONTH(ClockStart),1),2) -> 46327 | K2: =EDATE(DATE(YEAR(ClockStart),MONTH(ClockStart),1),3) -> 46357 | L2: =EDATE(DATE(YEAR(ClockStart),MONTH(ClockStart),1),4) -> 46388 | M2: =EDATE(DATE(YEAR(ClockStart),MONTH(ClockStart),1),5) -> 46419 | N2: =EDATE(DATE(YEAR(ClockStart),MONTH(ClockStart),1),6) -> 46447 | O2: =EDATE(DATE(YEAR(ClockStart),MONTH(ClockStart),1),7) -> 46478
B3: Due → | H3: =WORKDAY(EOMONTH(H2,0),DueOffset) -> 46302 | I3: =WORKDAY(EOMONTH(I2,0),DueOffset) -> 46332 | J3: =WORKDAY(EOMONTH(J2,0),DueOffset) -> 46363 | K3: =WORKDAY(EOMONTH(K2,0),DueOffset) -> 46394 | L3: =WORKDAY(EOMONTH(L2,0),DueOffset) -> 46423 | M3: =WORKDAY(EOMONTH(M2,0),DueOffset) -> 46451 | N3: =WORKDAY(EOMONTH(N2,0),DueOffset) -> 46484 | O3: =WORKDAY(EOMONTH(O2,0),DueOffset) -> 46514
A4: A017 | B4: Integrated Master Schedule | C4: 6.3.1 | D4: Dr Marvina Harring | E4: Donovan Cozzens | F4: =COUNTIF(H4:O4,"Accepted") -> 0 | G4: =SUMPRODUCT((H$3:O$3<TODAY())*(H4:O4="")) -> 1
A5: A018 | B5: Monthly Progress Report (MPR) (including Invoice Data, ODC Data, Travel Data) | C5: 6.3.1.1 | D5: Dr Marvina Harring | E5: Donovan Cozzens | F5: =COUNTIF(H5:O5,"Accepted") -> 0 | G5: =SUMPRODUCT((H$3:O$3<TODAY())*(H5:O5="")) -> 1
A6: A020 | B6: Technical Library Documentation Report | C6: 6.3.1.7 | D6: Dr Marvina Harring | E6: Donovan Cozzens | F6: =COUNTIF(H6:O6,"Accepted") -> 0 | G6: =SUMPRODUCT((H$3:O$3<TODAY())*(H6:O6="")) -> 1
A7: A021 | B7: Technical Briefing/ Presentation | C7: 6.3.1.7 | D7: Dr Marvina Harring | E7: Donovan Cozzens | F7: =COUNTIF(H7:O7,"Accepted") -> 0 | G7: =SUMPRODUCT((H$3:O$3<TODAY())*(H7:O7="")) -> 1
B9: Pick Submitted, Accepted, Returned or N/A. The PWS says "as determined by the Government" or "with the Monthly Status Report"; the 5-business-day offset is an assumption (Daily tab, cell B4). Holidays are not excluded.

Sheet Quarterly
A1: QUARTERLY – fiscal quarters, due 5 business days after quarter end
A2: ID | B2: Deliverable | C2: PWS ¶ | D2: Primary POC | E2: Secondary POC | F2: Accepted | G2: Overdue | H2: =EOMONTH(EOMONTH(ClockStart,MOD(9-MONTH(ClockStart),3)),0) -> 46295 | I2: =EOMONTH(EOMONTH(ClockStart,MOD(9-MONTH(ClockStart),3)),3) -> 46387 | J2: =EOMONTH(EOMONTH(ClockStart,MOD(9-MONTH(ClockStart),3)),6) -> 46477 | K2: =EOMONTH(EOMONTH(ClockStart,MOD(9-MONTH(ClockStart),3)),9) -> 46568
B3: Due → | H3: =WORKDAY(H2,DueOffset) -> 46302 | I3: =WORKDAY(I2,DueOffset) -> 46394 | J3: =WORKDAY(J2,DueOffset) -> 46484 | K3: =WORKDAY(K2,DueOffset) -> 46575
A4: A006 | B4: STIG/SRG Checklists | C4: 6.1, 6.2.1 | D4: Chris Kuznicki | E4: CW4 Michael Butler | F4: =COUNTIF(H4:K4,"Accepted") -> 0 | G4: =SUMPRODUCT((H$3:K$3<TODAY())*(H4:K4="")) -> 1
A5: A012 | B5: Security Monitoring Reports | C5: 6.2.1 | D5: Chris Kuznicki | E5: CW4 Michael Butler | F5: =COUNTIF(H5:K5,"Accepted") -> 0 | G5: =SUMPRODUCT((H$3:K$3<TODAY())*(H5:K5="")) -> 1
A6: A013 | B6: Vulnerability Scan Reports | C6: 6.2.1 | D6: Chris Kuznicki | E6: CW4 Michael Butler | F6: =COUNTIF(H6:K6,"Accepted") -> 0 | G6: =SUMPRODUCT((H$3:K$3<TODAY())*(H6:K6="")) -> 1
B8: Pick Submitted, Accepted, Returned or N/A. The PWS says "Quarterly / routine updates" and does not define the quarter; federal fiscal quarters are assumed (confirm with the COR). The last column falls after the base year ends.

Sheet Daily
A1: DAILY – what is due, in date order
A2: Settings (yellow = edit)
A3: Clock start (PWS date, Scenario B) | B3: 46267 | D3: Dates on the Weekly, Monthly and Quarterly tabs and the one-time items below all recalculate from these cells.
A4: Monthly / quarterly due offset (business days) | B4: 5 | D4: Recurring rows read their status from the source tab (gray). One-time rows are edited here (yellow).
A5: Gov inspection window (business days) | B5: 5 | D5: Days until due: negative means past. Holidays are not excluded from business-day math.
A6: Resubmission window (business days) | B6: 10
A7: End of base period | B7: 46510
A8: End of final option year | B8: 47390
A9: Today | B9: =TODAY() -> 46308
A11: Due date | B11: Day | C11: ID | D11: Deliverable | E11: Source | F11: Status | G11: Days until due | H11: Flag | I11: Notes
A12: =ClockStart -> 46267 | B12: =TEXT(A12,"ddd") -> Wed | C12: A041 | D12: Transition-In Plan – initial draft | E12: One-time | G12: =A12-TodayD -> -41 | H12: =IF(F12="Accepted","Done",IF(F12="Submitted","Awaiting Gov",IF(F12="N/A","N/A",IF(F12="Returned","Returned: resubmit",IF(A12<TodayD,"OVERDUE",IF(A12-TodayD<=7,"Due within 7 days","")))))) -> OVERDUE | I12: At kickoff (table). Body: 30 days after kickoff = 2 Oct 2026
A13: =Weekly!H3 -> 46269 | B13: =TEXT(A13,"ddd") -> Fri | C13: A007 | D13: ACAS Scans – Wk 1 | E13: Weekly | F13: =IF(Weekly!H5="","",Weekly!H5) | G13: =A13-TodayD -> -39 | H13: =IF(F13="Accepted","Done",IF(F13="Submitted","Awaiting Gov",IF(F13="N/A","N/A",IF(F13="Returned","Returned: resubmit",IF(A13<TodayD,"OVERDUE",IF(A13-TodayD<=7,"Due within 7 days","")))))) -> OVERDUE
A14: =Weekly!H3 -> 46269 | B14: =TEXT(A14,"ddd") -> Fri | C14: A019 | D14: Weekly Activity Report (WAR) – Wk 1 | E14: Weekly | F14: =IF(Weekly!H4="","",Weekly!H4) | G14: =A14-TodayD -> -39 | H14: =IF(F14="Accepted","Done",IF(F14="Submitted","Awaiting Gov",IF(F14="N/A","N/A",IF(F14="Returned","Returned: resubmit",IF(A14<TodayD,"OVERDUE",IF(A14-TodayD<=7,"Due within 7 days","")))))) -> OVERDUE
A15: =WORKDAY(ClockStart,5) -> 46274 | B15: =TEXT(A15,"ddd") -> Wed | C15: A041 | D15: Transition-In Plan – final draft | E15: One-time | G15: =A15-TodayD -> -34 | H15: =IF(F15="Accepted","Done",IF(F15="Submitted","Awaiting Gov",IF(F15="N/A","N/A",IF(F15="Returned","Returned: resubmit",IF(A15<TodayD,"OVERDUE",IF(A15-TodayD<=7,"Due within 7 days","")))))) -> OVERDUE | I15: 5 business days after award (table); Labor Day not excluded
A16: =Weekly!I3 -> 46276 | B16: =TEXT(A16,"ddd") -> Fri | C16: A007 | D16: ACAS Scans – Wk 2 | E16: Weekly | F16: =IF(Weekly!I5="","",Weekly!I5) | G16: =A16-TodayD -> -32 | H16: =IF(F16="Accepted","Done",IF(F16="Submitted","Awaiting Gov",IF(F16="N/A","N/A",IF(F16="Returned","Returned: resubmit",IF(A16<TodayD,"OVERDUE",IF(A16-TodayD<=7,"Due within 7 days","")))))) -> OVERDUE
A17: =Weekly!I3 -> 46276 | B17: =TEXT(A17,"ddd") -> Fri | C17: A019 | D17: Weekly Activity Report (WAR) – Wk 2 | E17: Weekly | F17: =IF(Weekly!I4="","",Weekly!I4) | G17: =A17-TodayD -> -32 | H17: =IF(F17="Accepted","Done",IF(F17="Submitted","Awaiting Gov",IF(F17="N/A","N/A",IF(F17="Returned","Returned: resubmit",IF(A17<TodayD,"OVERDUE",IF(A17-TodayD<=7,"Due within 7 days","")))))) -> OVERDUE
A18: =Weekly!J3 -> 46283 | B18: =TEXT(A18,"ddd") -> Fri | C18: A007 | D18: ACAS Scans – Wk 3 | E18: Weekly | F18: =IF(Weekly!J5="","",Weekly!J5) | G18: =A18-TodayD -> -25 | H18: =IF(F18="Accepted","Done",IF(F18="Submitted","Awaiting Gov",IF(F18="N/A","N/A",IF(F18="Returned","Returned: resubmit",IF(A18<TodayD,"OVERDUE",IF(A18-TodayD<=7,"Due within 7 days","")))))) -> OVERDUE
A19: =Weekly!J3 -> 46283 | B19: =TEXT(A19,"ddd") -> Fri | C19: A019 | D19: Weekly Activity Report (WAR) – Wk 3 | E19: Weekly | F19: =IF(Weekly!J4="","",Weekly!J4) | G19: =A19-TodayD -> -25 | H19: =IF(F19="Accepted","Done",IF(F19="Submitted","Awaiting Gov",IF(F19="N/A","N/A",IF(F19="Returned","Returned: resubmit",IF(A19<TodayD,"OVERDUE",IF(A19-TodayD<=7,"Due within 7 days","")))))) -> OVERDUE
A20: =Weekly!K3 -> 46290 | B20: =TEXT(A20,"ddd") -> Fri | C20: A007 | D20: ACAS Scans – Wk 4 | E20: Weekly | F20: =IF(Weekly!K5="","",Weekly!K5) | G20: =A20-TodayD -> -18 | H20: =IF(F20="Accepted","Done",IF(F20="Submitted","Awaiting Gov",IF(F20="N/A","N/A",IF(F20="Returned","Returned: resubmit",IF(A20<TodayD,"OVERDUE",IF(A20-TodayD<=7,"Due within 7 days","")))))) -> OVERDUE
A21: =Weekly!K3 -> 46290 | B21: =TEXT(A21,"ddd") -> Fri | C21: A019 | D21: Weekly Activity Report (WAR) – Wk 4 | E21: Weekly | F21: =IF(Weekly!K4="","",Weekly!K4) | G21: =A21-TodayD -> -18 | H21: =IF(F21="Accepted","Done",IF(F21="Submitted","Awaiting Gov",IF(F21="N/A","N/A",IF(F21="Returned","Returned: resubmit",IF(A21<TodayD,"OVERDUE",IF(A21-TodayD<=7,"Due within 7 days","")))))) -> OVERDUE
A22: =Weekly!L3 -> 46297 | B22: =TEXT(A22,"ddd") -> Fri | C22: A007 | D22: ACAS Scans – Wk 5 | E22: Weekly | F22: =IF(Weekly!L5="","",Weekly!L5) | G22: =A22-TodayD -> -11 | H22: =IF(F22="Accepted","Done",IF(F22="Submitted","Awaiting Gov",IF(F22="N/A","N/A",IF(F22="Returned","Returned: resubmit",IF(A22<TodayD,"OVERDUE",IF(A22-TodayD<=7,"Due within 7 days","")))))) -> OVERDUE
A23: =Weekly!L3 -> 46297 | B23: =TEXT(A23,"ddd") -> Fri | C23: A019 | D23: Weekly Activity Report (WAR) – Wk 5 | E23: Weekly | F23: =IF(Weekly!L4="","",Weekly!L4) | G23: =A23-TodayD -> -11 | H23: =IF(F23="Accepted","Done",IF(F23="Submitted","Awaiting Gov",IF(F23="N/A","N/A",IF(F23="Returned","Returned: resubmit",IF(A23<TodayD,"OVERDUE",IF(A23-TodayD<=7,"Due within 7 days","")))))) -> OVERDUE
A24: =ClockStart+30 -> 46297 | B24: =TEXT(A24,"ddd") -> Fri | C24: A038 | D24: Test Plans | E24: One-time | G24: =A24-TodayD -> -11 | H24: =IF(F24="Accepted","Done",IF(F24="Submitted","Awaiting Gov",IF(F24="N/A","N/A",IF(F24="Returned","Returned: resubmit",IF(A24<TodayD,"OVERDUE",IF(A24-TodayD<=7,"Due within 7 days","")))))) -> OVERDUE | I24: 30 days after award
A25: =ClockStart+30 -> 46297 | B25: =TEXT(A25,"ddd") -> Fri | C25: A039 | D25: Test Reports | E25: One-time | G25: =A25-TodayD -> -11 | H25: =IF(F25="Accepted","Done",IF(F25="Submitted","Awaiting Gov",IF(F25="N/A","N/A",IF(F25="Returned","Returned: resubmit",IF(A25<TodayD,"OVERDUE",IF(A25-TodayD<=7,"Due within 7 days","")))))) -> OVERDUE | I25: 30 days after award
A26: =Quarterly!H3 -> 46302 | B26: =TEXT(A26,"ddd") -> Wed | C26: A006 | D26: STIG/SRG Checklists – Qtr ending 30 Sep 2026 | E26: Quarterly | F26: =IF(Quarterly!H4="","",Quarterly!H4) | G26: =A26-TodayD -> -6 | H26: =IF(F26="Accepted","Done",IF(F26="Submitted","Awaiting Gov",IF(F26="N/A","N/A",IF(F26="Returned","Returned: resubmit",IF(A26<TodayD,"OVERDUE",IF(A26-TodayD<=7,"Due within 7 days","")))))) -> OVERDUE
A27: =Quarterly!H3 -> 46302 | B27: =TEXT(A27,"ddd") -> Wed | C27: A012 | D27: Security Monitoring Reports – Qtr ending 30 Sep 2026 | E27: Quarterly | F27: =IF(Quarterly!H5="","",Quarterly!H5) | G27: =A27-TodayD -> -6 | H27: =IF(F27="Accepted","Done",IF(F27="Submitted","Awaiting Gov",IF(F27="N/A","N/A",IF(F27="Returned","Returned: resubmit",IF(A27<TodayD,"OVERDUE",IF(A27-TodayD<=7,"Due within 7 days","")))))) -> OVERDUE
A28: =Quarterly!H3 -> 46302 | B28: =TEXT(A28,"ddd") -> Wed | C28: A013 | D28: Vulnerability Scan Reports – Qtr ending 30 Sep 2026 | E28: Quarterly | F28: =IF(Quarterly!H6="","",Quarterly!H6) | G28: =A28-TodayD -> -6 | H28: =IF(F28="Accepted","Done",IF(F28="Submitted","Awaiting Gov",IF(F28="N/A","N/A",IF(F28="Returned","Returned: resubmit",IF(A28<TodayD,"OVERDUE",IF(A28-TodayD<=7,"Due within 7 days","")))))) -> OVERDUE
A29: =Monthly!H3 -> 46302 | B29: =TEXT(A29,"ddd") -> Wed | C29: A017 | D29: Integrated Master Schedule – Sep 2026 | E29: Monthly | F29: =IF(Monthly!H4="","",Monthly!H4) | G29: =A29-TodayD -> -6 | H29: =IF(F29="Accepted","Done",IF(F29="Submitted","Awaiting Gov",IF(F29="N/A","N/A",IF(F29="Returned","Returned: resubmit",IF(A29<TodayD,"OVERDUE",IF(A29-TodayD<=7,"Due within 7 days","")))))) -> OVERDUE
A30: =Monthly!H3 -> 46302 | B30: =TEXT(A30,"ddd") -> Wed | C30: A018 | D30: Monthly Progress Report (MPR) (including Invoice Data, ODC Data, Travel Data) – Sep 2026 | E30: Monthly | F30: =IF(Monthly!H5="","",Monthly!H5) | G30: =A30-TodayD -> -6 | H30: =IF(F30="Accepted","Done",IF(F30="Submitted","Awaiting Gov",IF(F30="N/A","N/A",IF(F30="Returned","Returned: resubmit",IF(A30<TodayD,"OVERDUE",IF(A30-TodayD<=7,"Due within 7 days","")))))) -> OVERDUE
A31: =Monthly!H3 -> 46302 | B31: =TEXT(A31,"ddd") -> Wed | C31: A020 | D31: Technical Library Documentation Report – Sep 2026 | E31: Monthly | F31: =IF(Monthly!H6="","",Monthly!H6) | G31: =A31-TodayD -> -6 | H31: =IF(F31="Accepted","Done",IF(F31="Submitted","Awaiting Gov",IF(F31="N/A","N/A",IF(F31="Returned","Returned: resubmit",IF(A31<TodayD,"OVERDUE",IF(A31-TodayD<=7,"Due within 7 days","")))))) -> OVERDUE
A32: =Monthly!H3 -> 46302 | B32: =TEXT(A32,"ddd") -> Wed | C32: A021 | D32: Technical Briefing/ Presentation – Sep 2026 | E32: Monthly | F32: =IF(Monthly!H7="","",Monthly!H7) | G32: =A32-TodayD -> -6 | H32: =IF(F32="Accepted","Done",IF(F32="Submitted","Awaiting Gov",IF(F32="N/A","N/A",IF(F32="Returned","Returned: resubmit",IF(A32<TodayD,"OVERDUE",IF(A32-TodayD<=7,"Due within 7 days","")))))) -> OVERDUE
A33: =Weekly!M3 -> 46304 | B33: =TEXT(A33,"ddd") -> Fri | C33: A007 | D33: ACAS Scans – Wk 6 | E33: Weekly | F33: =IF(Weekly!M5="","",Weekly!M5) | G33: =A33-TodayD -> -4 | H33: =IF(F33="Accepted","Done",IF(F33="Submitted","Awaiting Gov",IF(F33="N/A","N/A",IF(F33="Returned","Returned: resubmit",IF(A33<TodayD,"OVERDUE",IF(A33-TodayD<=7,"Due within 7 days","")))))) -> OVERDUE
A34: =Weekly!M3 -> 46304 | B34: =TEXT(A34,"ddd") -> Fri | C34: A019 | D34: Weekly Activity Report (WAR) – Wk 6 | E34: Weekly | F34: =IF(Weekly!M4="","",Weekly!M4) | G34: =A34-TodayD -> -4 | H34: =IF(F34="Accepted","Done",IF(F34="Submitted","Awaiting Gov",IF(F34="N/A","N/A",IF(F34="Returned","Returned: resubmit",IF(A34<TodayD,"OVERDUE",IF(A34-TodayD<=7,"Due within 7 days","")))))) -> OVERDUE
A35: =Weekly!N3 -> 46311 | B35: =TEXT(A35,"ddd") -> Fri | C35: A007 | D35: ACAS Scans – Wk 7 | E35: Weekly | F35: =IF(Weekly!N5="","",Weekly!N5) | G35: =A35-TodayD -> 3 | H35: =IF(F35="Accepted","Done",IF(F35="Submitted","Awaiting Gov",IF(F35="N/A","N/A",IF(F35="Returned","Returned: resubmit",IF(A35<TodayD,"OVERDUE",IF(A35-TodayD<=7,"Due within 7 days","")))))) -> Due within 7 days
A36: =Weekly!N3 -> 46311 | B36: =TEXT(A36,"ddd") -> Fri | C36: A019 | D36: Weekly Activity Report (WAR) – Wk 7 | E36: Weekly | F36: =IF(Weekly!N4="","",Weekly!N4) | G36: =A36-TodayD -> 3 | H36: =IF(F36="Accepted","Done",IF(F36="Submitted","Awaiting Gov",IF(F36="N/A","N/A",IF(F36="Returned","Returned: resubmit",IF(A36<TodayD,"OVERDUE",IF(A36-TodayD<=7,"Due within 7 days","")))))) -> Due within 7 days
A37: =Weekly!O3 -> 46318 | B37: =TEXT(A37,"ddd") -> Fri | C37: A007 | D37: ACAS Scans – Wk 8 | E37: Weekly | F37: =IF(Weekly!O5="","",Weekly!O5) | G37: =A37-TodayD -> 10 | H37: =IF(F37="Accepted","Done",IF(F37="Submitted","Awaiting Gov",IF(F37="N/A","N/A",IF(F37="Returned","Returned: resubmit",IF(A37<TodayD,"OVERDUE",IF(A37-TodayD<=7,"Due within 7 days",""))))))
A38: =Weekly!O3 -> 46318 | B38: =TEXT(A38,"ddd") -> Fri | C38: A019 | D38: Weekly Activity Report (WAR) – Wk 8 | E38: Weekly | F38: =IF(Weekly!O4="","",Weekly!O4) | G38: =A38-TodayD -> 10 | H38: =IF(F38="Accepted","Done",IF(F38="Submitted","Awaiting Gov",IF(F38="N/A","N/A",IF(F38="Returned","Returned: resubmit",IF(A38<TodayD,"OVERDUE",IF(A38-TodayD<=7,"Due within 7 days",""))))))
A39: =Weekly!P3 -> 46325 | B39: =TEXT(A39,"ddd") -> Fri | C39: A007 | D39: ACAS Scans – Wk 9 | E39: Weekly | F39: =IF(Weekly!P5="","",Weekly!P5) | G39: =A39-TodayD -> 17 | H39: =IF(F39="Accepted","Done",IF(F39="Submitted","Awaiting Gov",IF(F39="N/A","N/A",IF(F39="Returned","Returned: resubmit",IF(A39<TodayD,"OVERDUE",IF(A39-TodayD<=7,"Due within 7 days",""))))))
A40: =Weekly!P3 -> 46325 | B40: =TEXT(A40,"ddd") -> Fri | C40: A019 | D40: Weekly Activity Report (WAR) – Wk 9 | E40: Weekly | F40: =IF(Weekly!P4="","",Weekly!P4) | G40: =A40-TodayD -> 17 | H40: =IF(F40="Accepted","Done",IF(F40="Submitted","Awaiting Gov",IF(F40="N/A","N/A",IF(F40="Returned","Returned: resubmit",IF(A40<TodayD,"OVERDUE",IF(A40-TodayD<=7,"Due within 7 days",""))))))
A41: =Weekly!Q3 -> 46332 | B41: =TEXT(A41,"ddd") -> Fri | C41: A007 | D41: ACAS Scans – Wk 10 | E41: Weekly | F41: =IF(Weekly!Q5="","",Weekly!Q5) | G41: =A41-TodayD -> 24 | H41: =IF(F41="Accepted","Done",IF(F41="Submitted","Awaiting Gov",IF(F41="N/A","N/A",IF(F41="Returned","Returned: resubmit",IF(A41<TodayD,"OVERDUE",IF(A41-TodayD<=7,"Due within 7 days",""))))))
A42: =Monthly!I3 -> 46332 | B42: =TEXT(A42,"ddd") -> Fri | C42: A017 | D42: Integrated Master Schedule – Oct 2026 | E42: Monthly | F42: =IF(Monthly!I4="","",Monthly!I4) | G42: =A42-TodayD -> 24 | H42: =IF(F42="Accepted","Done",IF(F42="Submitted","Awaiting Gov",IF(F42="N/A","N/A",IF(F42="Returned","Returned: resubmit",IF(A42<TodayD,"OVERDUE",IF(A42-TodayD<=7,"Due within 7 days",""))))))
A43: =Monthly!I3 -> 46332 | B43: =TEXT(A43,"ddd") -> Fri | C43: A018 | D43: Monthly Progress Report (MPR) (including Invoice Data, ODC Data, Travel Data) – Oct 2026 | E43: Monthly | F43: =IF(Monthly!I5="","",Monthly!I5) | G43: =A43-TodayD -> 24 | H43: =IF(F43="Accepted","Done",IF(F43="Submitted","Awaiting Gov",IF(F43="N/A","N/A",IF(F43="Returned","Returned: resubmit",IF(A43<TodayD,"OVERDUE",IF(A43-TodayD<=7,"Due within 7 days",""))))))
A44: =Weekly!Q3 -> 46332 | B44: =TEXT(A44,"ddd") -> Fri | C44: A019 | D44: Weekly Activity Report (WAR) – Wk 10 | E44: Weekly | F44: =IF(Weekly!Q4="","",Weekly!Q4) | G44: =A44-TodayD -> 24 | H44: =IF(F44="Accepted","Done",IF(F44="Submitted","Awaiting Gov",IF(F44="N/A","N/A",IF(F44="Returned","Returned: resubmit",IF(A44<TodayD,"OVERDUE",IF(A44-TodayD<=7,"Due within 7 days",""))))))
A45: =Monthly!I3 -> 46332 | B45: =TEXT(A45,"ddd") -> Fri | C45: A020 | D45: Technical Library Documentation Report – Oct 2026 | E45: Monthly | F45: =IF(Monthly!I6="","",Monthly!I6) | G45: =A45-TodayD -> 24 | H45: =IF(F45="Accepted","Done",IF(F45="Submitted","Awaiting Gov",IF(F45="N/A","N/A",IF(F45="Returned","Returned: resubmit",IF(A45<TodayD,"OVERDUE",IF(A45-TodayD<=7,"Due within 7 days",""))))))
A46: =Monthly!I3 -> 46332 | B46: =TEXT(A46,"ddd") -> Fri | C46: A021 | D46: Technical Briefing/ Presentation – Oct 2026 | E46: Monthly | F46: =IF(Monthly!I7="","",Monthly!I7) | G46: =A46-TodayD -> 24 | H46: =IF(F46="Accepted","Done",IF(F46="Submitted","Awaiting Gov",IF(F46="N/A","N/A",IF(F46="Returned","Returned: resubmit",IF(A46<TodayD,"OVERDUE",IF(A46-TodayD<=7,"Due within 7 days",""))))))
A47: =Weekly!R3 -> 46339 | B47: =TEXT(A47,"ddd") -> Fri | C47: A007 | D47: ACAS Scans – Wk 11 | E47: Weekly | F47: =IF(Weekly!R5="","",Weekly!R5) | G47: =A47-TodayD -> 31 | H47: =IF(F47="Accepted","Done",IF(F47="Submitted","Awaiting Gov",IF(F47="N/A","N/A",IF(F47="Returned","Returned: resubmit",IF(A47<TodayD,"OVERDUE",IF(A47-TodayD<=7,"Due within 7 days",""))))))
A48: =Weekly!R3 -> 46339 | B48: =TEXT(A48,"ddd") -> Fri | C48: A019 | D48: Weekly Activity Report (WAR) – Wk 11 | E48: Weekly | F48: =IF(Weekly!R4="","",Weekly!R4) | G48: =A48-TodayD -> 31 | H48: =IF(F48="Accepted","Done",IF(F48="Submitted","Awaiting Gov",IF(F48="N/A","N/A",IF(F48="Returned","Returned: resubmit",IF(A48<TodayD,"OVERDUE",IF(A48-TodayD<=7,"Due within 7 days",""))))))
A49: =Weekly!S3 -> 46346 | B49: =TEXT(A49,"ddd") -> Fri | C49: A007 | D49: ACAS Scans – Wk 12 | E49: Weekly | F49: =IF(Weekly!S5="","",Weekly!S5) | G49: =A49-TodayD -> 38 | H49: =IF(F49="Accepted","Done",IF(F49="Submitted","Awaiting Gov",IF(F49="N/A","N/A",IF(F49="Returned","Returned: resubmit",IF(A49<TodayD,"OVERDUE",IF(A49-TodayD<=7,"Due within 7 days",""))))))
A50: =Weekly!S3 -> 46346 | B50: =TEXT(A50,"ddd") -> Fri | C50: A019 | D50: Weekly Activity Report (WAR) – Wk 12 | E50: Weekly | F50: =IF(Weekly!S4="","",Weekly!S4) | G50: =A50-TodayD -> 38 | H50: =IF(F50="Accepted","Done",IF(F50="Submitted","Awaiting Gov",IF(F50="N/A","N/A",IF(F50="Returned","Returned: resubmit",IF(A50<TodayD,"OVERDUE",IF(A50-TodayD<=7,"Due within 7 days",""))))))
A51: =Weekly!T3 -> 46353 | B51: =TEXT(A51,"ddd") -> Fri | C51: A007 | D51: ACAS Scans – Wk 13 | E51: Weekly | F51: =IF(Weekly!T5="","",Weekly!T5) | G51: =A51-TodayD -> 45 | H51: =IF(F51="Accepted","Done",IF(F51="Submitted","Awaiting Gov",IF(F51="N/A","N/A",IF(F51="Returned","Returned: resubmit",IF(A51<TodayD,"OVERDUE",IF(A51-TodayD<=7,"Due within 7 days",""))))))
A52: =Weekly!T3 -> 46353 | B52: =TEXT(A52,"ddd") -> Fri | C52: A019 | D52: Weekly Activity Report (WAR) – Wk 13 | E52: Weekly | F52: =IF(Weekly!T4="","",Weekly!T4) | G52: =A52-TodayD -> 45 | H52: =IF(F52="Accepted","Done",IF(F52="Submitted","Awaiting Gov",IF(F52="N/A","N/A",IF(F52="Returned","Returned: resubmit",IF(A52<TodayD,"OVERDUE",IF(A52-TodayD<=7,"Due within 7 days",""))))))
A53: =ClockStart+90 -> 46357 | B53: =TEXT(A53,"ddd") -> Tue | C53: A014 | D53: Compliance Documentation | E53: One-time | G53: =A53-TodayD -> 49 | H53: =IF(F53="Accepted","Done",IF(F53="Submitted","Awaiting Gov",IF(F53="N/A","N/A",IF(F53="Returned","Returned: resubmit",IF(A53<TodayD,"OVERDUE",IF(A53-TodayD<=7,"Due within 7 days","")))))) | I53: 90 days after award
A54: =ClockStart+90 -> 46357 | B54: =TEXT(A54,"ddd") -> Tue | C54: A027 | D54: Network Modernization Plan | E54: One-time | G54: =A54-TodayD -> 49 | H54: =IF(F54="Accepted","Done",IF(F54="Submitted","Awaiting Gov",IF(F54="N/A","N/A",IF(F54="Returned","Returned: resubmit",IF(A54<TodayD,"OVERDUE",IF(A54-TodayD<=7,"Due within 7 days","")))))) | I54: 90 days after award
A55: =ClockStart+90 -> 46357 | B55: =TEXT(A55,"ddd") -> Tue | C55: A040 | D55: Security Monitoring Reports (PNSOC option) | E55: One-time | G55: =A55-TodayD -> 49 | H55: =IF(F55="Accepted","Done",IF(F55="Submitted","Awaiting Gov",IF(F55="N/A","N/A",IF(F55="Returned","Returned: resubmit",IF(A55<TodayD,"OVERDUE",IF(A55-TodayD<=7,"Due within 7 days","")))))) | I55: Only if the PNSOC option is exercised
A56: =Weekly!U3 -> 46360 | B56: =TEXT(A56,"ddd") -> Fri | C56: A007 | D56: ACAS Scans – Wk 14 | E56: Weekly | F56: =IF(Weekly!U5="","",Weekly!U5) | G56: =A56-TodayD -> 52 | H56: =IF(F56="Accepted","Done",IF(F56="Submitted","Awaiting Gov",IF(F56="N/A","N/A",IF(F56="Returned","Returned: resubmit",IF(A56<TodayD,"OVERDUE",IF(A56-TodayD<=7,"Due within 7 days",""))))))
A57: =Weekly!U3 -> 46360 | B57: =TEXT(A57,"ddd") -> Fri | C57: A019 | D57: Weekly Activity Report (WAR) – Wk 14 | E57: Weekly | F57: =IF(Weekly!U4="","",Weekly!U4) | G57: =A57-TodayD -> 52 | H57: =IF(F57="Accepted","Done",IF(F57="Submitted","Awaiting Gov",IF(F57="N/A","N/A",IF(F57="Returned","Returned: resubmit",IF(A57<TodayD,"OVERDUE",IF(A57-TodayD<=7,"Due within 7 days",""))))))
A58: =Monthly!J3 -> 46363 | B58: =TEXT(A58,"ddd") -> Mon | C58: A017 | D58: Integrated Master Schedule – Nov 2026 | E58: Monthly | F58: =IF(Monthly!J4="","",Monthly!J4) | G58: =A58-TodayD -> 55 | H58: =IF(F58="Accepted","Done",IF(F58="Submitted","Awaiting Gov",IF(F58="N/A","N/A",IF(F58="Returned","Returned: resubmit",IF(A58<TodayD,"OVERDUE",IF(A58-TodayD<=7,"Due within 7 days",""))))))
A59: =Monthly!J3 -> 46363 | B59: =TEXT(A59,"ddd") -> Mon | C59: A018 | D59: Monthly Progress Report (MPR) (including Invoice Data, ODC Data, Travel Data) – Nov 2026 | E59: Monthly | F59: =IF(Monthly!J5="","",Monthly!J5) | G59: =A59-TodayD -> 55 | H59: =IF(F59="Accepted","Done",IF(F59="Submitted","Awaiting Gov",IF(F59="N/A","N/A",IF(F59="Returned","Returned: resubmit",IF(A59<TodayD,"OVERDUE",IF(A59-TodayD<=7,"Due within 7 days",""))))))
A60: =Monthly!J3 -> 46363 | B60: =TEXT(A60,"ddd") -> Mon | C60: A020 | D60: Technical Library Documentation Report – Nov 2026 | E60: Monthly | F60: =IF(Monthly!J6="","",Monthly!J6) | G60: =A60-TodayD -> 55 | H60: =IF(F60="Accepted","Done",IF(F60="Submitted","Awaiting Gov",IF(F60="N/A","N/A",IF(F60="Returned","Returned: resubmit",IF(A60<TodayD,"OVERDUE",IF(A60-TodayD<=7,"Due within 7 days",""))))))
A61: =Monthly!J3 -> 46363 | B61: =TEXT(A61,"ddd") -> Mon | C61: A021 | D61: Technical Briefing/ Presentation – Nov 2026 | E61: Monthly | F61: =IF(Monthly!J7="","",Monthly!J7) | G61: =A61-TodayD -> 55 | H61: =IF(F61="Accepted","Done",IF(F61="Submitted","Awaiting Gov",IF(F61="N/A","N/A",IF(F61="Returned","Returned: resubmit",IF(A61<TodayD,"OVERDUE",IF(A61-TodayD<=7,"Due within 7 days",""))))))
A62: =Weekly!V3 -> 46367 | B62: =TEXT(A62,"ddd") -> Fri | C62: A007 | D62: ACAS Scans – Wk 15 | E62: Weekly | F62: =IF(Weekly!V5="","",Weekly!V5) | G62: =A62-TodayD -> 59 | H62: =IF(F62="Accepted","Done",IF(F62="Submitted","Awaiting Gov",IF(F62="N/A","N/A",IF(F62="Returned","Returned: resubmit",IF(A62<TodayD,"OVERDUE",IF(A62-TodayD<=7,"Due within 7 days",""))))))
A63: =Weekly!V3 -> 46367 | B63: =TEXT(A63,"ddd") -> Fri | C63: A019 | D63: Weekly Activity Report (WAR) – Wk 15 | E63: Weekly | F63: =IF(Weekly!V4="","",Weekly!V4) | G63: =A63-TodayD -> 59 | H63: =IF(F63="Accepted","Done",IF(F63="Submitted","Awaiting Gov",IF(F63="N/A","N/A",IF(F63="Returned","Returned: resubmit",IF(A63<TodayD,"OVERDUE",IF(A63-TodayD<=7,"Due within 7 days",""))))))
A64: =Weekly!W3 -> 46374 | B64: =TEXT(A64,"ddd") -> Fri | C64: A007 | D64: ACAS Scans – Wk 16 | E64: Weekly | F64: =IF(Weekly!W5="","",Weekly!W5) | G64: =A64-TodayD -> 66 | H64: =IF(F64="Accepted","Done",IF(F64="Submitted","Awaiting Gov",IF(F64="N/A","N/A",IF(F64="Returned","Returned: resubmit",IF(A64<TodayD,"OVERDUE",IF(A64-TodayD<=7,"Due within 7 days",""))))))
A65: =Weekly!W3 -> 46374 | B65: =TEXT(A65,"ddd") -> Fri | C65: A019 | D65: Weekly Activity Report (WAR) – Wk 16 | E65: Weekly | F65: =IF(Weekly!W4="","",Weekly!W4) | G65: =A65-TodayD -> 66 | H65: =IF(F65="Accepted","Done",IF(F65="Submitted","Awaiting Gov",IF(F65="N/A","N/A",IF(F65="Returned","Returned: resubmit",IF(A65<TodayD,"OVERDUE",IF(A65-TodayD<=7,"Due within 7 days",""))))))
A66: =Weekly!X3 -> 46381 | B66: =TEXT(A66,"ddd") -> Fri | C66: A007 | D66: ACAS Scans – Wk 17 | E66: Weekly | F66: =IF(Weekly!X5="","",Weekly!X5) | G66: =A66-TodayD -> 73 | H66: =IF(F66="Accepted","Done",IF(F66="Submitted","Awaiting Gov",IF(F66="N/A","N/A",IF(F66="Returned","Returned: resubmit",IF(A66<TodayD,"OVERDUE",IF(A66-TodayD<=7,"Due within 7 days",""))))))
A67: =Weekly!X3 -> 46381 | B67: =TEXT(A67,"ddd") -> Fri | C67: A019 | D67: Weekly Activity Report (WAR) – Wk 17 | E67: Weekly | F67: =IF(Weekly!X4="","",Weekly!X4) | G67: =A67-TodayD -> 73 | H67: =IF(F67="Accepted","Done",IF(F67="Submitted","Awaiting Gov",IF(F67="N/A","N/A",IF(F67="Returned","Returned: resubmit",IF(A67<TodayD,"OVERDUE",IF(A67-TodayD<=7,"Due within 7 days",""))))))
A68: =Weekly!Y3 -> 46388 | B68: =TEXT(A68,"ddd") -> Fri | C68: A007 | D68: ACAS Scans – Wk 18 | E68: Weekly | F68: =IF(Weekly!Y5="","",Weekly!Y5) | G68: =A68-TodayD -> 80 | H68: =IF(F68="Accepted","Done",IF(F68="Submitted","Awaiting Gov",IF(F68="N/A","N/A",IF(F68="Returned","Returned: resubmit",IF(A68<TodayD,"OVERDUE",IF(A68-TodayD<=7,"Due within 7 days",""))))))
A69: =Weekly!Y3 -> 46388 | B69: =TEXT(A69,"ddd") -> Fri | C69: A019 | D69: Weekly Activity Report (WAR) – Wk 18 | E69: Weekly | F69: =IF(Weekly!Y4="","",Weekly!Y4) | G69: =A69-TodayD -> 80 | H69: =IF(F69="Accepted","Done",IF(F69="Submitted","Awaiting Gov",IF(F69="N/A","N/A",IF(F69="Returned","Returned: resubmit",IF(A69<TodayD,"OVERDUE",IF(A69-TodayD<=7,"Due within 7 days",""))))))
A70: =BaseEnd-120 -> 46390 | B70: =TEXT(A70,"ddd") -> Sun | C70: A042 | D70: Transition-Out Plan – base year only | E70: One-time | G70: =A70-TodayD -> 82 | H70: =IF(F70="Accepted","Done",IF(F70="Submitted","Awaiting Gov",IF(F70="N/A","N/A",IF(F70="Returned","Returned: resubmit",IF(A70<TodayD,"OVERDUE",IF(A70-TodayD<=7,"Due within 7 days","")))))) | I70: Body: 120 days before end. Table says T-30 (=BaseEnd-30)
A71: =Quarterly!I3 -> 46394 | B71: =TEXT(A71,"ddd") -> Thu | C71: A006 | D71: STIG/SRG Checklists – Qtr ending 31 Dec 2026 | E71: Quarterly | F71: =IF(Quarterly!I4="","",Quarterly!I4) | G71: =A71-TodayD -> 86 | H71: =IF(F71="Accepted","Done",IF(F71="Submitted","Awaiting Gov",IF(F71="N/A","N/A",IF(F71="Returned","Returned: resubmit",IF(A71<TodayD,"OVERDUE",IF(A71-TodayD<=7,"Due within 7 days",""))))))
A72: =Quarterly!I3 -> 46394 | B72: =TEXT(A72,"ddd") -> Thu | C72: A012 | D72: Security Monitoring Reports – Qtr ending 31 Dec 2026 | E72: Quarterly | F72: =IF(Quarterly!I5="","",Quarterly!I5) | G72: =A72-TodayD -> 86 | H72: =IF(F72="Accepted","Done",IF(F72="Submitted","Awaiting Gov",IF(F72="N/A","N/A",IF(F72="Returned","Returned: resubmit",IF(A72<TodayD,"OVERDUE",IF(A72-TodayD<=7,"Due within 7 days",""))))))
A73: =Quarterly!I3 -> 46394 | B73: =TEXT(A73,"ddd") -> Thu | C73: A013 | D73: Vulnerability Scan Reports – Qtr ending 31 Dec 2026 | E73: Quarterly | F73: =IF(Quarterly!I6="","",Quarterly!I6) | G73: =A73-TodayD -> 86 | H73: =IF(F73="Accepted","Done",IF(F73="Submitted","Awaiting Gov",IF(F73="N/A","N/A",IF(F73="Returned","Returned: resubmit",IF(A73<TodayD,"OVERDUE",IF(A73-TodayD<=7,"Due within 7 days",""))))))
A74: =Monthly!K3 -> 46394 | B74: =TEXT(A74,"ddd") -> Thu | C74: A017 | D74: Integrated Master Schedule – Dec 2026 | E74: Monthly | F74: =IF(Monthly!K4="","",Monthly!K4) | G74: =A74-TodayD -> 86 | H74: =IF(F74="Accepted","Done",IF(F74="Submitted","Awaiting Gov",IF(F74="N/A","N/A",IF(F74="Returned","Returned: resubmit",IF(A74<TodayD,"OVERDUE",IF(A74-TodayD<=7,"Due within 7 days",""))))))
A75: =Monthly!K3 -> 46394 | B75: =TEXT(A75,"ddd") -> Thu | C75: A018 | D75: Monthly Progress Report (MPR) (including Invoice Data, ODC Data, Travel Data) – Dec 2026 | E75: Monthly | F75: =IF(Monthly!K5="","",Monthly!K5) | G75: =A75-TodayD -> 86 | H75: =IF(F75="Accepted","Done",IF(F75="Submitted","Awaiting Gov",IF(F75="N/A","N/A",IF(F75="Returned","Returned: resubmit",IF(A75<TodayD,"OVERDUE",IF(A75-TodayD<=7,"Due within 7 days",""))))))
A76: =Monthly!K3 -> 46394 | B76: =TEXT(A76,"ddd") -> Thu | C76: A020 | D76: Technical Library Documentation Report – Dec 2026 | E76: Monthly | F76: =IF(Monthly!K6="","",Monthly!K6) | G76: =A76-TodayD -> 86 | H76: =IF(F76="Accepted","Done",IF(F76="Submitted","Awaiting Gov",IF(F76="N/A","N/A",IF(F76="Returned","Returned: resubmit",IF(A76<TodayD,"OVERDUE",IF(A76-TodayD<=7,"Due within 7 days",""))))))
A77: =Monthly!K3 -> 46394 | B77: =TEXT(A77,"ddd") -> Thu | C77: A021 | D77: Technical Briefing/ Presentation – Dec 2026 | E77: Monthly | F77: =IF(Monthly!K7="","",Monthly!K7) | G77: =A77-TodayD -> 86 | H77: =IF(F77="Accepted","Done",IF(F77="Submitted","Awaiting Gov",IF(F77="N/A","N/A",IF(F77="Returned","Returned: resubmit",IF(A77<TodayD,"OVERDUE",IF(A77-TodayD<=7,"Due within 7 days",""))))))
A78: =Weekly!Z3 -> 46395 | B78: =TEXT(A78,"ddd") -> Fri | C78: A007 | D78: ACAS Scans – Wk 19 | E78: Weekly | F78: =IF(Weekly!Z5="","",Weekly!Z5) | G78: =A78-TodayD -> 87 | H78: =IF(F78="Accepted","Done",IF(F78="Submitted","Awaiting Gov",IF(F78="N/A","N/A",IF(F78="Returned","Returned: resubmit",IF(A78<TodayD,"OVERDUE",IF(A78-TodayD<=7,"Due within 7 days",""))))))
A79: =Weekly!Z3 -> 46395 | B79: =TEXT(A79,"ddd") -> Fri | C79: A019 | D79: Weekly Activity Report (WAR) – Wk 19 | E79: Weekly | F79: =IF(Weekly!Z4="","",Weekly!Z4) | G79: =A79-TodayD -> 87 | H79: =IF(F79="Accepted","Done",IF(F79="Submitted","Awaiting Gov",IF(F79="N/A","N/A",IF(F79="Returned","Returned: resubmit",IF(A79<TodayD,"OVERDUE",IF(A79-TodayD<=7,"Due within 7 days",""))))))
A80: =Weekly!AA3 -> 46402 | B80: =TEXT(A80,"ddd") -> Fri | C80: A007 | D80: ACAS Scans – Wk 20 | E80: Weekly | F80: =IF(Weekly!AA5="","",Weekly!AA5) | G80: =A80-TodayD -> 94 | H80: =IF(F80="Accepted","Done",IF(F80="Submitted","Awaiting Gov",IF(F80="N/A","N/A",IF(F80="Returned","Returned: resubmit",IF(A80<TodayD,"OVERDUE",IF(A80-TodayD<=7,"Due within 7 days",""))))))
A81: =Weekly!AA3 -> 46402 | B81: =TEXT(A81,"ddd") -> Fri | C81: A019 | D81: Weekly Activity Report (WAR) – Wk 20 | E81: Weekly | F81: =IF(Weekly!AA4="","",Weekly!AA4) | G81: =A81-TodayD -> 94 | H81: =IF(F81="Accepted","Done",IF(F81="Submitted","Awaiting Gov",IF(F81="N/A","N/A",IF(F81="Returned","Returned: resubmit",IF(A81<TodayD,"OVERDUE",IF(A81-TodayD<=7,"Due within 7 days",""))))))
A82: =Weekly!AB3 -> 46409 | B82: =TEXT(A82,"ddd") -> Fri | C82: A007 | D82: ACAS Scans – Wk 21 | E82: Weekly | F82: =IF(Weekly!AB5="","",Weekly!AB5) | G82: =A82-TodayD -> 101 | H82: =IF(F82="Accepted","Done",IF(F82="Submitted","Awaiting Gov",IF(F82="N/A","N/A",IF(F82="Returned","Returned: resubmit",IF(A82<TodayD,"OVERDUE",IF(A82-TodayD<=7,"Due within 7 days",""))))))
A83: =Weekly!AB3 -> 46409 | B83: =TEXT(A83,"ddd") -> Fri | C83: A019 | D83: Weekly Activity Report (WAR) – Wk 21 | E83: Weekly | F83: =IF(Weekly!AB4="","",Weekly!AB4) | G83: =A83-TodayD -> 101 | H83: =IF(F83="Accepted","Done",IF(F83="Submitted","Awaiting Gov",IF(F83="N/A","N/A",IF(F83="Returned","Returned: resubmit",IF(A83<TodayD,"OVERDUE",IF(A83-TodayD<=7,"Due within 7 days",""))))))
A84: =Weekly!AC3 -> 46416 | B84: =TEXT(A84,"ddd") -> Fri | C84: A007 | D84: ACAS Scans – Wk 22 | E84: Weekly | F84: =IF(Weekly!AC5="","",Weekly!AC5) | G84: =A84-TodayD -> 108 | H84: =IF(F84="Accepted","Done",IF(F84="Submitted","Awaiting Gov",IF(F84="N/A","N/A",IF(F84="Returned","Returned: resubmit",IF(A84<TodayD,"OVERDUE",IF(A84-TodayD<=7,"Due within 7 days",""))))))
A85: =Weekly!AC3 -> 46416 | B85: =TEXT(A85,"ddd") -> Fri | C85: A019 | D85: Weekly Activity Report (WAR) – Wk 22 | E85: Weekly | F85: =IF(Weekly!AC4="","",Weekly!AC4) | G85: =A85-TodayD -> 108 | H85: =IF(F85="Accepted","Done",IF(F85="Submitted","Awaiting Gov",IF(F85="N/A","N/A",IF(F85="Returned","Returned: resubmit",IF(A85<TodayD,"OVERDUE",IF(A85-TodayD<=7,"Due within 7 days",""))))))
A86: =Weekly!AD3 -> 46423 | B86: =TEXT(A86,"ddd") -> Fri | C86: A007 | D86: ACAS Scans – Wk 23 | E86: Weekly | F86: =IF(Weekly!AD5="","",Weekly!AD5) | G86: =A86-TodayD -> 115 | H86: =IF(F86="Accepted","Done",IF(F86="Submitted","Awaiting Gov",IF(F86="N/A","N/A",IF(F86="Returned","Returned: resubmit",IF(A86<TodayD,"OVERDUE",IF(A86-TodayD<=7,"Due within 7 days",""))))))
A87: =Monthly!L3 -> 46423 | B87: =TEXT(A87,"ddd") -> Fri | C87: A017 | D87: Integrated Master Schedule – Jan 2027 | E87: Monthly | F87: =IF(Monthly!L4="","",Monthly!L4) | G87: =A87-TodayD -> 115 | H87: =IF(F87="Accepted","Done",IF(F87="Submitted","Awaiting Gov",IF(F87="N/A","N/A",IF(F87="Returned","Returned: resubmit",IF(A87<TodayD,"OVERDUE",IF(A87-TodayD<=7,"Due within 7 days",""))))))
A88: =Monthly!L3 -> 46423 | B88: =TEXT(A88,"ddd") -> Fri | C88: A018 | D88: Monthly Progress Report (MPR) (including Invoice Data, ODC Data, Travel Data) – Jan 2027 | E88: Monthly | F88: =IF(Monthly!L5="","",Monthly!L5) | G88: =A88-TodayD -> 115 | H88: =IF(F88="Accepted","Done",IF(F88="Submitted","Awaiting Gov",IF(F88="N/A","N/A",IF(F88="Returned","Returned: resubmit",IF(A88<TodayD,"OVERDUE",IF(A88-TodayD<=7,"Due within 7 days",""))))))
A89: =Weekly!AD3 -> 46423 | B89: =TEXT(A89,"ddd") -> Fri | C89: A019 | D89: Weekly Activity Report (WAR) – Wk 23 | E89: Weekly | F89: =IF(Weekly!AD4="","",Weekly!AD4) | G89: =A89-TodayD -> 115 | H89: =IF(F89="Accepted","Done",IF(F89="Submitted","Awaiting Gov",IF(F89="N/A","N/A",IF(F89="Returned","Returned: resubmit",IF(A89<TodayD,"OVERDUE",IF(A89-TodayD<=7,"Due within 7 days",""))))))
A90: =Monthly!L3 -> 46423 | B90: =TEXT(A90,"ddd") -> Fri | C90: A020 | D90: Technical Library Documentation Report – Jan 2027 | E90: Monthly | F90: =IF(Monthly!L6="","",Monthly!L6) | G90: =A90-TodayD -> 115 | H90: =IF(F90="Accepted","Done",IF(F90="Submitted","Awaiting Gov",IF(F90="N/A","N/A",IF(F90="Returned","Returned: resubmit",IF(A90<TodayD,"OVERDUE",IF(A90-TodayD<=7,"Due within 7 days",""))))))
A91: =Monthly!L3 -> 46423 | B91: =TEXT(A91,"ddd") -> Fri | C91: A021 | D91: Technical Briefing/ Presentation – Jan 2027 | E91: Monthly | F91: =IF(Monthly!L7="","",Monthly!L7) | G91: =A91-TodayD -> 115 | H91: =IF(F91="Accepted","Done",IF(F91="Submitted","Awaiting Gov",IF(F91="N/A","N/A",IF(F91="Returned","Returned: resubmit",IF(A91<TodayD,"OVERDUE",IF(A91-TodayD<=7,"Due within 7 days",""))))))
A92: =Weekly!AE3 -> 46430 | B92: =TEXT(A92,"ddd") -> Fri | C92: A007 | D92: ACAS Scans – Wk 24 | E92: Weekly | F92: =IF(Weekly!AE5="","",Weekly!AE5) | G92: =A92-TodayD -> 122 | H92: =IF(F92="Accepted","Done",IF(F92="Submitted","Awaiting Gov",IF(F92="N/A","N/A",IF(F92="Returned","Returned: resubmit",IF(A92<TodayD,"OVERDUE",IF(A92-TodayD<=7,"Due within 7 days",""))))))
A93: =Weekly!AE3 -> 46430 | B93: =TEXT(A93,"ddd") -> Fri | C93: A019 | D93: Weekly Activity Report (WAR) – Wk 24 | E93: Weekly | F93: =IF(Weekly!AE4="","",Weekly!AE4) | G93: =A93-TodayD -> 122 | H93: =IF(F93="Accepted","Done",IF(F93="Submitted","Awaiting Gov",IF(F93="N/A","N/A",IF(F93="Returned","Returned: resubmit",IF(A93<TodayD,"OVERDUE",IF(A93-TodayD<=7,"Due within 7 days",""))))))
A94: =Weekly!AF3 -> 46437 | B94: =TEXT(A94,"ddd") -> Fri | C94: A007 | D94: ACAS Scans – Wk 25 | E94: Weekly | F94: =IF(Weekly!AF5="","",Weekly!AF5) | G94: =A94-TodayD -> 129 | H94: =IF(F94="Accepted","Done",IF(F94="Submitted","Awaiting Gov",IF(F94="N/A","N/A",IF(F94="Returned","Returned: resubmit",IF(A94<TodayD,"OVERDUE",IF(A94-TodayD<=7,"Due within 7 days",""))))))
A95: =Weekly!AF3 -> 46437 | B95: =TEXT(A95,"ddd") -> Fri | C95: A019 | D95: Weekly Activity Report (WAR) – Wk 25 | E95: Weekly | F95: =IF(Weekly!AF4="","",Weekly!AF4) | G95: =A95-TodayD -> 129 | H95: =IF(F95="Accepted","Done",IF(F95="Submitted","Awaiting Gov",IF(F95="N/A","N/A",IF(F95="Returned","Returned: resubmit",IF(A95<TodayD,"OVERDUE",IF(A95-TodayD<=7,"Due within 7 days",""))))))
A96: =Weekly!AG3 -> 46444 | B96: =TEXT(A96,"ddd") -> Fri | C96: A007 | D96: ACAS Scans – Wk 26 | E96: Weekly | F96: =IF(Weekly!AG5="","",Weekly!AG5) | G96: =A96-TodayD -> 136 | H96: =IF(F96="Accepted","Done",IF(F96="Submitted","Awaiting Gov",IF(F96="N/A","N/A",IF(F96="Returned","Returned: resubmit",IF(A96<TodayD,"OVERDUE",IF(A96-TodayD<=7,"Due within 7 days",""))))))
A97: =Weekly!AG3 -> 46444 | B97: =TEXT(A97,"ddd") -> Fri | C97: A019 | D97: Weekly Activity Report (WAR) – Wk 26 | E97: Weekly | F97: =IF(Weekly!AG4="","",Weekly!AG4) | G97: =A97-TodayD -> 136 | H97: =IF(F97="Accepted","Done",IF(F97="Submitted","Awaiting Gov",IF(F97="N/A","N/A",IF(F97="Returned","Returned: resubmit",IF(A97<TodayD,"OVERDUE",IF(A97-TodayD<=7,"Due within 7 days",""))))))
A98: =Weekly!AH3 -> 46451 | B98: =TEXT(A98,"ddd") -> Fri | C98: A007 | D98: ACAS Scans – Wk 27 | E98: Weekly | F98: =IF(Weekly!AH5="","",Weekly!AH5) | G98: =A98-TodayD -> 143 | H98: =IF(F98="Accepted","Done",IF(F98="Submitted","Awaiting Gov",IF(F98="N/A","N/A",IF(F98="Returned","Returned: resubmit",IF(A98<TodayD,"OVERDUE",IF(A98-TodayD<=7,"Due within 7 days",""))))))
A99: =Monthly!M3 -> 46451 | B99: =TEXT(A99,"ddd") -> Fri | C99: A017 | D99: Integrated Master Schedule – Feb 2027 | E99: Monthly | F99: =IF(Monthly!M4="","",Monthly!M4) | G99: =A99-TodayD -> 143 | H99: =IF(F99="Accepted","Done",IF(F99="Submitted","Awaiting Gov",IF(F99="N/A","N/A",IF(F99="Returned","Returned: resubmit",IF(A99<TodayD,"OVERDUE",IF(A99-TodayD<=7,"Due within 7 days",""))))))
A100: =Monthly!M3 -> 46451 | B100: =TEXT(A100,"ddd") -> Fri | C100: A018 | D100: Monthly Progress Report (MPR) (including Invoice Data, ODC Data, Travel Data) – Feb 2027 | E100: Monthly | F100: =IF(Monthly!M5="","",Monthly!M5) | G100: =A100-TodayD -> 143 | H100: =IF(F100="Accepted","Done",IF(F100="Submitted","Awaiting Gov",IF(F100="N/A","N/A",IF(F100="Returned","Returned: resubmit",IF(A100<TodayD,"OVERDUE",IF(A100-TodayD<=7,"Due within 7 days",""))))))
A101: =Weekly!AH3 -> 46451 | B101: =TEXT(A101,"ddd") -> Fri | C101: A019 | D101: Weekly Activity Report (WAR) – Wk 27 | E101: Weekly | F101: =IF(Weekly!AH4="","",Weekly!AH4) | G101: =A101-TodayD -> 143 | H101: =IF(F101="Accepted","Done",IF(F101="Submitted","Awaiting Gov",IF(F101="N/A","N/A",IF(F101="Returned","Returned: resubmit",IF(A101<TodayD,"OVERDUE",IF(A101-TodayD<=7,"Due within 7 days",""))))))
...
